{
	"format_version": "1.12.0",
	"minecraft:geometry": [
		{
			"description": {
				"identifier": "geometry.unknown",
				"texture_width": 128,
				"texture_height": 128,
				"visible_bounds_width": 5,
				"visible_bounds_height": 3,
				"visible_bounds_offset": [0, 0.5, 0]
			},
			"bones": [
				{
					"name": "root",
					"pivot": [0, 4, 1]
				},
				{
					"name": "lh_and_mag",
					"parent": "root",
					"pivot": [0, 0, 0]
				},
				{
					"name": "lh",
					"parent": "lh_and_mag",
					"pivot": [-6, 0, 0]
				},
				{
					"name": "pickaxe",
					"parent": "lh",
					"pivot": [-6, 10.5, 0]
				},
				{
					"name": "muzzle_pos",
					"parent": "pickaxe",
					"pivot": [-6, 10.5, -8]
				},
				{
					"name": "lefthand_pos",
					"parent": "lh",
					"pivot": [0, 0, 0],
					"cubes": [
						{
							"origin": [-8, 0, -2],
							"size": [4, 12, 4],
							"uv": {
								"north": {"uv": [78, 54], "uv_size": [4, 12]},
								"east": {"uv": [0, 0], "uv_size": [4, 12]},
								"south": {"uv": [0, 0], "uv_size": [4, 12]},
								"west": {"uv": [0, 0], "uv_size": [4, 12]},
								"up": {"uv": [4, 4], "uv_size": [-4, -4]},
								"down": {"uv": [4, 4], "uv_size": [-4, -4]}
							}
						}
					]
				},
				{
					"name": "magazine",
					"parent": "lh_and_mag",
					"pivot": [0, 4, -1]
				},
				{
					"name": "mag_standard",
					"parent": "magazine",
					"pivot": [0, 0, -0.75],
					"cubes": [
						{
							"origin": [-0.87093, 2.8488, -3.40805],
							"size": [1.74186, 2.57654, 2.5751],
							"uv": {
								"north": {"uv": [28, 40], "uv_size": [5, 15]},
								"east": {"uv": [0, 0], "uv_size": [10, 15]},
								"south": {"uv": [0, 41], "uv_size": [5, 15]},
								"west": {"uv": [10, 0], "uv_size": [10, 15]},
								"up": {"uv": [59, 31], "uv_size": [5, 10]},
								"down": {"uv": [59, 51], "uv_size": [5, -10]}
							}
						},
						{
							"origin": [-1.13973, 2.58, -4.48805],
							"size": [2.27946, 0.79094, 3.1127],
							"pivot": [0, 7.32029, -1.14686],
							"rotation": [10, 0, 0],
							"uv": {
								"north": {"uv": [44, 85], "uv_size": [7, 3]},
								"east": {"uv": [66, 7], "uv_size": [12, 3]},
								"south": {"uv": [85, 48], "uv_size": [7, 3]},
								"west": {"uv": [68, 29], "uv_size": [12, 3]},
								"up": {"uv": [40, 26], "uv_size": [7, 12]},
								"down": {"uv": [40, 50], "uv_size": [7, -12]}
							}
						}
					]
				},
				{
					"name": "mag_extended_1",
					"parent": "magazine",
					"pivot": [0, -0.8, -0.75],
					"cubes": [
						{
							"origin": [-0.87093, 2.0488, -3.40805],
							"size": [1.74186, 3.37654, 2.5751],
							"uv": {
								"north": {"uv": [28, 40], "uv_size": [5, 15]},
								"east": {"uv": [0, 0], "uv_size": [10, 15]},
								"south": {"uv": [0, 41], "uv_size": [5, 15]},
								"west": {"uv": [10, 0], "uv_size": [10, 15]},
								"up": {"uv": [59, 31], "uv_size": [5, 10]},
								"down": {"uv": [59, 51], "uv_size": [5, -10]}
							}
						},
						{
							"origin": [-1.13973, 1.78, -4.48805],
							"size": [2.27946, 0.79094, 3.1127],
							"pivot": [0, 6.52029, -1.14686],
							"rotation": [10, 0, 0],
							"uv": {
								"north": {"uv": [44, 85], "uv_size": [7, 3]},
								"east": {"uv": [66, 7], "uv_size": [12, 3]},
								"south": {"uv": [85, 48], "uv_size": [7, 3]},
								"west": {"uv": [68, 29], "uv_size": [12, 3]},
								"up": {"uv": [40, 26], "uv_size": [7, 12]},
								"down": {"uv": [40, 50], "uv_size": [7, -12]}
							}
						}
					]
				},
				{
					"name": "mag_extended_2",
					"parent": "magazine",
					"pivot": [0, -1.6, -0.75],
					"cubes": [
						{
							"origin": [-0.87093, 1.2488, -3.40805],
							"size": [1.74186, 4.17654, 2.5751],
							"uv": {
								"north": {"uv": [28, 40], "uv_size": [5, 15]},
								"east": {"uv": [0, 0], "uv_size": [10, 15]},
								"south": {"uv": [0, 41], "uv_size": [5, 15]},
								"west": {"uv": [10, 0], "uv_size": [10, 15]},
								"up": {"uv": [59, 31], "uv_size": [5, 10]},
								"down": {"uv": [59, 51], "uv_size": [5, -10]}
							}
						},
						{
							"origin": [-1.13973, 0.98, -4.48805],
							"size": [2.27946, 0.79094, 3.1127],
							"pivot": [0, 5.72029, -1.14686],
							"rotation": [10, 0, 0],
							"uv": {
								"north": {"uv": [44, 85], "uv_size": [7, 3]},
								"east": {"uv": [66, 7], "uv_size": [12, 3]},
								"south": {"uv": [85, 48], "uv_size": [7, 3]},
								"west": {"uv": [68, 29], "uv_size": [12, 3]},
								"up": {"uv": [40, 26], "uv_size": [7, 12]},
								"down": {"uv": [40, 50], "uv_size": [7, -12]}
							}
						}
					]
				},
				{
					"name": "mag_extended_3",
					"parent": "magazine",
					"pivot": [0, -2.4, -0.75],
					"cubes": [
						{
							"origin": [-0.87093, 0.4488, -3.40805],
							"size": [1.74186, 4.97654, 2.5751],
							"uv": {
								"north": {"uv": [28, 40], "uv_size": [5, 15]},
								"east": {"uv": [0, 0], "uv_size": [10, 15]},
								"south": {"uv": [0, 41], "uv_size": [5, 15]},
								"west": {"uv": [10, 0], "uv_size": [10, 15]},
								"up": {"uv": [59, 31], "uv_size": [5, 10]},
								"down": {"uv": [59, 51], "uv_size": [5, -10]}
							}
						},
						{
							"origin": [-1.13973, 0.18, -4.48805],
							"size": [2.27946, 0.79094, 3.1127],
							"pivot": [0, 4.92029, -1.14686],
							"rotation": [10, 0, 0],
							"uv": {
								"north": {"uv": [44, 85], "uv_size": [7, 3]},
								"east": {"uv": [66, 7], "uv_size": [12, 3]},
								"south": {"uv": [85, 48], "uv_size": [7, 3]},
								"west": {"uv": [68, 29], "uv_size": [12, 3]},
								"up": {"uv": [40, 26], "uv_size": [7, 12]},
								"down": {"uv": [40, 50], "uv_size": [7, -12]}
							}
						}
					]
				},
				{
					"name": "rh_and_gun",
					"parent": "root",
					"pivot": [0, 0, 0]
				},
				{
					"name": "rh",
					"parent": "rh_and_gun",
					"pivot": [6, 0, 0]
				},
				{
					"name": "righthand_pos",
					"parent": "rh",
					"pivot": [0, 0, 0],
					"cubes": [
						{
							"origin": [4, 0, -2],
							"size": [4, 12, 4],
							"uv": {
								"north": {"uv": [85, 41], "uv_size": [4, 12]},
								"east": {"uv": [0, 0], "uv_size": [4, 12]},
								"south": {"uv": [0, 0], "uv_size": [4, 12]},
								"west": {"uv": [0, 0], "uv_size": [4, 12]},
								"up": {"uv": [4, 4], "uv_size": [-4, -4]},
								"down": {"uv": [4, 4], "uv_size": [-4, -4]}
							}
						}
					]
				},
				{
					"name": "btr7",
					"parent": "rh_and_gun",
					"pivot": [0, 4.3125, 1.5625],
					"cubes": [
						{
							"origin": [-0.5661, 8.67156, -12.96283],
							"size": [1.13218, 0.33765, 4.79956],
							"uv": {
								"north": {"uv": [68, 32], "uv_size": [4, 1]},
								"east": {"uv": [86, 16], "uv_size": [16, 1]},
								"south": {"uv": [76, 14], "uv_size": [4, 1]},
								"west": {"uv": [86, 17], "uv_size": [16, 1]},
								"up": {"uv": [47, 37], "uv_size": [4, 16]},
								"down": {"uv": [39, 66], "uv_size": [4, -16]}
							}
						},
						{
							"origin": [-0.5661, 7.0482, -12.96283],
							"size": [1.13218, 0.31945, 4.79956],
							"uv": {
								"north": {"uv": [80, 110], "uv_size": [4, 1]},
								"east": {"uv": [91, 25], "uv_size": [16, 1]},
								"south": {"uv": [110, 90], "uv_size": [4, 1]},
								"west": {"uv": [91, 26], "uv_size": [16, 1]},
								"up": {"uv": [24, 54], "uv_size": [4, 16]},
								"down": {"uv": [33, 70], "uv_size": [4, -16]}
							}
						},
						{
							"origin": [-0.43473, 8.7474, -12.96283],
							"size": [1.13218, 0.33765, 4.79956],
							"pivot": [0.13136, 7.95286, -5.3328],
							"rotation": [0, 0, -60],
							"uv": {
								"north": {"uv": [77, 68], "uv_size": [4, 1]},
								"east": {"uv": [87, 70], "uv_size": [16, 1]},
								"south": {"uv": [80, 20], "uv_size": [4, 1]},
								"west": {"uv": [87, 71], "uv_size": [16, 1]},
								"up": {"uv": [43, 50], "uv_size": [4, 16]},
								"down": {"uv": [51, 53], "uv_size": [4, -16]}
							}
						},
						{
							"origin": [1.01842, 7.96302, -12.96283],
							"size": [1.13218, 0.31945, 4.79956],
							"pivot": [1.58451, 7.11388, -5.3328],
							"rotation": [0, 0, -60],
							"uv": {
								"north": {"uv": [98, 90], "uv_size": [4, 1]},
								"east": {"uv": [90, 81], "uv_size": [16, 1]},
								"south": {"uv": [99, 2], "uv_size": [4, 1]},
								"west": {"uv": [91, 6], "uv_size": [16, 1]},
								"up": {"uv": [47, 53], "uv_size": [4, 16]},
								"down": {"uv": [51, 69], "uv_size": [4, -16]}
							}
						},
						{
							"origin": [-0.69746, 8.7656, -12.96283],
							"size": [1.13218, 0.31945, 4.79956],
							"pivot": [-0.13136, 7.95286, -5.3328],
							"rotation": [0, 0, 60],
							"uv": {
								"north": {"uv": [83, 67], "uv_size": [4, 1]},
								"east": {"uv": [90, 47], "uv_size": [16, 1]},
								"south": {"uv": [85, 63], "uv_size": [4, 1]},
								"west": {"uv": [90, 54], "uv_size": [16, 1]},
								"up": {"uv": [52, 5], "uv_size": [4, 16]},
								"down": {"uv": [53, 37], "uv_size": [4, -16]}
							}
						},
						{
							"origin": [-2.15061, 7.96302, -12.96283],
							"size": [1.13218, 0.33765, 4.79956],
							"pivot": [-1.58451, 7.11388, -5.3328],
							"rotation": [0, 0, 60],
							"uv": {
								"north": {"uv": [80, 109], "uv_size": [4, 1]},
								"east": {"uv": [91, 23], "uv_size": [16, 1]},
								"south": {"uv": [38, 110], "uv_size": [4, 1]},
								"west": {"uv": [91, 24], "uv_size": [16, 1]},
								"up": {"uv": [16, 54], "uv_size": [4, 16]},
								"down": {"uv": [20, 70], "uv_size": [4, -16]}
							}
						},
						{
							"origin": [-0.28305, 10.21783, -6.95726],
							"size": [0.5661, 0.09602, 0.64348],
							"uv": {
								"north": {"uv": [32, 113], "uv_size": [2, 1]},
								"east": {"uv": [113, 32], "uv_size": [2, 1]},
								"south": {"uv": [113, 33], "uv_size": [2, 1]},
								"west": {"uv": [34, 113], "uv_size": [2, 1]},
								"up": {"uv": [111, 69], "uv_size": [2, 2]},
								"down": {"uv": [70, 113], "uv_size": [2, -2]}
							}
						},
						{
							"origin": [-0.21737, 10.25575, -6.95726],
							"size": [0.5661, 0.09602, 0.64348],
							"pivot": [0.06568, 9.78568, -3.14225],
							"rotation": [0, 0, -60],
							"uv": {
								"north": {"uv": [113, 29], "uv_size": [2, 1]},
								"east": {"uv": [30, 113], "uv_size": [2, 1]},
								"south": {"uv": [113, 30], "uv_size": [2, 1]},
								"west": {"uv": [113, 31], "uv_size": [2, 1]},
								"up": {"uv": [66, 111], "uv_size": [2, 2]},
								"down": {"uv": [68, 113], "uv_size": [2, -2]}
							}
						},
						{
							"origin": [-0.34873, 10.26485, -6.95726],
							"size": [0.5661, 0.08692, 0.64348],
							"pivot": [-0.06568, 9.78568, -3.14225],
							"rotation": [0, 0, 60],
							"uv": {
								"north": {"uv": [22, 113], "uv_size": [2, 1]},
								"east": {"uv": [24, 113], "uv_size": [2, 1]},
								"south": {"uv": [26, 113], "uv_size": [2, 1]},
								"west": {"uv": [28, 113], "uv_size": [2, 1]},
								"up": {"uv": [62, 111], "uv_size": [2, 2]},
								"down": {"uv": [64, 113], "uv_size": [2, -2]}
							}
						},
						{
							"origin": [0.50921, 9.79076, -6.95726],
							"size": [0.5661, 0.08692, 0.64348],
							"pivot": [0.79226, 9.36619, -3.14225],
							"rotation": [0, 0, -60],
							"uv": {
								"north": {"uv": [113, 17], "uv_size": [2, 1]},
								"east": {"uv": [18, 113], "uv_size": [2, 1]},
								"south": {"uv": [113, 18], "uv_size": [2, 1]},
								"west": {"uv": [20, 113], "uv_size": [2, 1]},
								"up": {"uv": [111, 58], "uv_size": [2, 2]},
								"down": {"uv": [60, 113], "uv_size": [2, -2]}
							}
						},
						{
							"origin": [-1.0753, 9.79076, -6.95726],
							"size": [0.5661, 0.08692, 0.64348],
							"pivot": [-0.79226, 9.36619, -3.14225],
							"rotation": [0, 0, 60],
							"uv": {
								"north": {"uv": [113, 14], "uv_size": [2, 1]},
								"east": {"uv": [113, 15], "uv_size": [2, 1]},
								"south": {"uv": [16, 113], "uv_size": [2, 1]},
								"west": {"uv": [113, 16], "uv_size": [2, 1]},
								"up": {"uv": [111, 56], "uv_size": [2, 2]},
								"down": {"uv": [58, 113], "uv_size": [2, -2]}
							}
						},
						{
							"origin": [-0.28305, 9.33335, -6.95726],
							"size": [0.5661, 0.08692, 0.64348],
							"uv": {
								"north": {"uv": [12, 113], "uv_size": [2, 1]},
								"east": {"uv": [113, 12], "uv_size": [2, 1]},
								"south": {"uv": [113, 13], "uv_size": [2, 1]},
								"west": {"uv": [14, 113], "uv_size": [2, 1]},
								"up": {"uv": [44, 111], "uv_size": [2, 2]},
								"down": {"uv": [56, 113], "uv_size": [2, -2]}
							}
						},
						{
							"origin": [-0.37739, 8.08988, -8.27531],
							"size": [0.75479, 0.5891, 1.27961],
							"uv": {
								"north": {"uv": [36, 107], "uv_size": [3, 2]},
								"east": {"uv": [104, 88], "uv_size": [4, 2]},
								"south": {"uv": [107, 90], "uv_size": [3, 2]},
								"west": {"uv": [105, 0], "uv_size": [4, 2]},
								"up": {"uv": [92, 97], "uv_size": [3, 4]},
								"down": {"uv": [95, 101], "uv_size": [3, -4]}
							}
						},
						{
							"origin": [-1.14107, 4.8663, -7.23725],
							"size": [2.28214, 4.22386, 1.2973],
							"uv": {
								"north": {"uv": [34, 28], "uv_size": [6, 15]},
								"east": {"uv": [55, 53], "uv_size": [4, 15]},
								"south": {"uv": [36, 6], "uv_size": [6, 15]},
								"west": {"uv": [0, 56], "uv_size": [4, 15]},
								"up": {"uv": [77, 64], "uv_size": [6, 4]},
								"down": {"uv": [78, 9], "uv_size": [6, -4]}
							}
						},
						{
							"origin": [-0.84987, 9.09016, -7.23725],
							"size": [1.69974, 0.2912, 1.2973],
							"uv": {
								"north": {"uv": [111, 11], "uv_size": [4, 1]},
								"east": {"uv": [111, 22], "uv_size": [4, 1]},
								"south": {"uv": [111, 45], "uv_size": [4, 1]},
								"west": {"uv": [111, 46], "uv_size": [4, 1]},
								"up": {"uv": [33, 92], "uv_size": [4, 4]},
								"down": {"uv": [44, 96], "uv_size": [4, -4]}
							}
						},
						{
							"origin": [-0.84987, 6.9388, -10.01064],
							"size": [1.69974, 0.2912, 0.2912],
							"pivot": [0, 4.95791, -6.02702],
							"rotation": [-45, 0, 0],
							"uv": {
								"north": {"uv": [111, 47], "uv_size": [4, 1]},
								"east": {"uv": [35, 103], "uv_size": [1, 1]},
								"south": {"uv": [48, 111], "uv_size": [4, 1]},
								"west": {"uv": [57, 103], "uv_size": [1, 1]},
								"up": {"uv": [111, 48], "uv_size": [4, 1]},
								"down": {"uv": [111, 50], "uv_size": [4, -1]}
							}
						},
						{
							"origin": [-0.84987, 6.9388, -8.71334],
							"size": [1.69974, 0.2912, 0.2912],
							"pivot": [4.8958, 4.95791, -4.72972],
							"rotation": [-45, 0, 0],
							"uv": {
								"north": {"uv": [52, 111], "uv_size": [4, 1]},
								"east": {"uv": [68, 103], "uv_size": [1, 1]},
								"south": {"uv": [111, 52], "uv_size": [4, 1]},
								"west": {"uv": [103, 71], "uv_size": [1, 1]},
								"up": {"uv": [111, 53], "uv_size": [4, 1]},
								"down": {"uv": [111, 56], "uv_size": [4, -1]}
							}
						},
						{
							"origin": [-0.92267, 3.9745, -8.18365],
							"size": [1.84534, 2.38566, 2.9899],
							"uv": {
								"north": {"uv": [59, 67], "uv_size": [5, 8]},
								"east": {"uv": [42, 5], "uv_size": [10, 8]},
								"south": {"uv": [68, 21], "uv_size": [5, 8]},
								"west": {"uv": [42, 13], "uv_size": [10, 8]},
								"up": {"uv": [10, 57], "uv_size": [5, 10]},
								"down": {"uv": [57, 31], "uv_size": [5, -10]}
							}
						},
						{
							"origin": [-0.92267, 3.9745, -3.52445],
							"size": [1.84534, 1.73046, 0.4601],
							"uv": {
								"north": {"uv": [55, 75], "uv_size": [5, 6]},
								"east": {"uv": [2, 102], "uv_size": [2, 6]},
								"south": {"uv": [60, 75], "uv_size": [5, 6]},
								"west": {"uv": [4, 102], "uv_size": [2, 6]},
								"up": {"uv": [103, 41], "uv_size": [5, 2]},
								"down": {"uv": [103, 71], "uv_size": [5, -2]}
							}
						},
						{
							"origin": [-0.92267, 4.5569, -5.21196],
							"size": [1.84534, 1.14806, 1.6977],
							"uv": {
								"north": {"uv": [5, 86], "uv_size": [5, 4]},
								"east": {"uv": [22, 82], "uv_size": [6, 4]},
								"south": {"uv": [86, 12], "uv_size": [5, 4]},
								"west": {"uv": [82, 37], "uv_size": [6, 4]},
								"up": {"uv": [65, 75], "uv_size": [5, 6]},
								"down": {"uv": [75, 80], "uv_size": [5, -6]}
							}
						},
						{
							"origin": [-0.92267, 4.97207, -7.22694],
							"size": [1.84534, 0.8736, 0.5824],
							"pivot": [0, 8.94258, -4.17152],
							"rotation": [45, 0, 0],
							"uv": {
								"north": {"uv": [94, 0], "uv_size": [5, 3]},
								"east": {"uv": [63, 108], "uv_size": [2, 3]},
								"south": {"uv": [94, 35], "uv_size": [5, 3]},
								"west": {"uv": [65, 108], "uv_size": [2, 3]},
								"up": {"uv": [103, 94], "uv_size": [5, 2]},
								"down": {"uv": [103, 98], "uv_size": [5, -2]}
							}
						},
						{
							"origin": [-0.92267, 4.97207, -8.89624],
							"size": [1.84534, 0.5824, 0.8736],
							"pivot": [0, 8.94258, -5.84083],
							"rotation": [45, 0, 0],
							"uv": {
								"north": {"uv": [103, 98], "uv_size": [5, 2]},
								"east": {"uv": [67, 108], "uv_size": [3, 2]},
								"south": {"uv": [102, 103], "uv_size": [5, 2]},
								"west": {"uv": [108, 69], "uv_size": [3, 2]},
								"up": {"uv": [94, 38], "uv_size": [5, 3]},
								"down": {"uv": [95, 58], "uv_size": [5, -3]}
							}
						},
						{
							"origin": [-0.92267, 6.32818, -12.09205],
							"size": [1.84534, 0.5824, 0.8736],
							"pivot": [0, 10.29869, -9.03664],
							"rotation": [45, 0, 0],
							"uv": {
								"north": {"uv": [8, 104], "uv_size": [5, 2]},
								"east": {"uv": [108, 88], "uv_size": [3, 2]},
								"south": {"uv": [13, 104], "uv_size": [5, 2]},
								"west": {"uv": [90, 108], "uv_size": [3, 2]},
								"up": {"uv": [95, 58], "uv_size": [5, 3]},
								"down": {"uv": [95, 64], "uv_size": [5, -3]}
							}
						},
						{
							"origin": [-0.92267, 4.32283, -8.80138],
							"size": [1.84534, 1.4196, 0.6188],
							"uv": {
								"north": {"uv": [77, 48], "uv_size": [5, 5]},
								"east": {"uv": [18, 21], "uv_size": [2, 5]},
								"south": {"uv": [77, 53], "uv_size": [5, 5]},
								"west": {"uv": [37, 61], "uv_size": [2, 5]},
								"up": {"uv": [18, 104], "uv_size": [5, 2]},
								"down": {"uv": [104, 29], "uv_size": [5, -2]}
							}
						},
						{
							"origin": [-0.92267, 3.61303, -8.80138],
							"size": [1.84534, 0.7098, 0.6188],
							"pivot": [-0.67267, 4.32283, -8.80138],
							"rotation": [61, 0, 0],
							"uv": {
								"north": {"uv": [48, 104], "uv_size": [5, 2]},
								"east": {"uv": [111, 33], "uv_size": [2, 2]},
								"south": {"uv": [53, 104], "uv_size": [5, 2]},
								"west": {"uv": [111, 35], "uv_size": [2, 2]},
								"up": {"uv": [104, 55], "uv_size": [5, 2]},
								"down": {"uv": [104, 59], "uv_size": [5, -2]}
							}
						},
						{
							"origin": [-0.79163, 8.01126, -4.59461],
							"size": [1.58326, 0.79498, 2.01802],
							"uv": {
								"north": {"uv": [12, 67], "uv_size": [4, 3]},
								"east": {"uv": [82, 55], "uv_size": [7, 3]},
								"south": {"uv": [96, 64], "uv_size": [4, 3]},
								"west": {"uv": [83, 9], "uv_size": [7, 3]},
								"up": {"uv": [28, 76], "uv_size": [4, 7]},
								"down": {"uv": [32, 83], "uv_size": [4, -7]}
							}
						},
						{
							"origin": [-0.79163, 5.89278, -3.10949],
							"size": [1.58326, 1.60306, 4.66066],
							"uv": {
								"north": {"uv": [36, 80], "uv_size": [4, 6]},
								"east": {"uv": [18, 28], "uv_size": [16, 6]},
								"south": {"uv": [40, 80], "uv_size": [4, 6]},
								"west": {"uv": [18, 34], "uv_size": [16, 6]},
								"up": {"uv": [28, 55], "uv_size": [4, 16]},
								"down": {"uv": [55, 53], "uv_size": [4, -16]}
							}
						},
						{
							"origin": [-1.14107, 4.8663, -5.93996],
							"size": [2.28214, 3.17554, 2.8261],
							"uv": {
								"north": {"uv": [33, 43], "uv_size": [6, 11]},
								"east": {"uv": [26, 6], "uv_size": [10, 11]},
								"south": {"uv": [47, 26], "uv_size": [6, 11]},
								"west": {"uv": [26, 17], "uv_size": [10, 11]},
								"up": {"uv": [56, 5], "uv_size": [6, 10]},
								"down": {"uv": [4, 67], "uv_size": [6, -10]}
							}
						},
						{
							"origin": [-1.14107, 5.8491, 1.17425],
							"size": [2.28214, 1.60306, 5.81818],
							"uv": {
								"north": {"uv": [45, 69], "uv_size": [6, 6]},
								"east": {"uv": [0, 15], "uv_size": [20, 6]},
								"south": {"uv": [51, 69], "uv_size": [6, 6]},
								"west": {"uv": [20, 0], "uv_size": [20, 6]},
								"up": {"uv": [20, 6], "uv_size": [6, 20]},
								"down": {"uv": [0, 41], "uv_size": [6, -20]}
							}
						},
						{
							"origin": [-1.14107, 5.83832, 6.9857],
							"size": [2.28214, 1.2973, 1.1881],
							"uv": {
								"north": {"uv": [76, 80], "uv_size": [6, 4]},
								"east": {"uv": [74, 91], "uv_size": [4, 4]},
								"south": {"uv": [44, 81], "uv_size": [6, 4]},
								"west": {"uv": [87, 91], "uv_size": [4, 4]},
								"up": {"uv": [50, 81], "uv_size": [6, 4]},
								"down": {"uv": [56, 85], "uv_size": [6, -4]}
							}
						},
						{
							"origin": [-1.14107, 7.42158, -2.70764],
							"size": [2.28214, 1.01338, 5.42506],
							"uv": {
								"north": {"uv": [86, 72], "uv_size": [6, 3]},
								"east": {"uv": [56, 15], "uv_size": [19, 3]},
								"south": {"uv": [86, 75], "uv_size": [6, 3]},
								"west": {"uv": [56, 18], "uv_size": [19, 3]},
								"up": {"uv": [6, 21], "uv_size": [6, 19]},
								"down": {"uv": [12, 40], "uv_size": [6, -19]}
							}
						},
						{
							"origin": [-1.14107, 4.8663, -3.11386],
							"size": [2.28214, 1.01338, 4.11466],
							"uv": {
								"north": {"uv": [88, 38], "uv_size": [6, 3]},
								"east": {"uv": [62, 12], "uv_size": [14, 3]},
								"south": {"uv": [40, 88], "uv_size": [6, 3]},
								"west": {"uv": [64, 45], "uv_size": [14, 3]},
								"up": {"uv": [16, 40], "uv_size": [6, 14]},
								"down": {"uv": [22, 54], "uv_size": [6, -14]}
							}
						},
						{
							"origin": [-1.14107, 8.04184, -2.54602],
							"size": [2.28214, 1.07016, 0.93912],
							"uv": {
								"north": {"uv": [78, 21], "uv_size": [6, 4]},
								"east": {"uv": [2, 98], "uv_size": [3, 4]},
								"south": {"uv": [78, 25], "uv_size": [6, 4]},
								"west": {"uv": [5, 98], "uv_size": [3, 4]},
								"up": {"uv": [85, 82], "uv_size": [6, 3]},
								"down": {"uv": [22, 89], "uv_size": [6, -3]}
							}
						},
						{
							"origin": [-1.14107, 7.39367, -2.54504],
							"size": [2.28214, 1.37592, 0.93912],
							"pivot": [0, 8.93994, -1.90294],
							"rotation": [60, 0, 0],
							"uv": {
								"north": {"uv": [70, 69], "uv_size": [6, 5]},
								"east": {"uv": [37, 92], "uv_size": [3, 5]},
								"south": {"uv": [28, 71], "uv_size": [6, 5]},
								"west": {"uv": [48, 92], "uv_size": [3, 5]},
								"up": {"uv": [28, 86], "uv_size": [6, 3]},
								"down": {"uv": [34, 89], "uv_size": [6, -3]}
							}
						},
						{
							"origin": [-1.14107, 5.90855, 1.77928],
							"size": [2.28214, 2.184, 0.93912],
							"pivot": [0, 8.2629, 2.42138],
							"rotation": [60, 0, 0],
							"uv": {
								"north": {"uv": [59, 51], "uv_size": [6, 8]},
								"east": {"uv": [0, 78], "uv_size": [3, 8]},
								"south": {"uv": [59, 59], "uv_size": [6, 8]},
								"west": {"uv": [80, 29], "uv_size": [3, 8]},
								"up": {"uv": [88, 0], "uv_size": [6, 3]},
								"down": {"uv": [88, 38], "uv_size": [6, -3]}
							}
						},
						{
							"origin": [-1.14098, 5.81537, 6.10831],
							"size": [2.28196, 1.22292, 0.93903],
							"pivot": [0, 7.20862, 6.75033],
							"rotation": [75, 0, 0],
							"uv": {
								"north": {"uv": [70, 80], "uv_size": [6, 4]},
								"east": {"uv": [24, 98], "uv_size": [3, 4]},
								"south": {"uv": [80, 74], "uv_size": [6, 4]},
								"west": {"uv": [27, 98], "uv_size": [3, 4]},
								"up": {"uv": [89, 55], "uv_size": [6, 3]},
								"down": {"uv": [89, 61], "uv_size": [6, -3]}
							}
						},
						{
							"origin": [-0.93515, 7.67698, 0.41387],
							"size": [1.8703, 0.5096, 0.42952],
							"pivot": [-0.17472, 9.49261, 1.05596],
							"rotation": [-30, 0, 0],
							"uv": {
								"north": {"uv": [108, 37], "uv_size": [3, 2]},
								"east": {"uv": [69, 96], "uv_size": [1, 2]},
								"south": {"uv": [39, 108], "uv_size": [3, 2]},
								"west": {"uv": [39, 97], "uv_size": [1, 2]},
								"up": {"uv": [86, 111], "uv_size": [3, 1]},
								"down": {"uv": [111, 89], "uv_size": [3, -1]}
							}
						},
						{
							"origin": [-0.93515, 8.12059, -0.15312],
							"size": [1.8703, 0.56202, 2.68726],
							"uv": {
								"north": {"uv": [108, 33], "uv_size": [3, 2]},
								"east": {"uv": [23, 96], "uv_size": [7, 2]},
								"south": {"uv": [108, 35], "uv_size": [3, 2]},
								"west": {"uv": [96, 29], "uv_size": [7, 2]},
								"up": {"uv": [10, 83], "uv_size": [3, 7]},
								"down": {"uv": [13, 90], "uv_size": [3, -7]}
							}
						},
						{
							"origin": [-0.93515, 6.70071, 0.81399],
							"size": [1.8703, 0.37128, 0.66248],
							"pivot": [0, 5.8009, 3.61824],
							"rotation": [-45, 0, 0],
							"uv": {
								"north": {"uv": [80, 111], "uv_size": [3, 1]},
								"east": {"uv": [112, 27], "uv_size": [2, 1]},
								"south": {"uv": [83, 111], "uv_size": [3, 1]},
								"west": {"uv": [112, 28], "uv_size": [2, 1]},
								"up": {"uv": [108, 29], "uv_size": [3, 2]},
								"down": {"uv": [108, 33], "uv_size": [3, -2]}
							}
						},
						{
							"origin": [-1.14107, 7.3922, -2.54687],
							"size": [2.28214, 1.37592, 0.93912],
							"pivot": [0, 8.93848, -1.90477],
							"rotation": [-30, 0, 0],
							"uv": {
								"north": {"uv": [71, 64], "uv_size": [6, 5]},
								"east": {"uv": [92, 72], "uv_size": [3, 5]},
								"south": {"uv": [72, 32], "uv_size": [6, 5]},
								"west": {"uv": [3, 93], "uv_size": [3, 5]},
								"up": {"uv": [34, 89], "uv_size": [6, 3]},
								"down": {"uv": [46, 92], "uv_size": [6, -3]}
							}
						},
						{
							"origin": [-1.14107, 5.34792, -3.69643],
							"size": [2.28214, 0.45864, 0.24024],
							"pivot": [0, 6.41371, -3.75321],
							"rotation": [45, 0, 0],
							"uv": {
								"north": {"uv": [96, 52], "uv_size": [6, 2]},
								"east": {"uv": [25, 26], "uv_size": [1, 2]},
								"south": {"uv": [97, 3], "uv_size": [6, 2]},
								"west": {"uv": [33, 40], "uv_size": [1, 2]},
								"up": {"uv": [107, 92], "uv_size": [6, 1]},
								"down": {"uv": [107, 94], "uv_size": [6, -1]}
							}
						},
						{
							"origin": [-1.14107, 6.85488, -2.77915],
							"size": [2.28214, 0.89544, 0.58968],
							"pivot": [0, 8.07355, -2.57385],
							"rotation": [-45, 0, 0],
							"uv": {
								"north": {"uv": [22, 89], "uv_size": [6, 3]},
								"east": {"uv": [99, 107], "uv_size": [2, 3]},
								"south": {"uv": [28, 89], "uv_size": [6, 3]},
								"west": {"uv": [107, 101], "uv_size": [2, 3]},
								"up": {"uv": [97, 13], "uv_size": [6, 2]},
								"down": {"uv": [97, 22], "uv_size": [6, -2]}
							}
						},
						{
							"origin": [-0.79163, 7.52324, -4.59546],
							"size": [1.58326, 0.93912, 0.4368],
							"pivot": [0, 8.63272, -3.95336],
							"rotation": [-30, 0, 0],
							"uv": {
								"north": {"uv": [96, 78], "uv_size": [4, 3]},
								"east": {"uv": [95, 107], "uv_size": [2, 3]},
								"south": {"uv": [96, 82], "uv_size": [4, 3]},
								"west": {"uv": [97, 107], "uv_size": [2, 3]},
								"up": {"uv": [105, 43], "uv_size": [4, 2]},
								"down": {"uv": [48, 108], "uv_size": [4, -2]}
							}
						},
						{
							"origin": [-1.13379, 7.93966, -6.59864],
							"size": [2.27486, 1.23032, 0.546],
							"pivot": [0.34944, 9.34033, -5.84734],
							"rotation": [30, 0, 0],
							"uv": {
								"north": {"uv": [81, 68], "uv_size": [6, 4]},
								"east": {"uv": [106, 77], "uv_size": [2, 4]},
								"south": {"uv": [82, 0], "uv_size": [6, 4]},
								"west": {"uv": [106, 105], "uv_size": [2, 4]},
								"up": {"uv": [100, 9], "uv_size": [6, 2]},
								"down": {"uv": [100, 13], "uv_size": [6, -2]}
							}
						},
						{
							"origin": [-1.14098, 5.43211, 0.91819],
							"size": [2.28196, 1.27495, 0.89535],
							"pivot": [0, 6.35328, 1.51655],
							"rotation": [-30, 0, 0],
							"uv": {
								"north": {"uv": [65, 48], "uv_size": [6, 7]},
								"east": {"uv": [82, 48], "uv_size": [3, 7]},
								"south": {"uv": [65, 55], "uv_size": [6, 7]},
								"west": {"uv": [82, 78], "uv_size": [3, 7]},
								"up": {"uv": [72, 88], "uv_size": [6, 3]},
								"down": {"uv": [87, 91], "uv_size": [6, -3]}
							}
						},
						{
							"origin": [-1.1408, 4.34909, 1.396],
							"size": [2.28161, 1.96501, 1.09167],
							"pivot": [0, 5.8949, 2.19074],
							"rotation": [-60, 0, 0],
							"uv": {
								"north": {"uv": [65, 62], "uv_size": [6, 7]},
								"east": {"uv": [0, 71], "uv_size": [4, 7]},
								"south": {"uv": [66, 0], "uv_size": [6, 7]},
								"west": {"uv": [12, 76], "uv_size": [4, 7]},
								"up": {"uv": [78, 42], "uv_size": [6, 4]},
								"down": {"uv": [80, 18], "uv_size": [6, -4]}
							}
						},
						{
							"origin": [-0.28982, 7.52164, -8.27531],
							"size": [0.75479, 1.2079, 1.27961],
							"pivot": [0.08758, 7.97476, -2.89743],
							"rotation": [0, 0, -60],
							"uv": {
								"north": {"uv": [80, 97], "uv_size": [3, 4]},
								"east": {"uv": [40, 91], "uv_size": [4, 4]},
								"south": {"uv": [83, 97], "uv_size": [3, 4]},
								"west": {"uv": [70, 91], "uv_size": [4, 4]},
								"up": {"uv": [86, 97], "uv_size": [3, 4]},
								"down": {"uv": [89, 101], "uv_size": [3, -4]}
							}
						},
						{
							"origin": [-0.46497, 8.39524, -8.27531],
							"size": [0.75479, 0.3343, 1.27961],
							"pivot": [-0.08758, 7.97476, -2.89743],
							"rotation": [0, 0, 60],
							"uv": {
								"north": {"uv": [48, 103], "uv_size": [3, 1]},
								"east": {"uv": [110, 96], "uv_size": [4, 1]},
								"south": {"uv": [111, 60], "uv_size": [3, 1]},
								"west": {"uv": [110, 97], "uv_size": [4, 1]},
								"up": {"uv": [46, 97], "uv_size": [3, 4]},
								"down": {"uv": [97, 52], "uv_size": [3, -4]}
							}
						},
						{
							"origin": [0.67895, 7.98152, -8.27531],
							"size": [0.75479, 0.1887, 1.27961],
							"pivot": [1.05634, 7.41544, -2.89743],
							"rotation": [0, 0, -60],
							"uv": {
								"north": {"uv": [78, 94], "uv_size": [3, 1]},
								"east": {"uv": [95, 110], "uv_size": [4, 1]},
								"south": {"uv": [102, 17], "uv_size": [3, 1]},
								"west": {"uv": [110, 95], "uv_size": [4, 1]},
								"up": {"uv": [97, 9], "uv_size": [3, 4]},
								"down": {"uv": [36, 101], "uv_size": [3, -4]}
							}
						},
						{
							"origin": [-1.43374, 7.98152, -8.27531],
							"size": [0.75479, 0.4981, 1.27961],
							"pivot": [-1.05634, 7.41544, -2.89743],
							"rotation": [0, 0, 60],
							"uv": {
								"north": {"uv": [73, 10], "uv_size": [3, 2]},
								"east": {"uv": [36, 26], "uv_size": [4, 2]},
								"south": {"uv": [83, 12], "uv_size": [3, 2]},
								"west": {"uv": [40, 86], "uv_size": [4, 2]},
								"up": {"uv": [58, 96], "uv_size": [3, 4]},
								"down": {"uv": [66, 100], "uv_size": [3, -4]}
							}
						},
						{
							"origin": [-0.37739, 7.37164, -8.27531],
							"size": [0.75479, 0.3525, 1.27961],
							"uv": {
								"north": {"uv": [88, 3], "uv_size": [3, 1]},
								"east": {"uv": [110, 91], "uv_size": [4, 1]},
								"south": {"uv": [92, 77], "uv_size": [3, 1]},
								"west": {"uv": [110, 94], "uv_size": [4, 1]},
								"up": {"uv": [96, 31], "uv_size": [3, 4]},
								"down": {"uv": [96, 45], "uv_size": [3, -4]}
							}
						},
						{
							"origin": [-0.27173, 5.30078, -10.4602],
							"size": [0.54345, 0.29966, 2.10432],
							"uv": {
								"north": {"uv": [100, 112], "uv_size": [2, 1]},
								"east": {"uv": [86, 107], "uv_size": [7, 1]},
								"south": {"uv": [112, 100], "uv_size": [2, 1]},
								"west": {"uv": [107, 86], "uv_size": [7, 1]},
								"up": {"uv": [34, 96], "uv_size": [2, 7]},
								"down": {"uv": [44, 103], "uv_size": [2, -7]}
							}
						},
						{
							"origin": [-1.03229, 5.73989, -10.4602],
							"size": [0.54345, 0.19046, 2.10432],
							"pivot": [-0.76057, 5.33231, -6.27872],
							"rotation": [0, 0, 60],
							"uv": {
								"north": {"uv": [98, 112], "uv_size": [2, 1]},
								"east": {"uv": [107, 84], "uv_size": [7, 1]},
								"south": {"uv": [112, 99], "uv_size": [2, 1]},
								"west": {"uv": [107, 85], "uv_size": [7, 1]},
								"up": {"uv": [30, 96], "uv_size": [2, 7]},
								"down": {"uv": [32, 103], "uv_size": [2, -7]}
							}
						},
						{
							"origin": [0.48884, 5.73989, -10.4602],
							"size": [0.54345, 0.13586, 2.10432],
							"pivot": [0.76057, 5.33231, -6.27872],
							"rotation": [0, 0, -60],
							"uv": {
								"north": {"uv": [94, 112], "uv_size": [2, 1]},
								"east": {"uv": [72, 107], "uv_size": [7, 1]},
								"south": {"uv": [96, 112], "uv_size": [2, 1]},
								"west": {"uv": [79, 107], "uv_size": [7, 1]},
								"up": {"uv": [53, 95], "uv_size": [2, 7]},
								"down": {"uv": [0, 103], "uv_size": [2, -7]}
							}
						},
						{
							"origin": [-0.33478, 6.1062, -10.4602],
							"size": [0.54345, 0.17226, 2.17712],
							"pivot": [-0.06306, 5.73502, -6.27872],
							"rotation": [0, 0, 60],
							"uv": {
								"north": {"uv": [90, 112], "uv_size": [2, 1]},
								"east": {"uv": [107, 25], "uv_size": [7, 1]},
								"south": {"uv": [92, 112], "uv_size": [2, 1]},
								"west": {"uv": [107, 26], "uv_size": [7, 1]},
								"up": {"uv": [42, 95], "uv_size": [2, 7]},
								"down": {"uv": [51, 102], "uv_size": [2, -7]}
							}
						},
						{
							"origin": [-0.20867, 5.451, -10.4602],
							"size": [0.54345, 0.82746, 2.21352],
							"pivot": [0.06306, 5.73502, -6.27872],
							"rotation": [0, 0, -60],
							"uv": {
								"north": {"uv": [108, 94], "uv_size": [2, 3]},
								"east": {"uv": [84, 41], "uv_size": [7, 3]},
								"south": {"uv": [108, 97], "uv_size": [2, 3]},
								"west": {"uv": [70, 84], "uv_size": [7, 3]},
								"up": {"uv": [57, 68], "uv_size": [2, 7]},
								"down": {"uv": [40, 102], "uv_size": [2, -7]}
							}
						},
						{
							"origin": [-0.27173, 5.9424, -10.4602],
							"size": [0.54345, 0.29966, 2.17712],
							"uv": {
								"north": {"uv": [86, 112], "uv_size": [2, 1]},
								"east": {"uv": [107, 23], "uv_size": [7, 1]},
								"south": {"uv": [88, 112], "uv_size": [2, 1]},
								"west": {"uv": [107, 24], "uv_size": [7, 1]},
								"up": {"uv": [37, 54], "uv_size": [2, 7]},
								"down": {"uv": [62, 28], "uv_size": [2, -7]}
							}
						},
						{
							"origin": [-0.32607, 5.97198, -9.72654],
							"size": [0.65214, 0.35959, 0.95998],
							"uv": {
								"north": {"uv": [4, 113], "uv_size": [2, 1]},
								"east": {"uv": [6, 112], "uv_size": [3, 1]},
								"south": {"uv": [6, 113], "uv_size": [2, 1]},
								"west": {"uv": [9, 112], "uv_size": [3, 1]},
								"up": {"uv": [109, 55], "uv_size": [2, 3]},
								"down": {"uv": [109, 61], "uv_size": [2, -3]}
							}
						},
						{
							"origin": [-0.25041, 5.38231, -9.72654],
							"size": [0.65214, 0.99295, 0.95998],
							"pivot": [0.07566, 5.72312, -6.27397],
							"rotation": [0, 0, -60],
							"uv": {
								"north": {"uv": [18, 109], "uv_size": [2, 3]},
								"east": {"uv": [20, 106], "uv_size": [3, 3]},
								"south": {"uv": [20, 109], "uv_size": [2, 3]},
								"west": {"uv": [106, 47], "uv_size": [3, 3]},
								"up": {"uv": [36, 109], "uv_size": [2, 3]},
								"down": {"uv": [109, 50], "uv_size": [2, -3]}
							}
						},
						{
							"origin": [-0.40174, 6.16855, -9.72654],
							"size": [0.65214, 0.20671, 0.95998],
							"pivot": [-0.07566, 5.72312, -6.27397],
							"rotation": [0, 0, 60],
							"uv": {
								"north": {"uv": [0, 113], "uv_size": [2, 1]},
								"east": {"uv": [112, 1], "uv_size": [3, 1]},
								"south": {"uv": [2, 113], "uv_size": [2, 1]},
								"west": {"uv": [3, 112], "uv_size": [3, 1]},
								"up": {"uv": [14, 109], "uv_size": [2, 3]},
								"down": {"uv": [16, 112], "uv_size": [2, -3]}
							}
						},
						{
							"origin": [0.58661, 5.72897, -9.72654],
							"size": [0.65214, 0.16303, 0.95998],
							"pivot": [0.91268, 5.23987, -6.27397],
							"rotation": [0, 0, -60],
							"uv": {
								"north": {"uv": [110, 112], "uv_size": [2, 1]},
								"east": {"uv": [0, 112], "uv_size": [3, 1]},
								"south": {"uv": [112, 112], "uv_size": [2, 1]},
								"west": {"uv": [112, 0], "uv_size": [3, 1]},
								"up": {"uv": [10, 109], "uv_size": [2, 3]},
								"down": {"uv": [12, 112], "uv_size": [2, -3]}
							}
						},
						{
							"origin": [-1.23875, 5.72897, -9.72654],
							"size": [0.65214, 0.22855, 0.95998],
							"pivot": [-0.91268, 5.23987, -6.27397],
							"rotation": [0, 0, 60],
							"uv": {
								"north": {"uv": [106, 112], "uv_size": [2, 1]},
								"east": {"uv": [108, 111], "uv_size": [3, 1]},
								"south": {"uv": [108, 112], "uv_size": [2, 1]},
								"west": {"uv": [111, 111], "uv_size": [3, 1]},
								"up": {"uv": [8, 109], "uv_size": [2, 3]},
								"down": {"uv": [109, 12], "uv_size": [2, -3]}
							}
						},
						{
							"origin": [-0.32607, 5.20204, -9.72654],
							"size": [0.65214, 0.35959, 0.95998],
							"uv": {
								"north": {"uv": [102, 112], "uv_size": [2, 1]},
								"east": {"uv": [98, 111], "uv_size": [3, 1]},
								"south": {"uv": [104, 112], "uv_size": [2, 1]},
								"west": {"uv": [105, 111], "uv_size": [3, 1]},
								"up": {"uv": [108, 105], "uv_size": [2, 3]},
								"down": {"uv": [108, 111], "uv_size": [2, -3]}
							}
						}
					]
				},
				{
					"name": "shell",
					"parent": "btr7",
					"pivot": [-0.845, 6.4575, -2.0775]
				},
				{
					"name": "muzzle_flash",
					"parent": "btr7",
					"pivot": [0.065, 7.9525, -12.8675]
				},
				{
					"name": "ammo_count_text_pos",
					"parent": "btr7",
					"pivot": [3.275, 6.4575, -2.0775]
				},
				{
					"name": "ammo_count_text_pos2",
					"parent": "btr7",
					"pivot": [2.275, 5.4175, -2.0775]
				},
				{
					"name": "additional_magazine",
					"parent": "btr7",
					"pivot": [0, 4.0625, -0.4875]
				},
				{
					"name": "tt",
					"parent": "btr7",
					"pivot": [0, 0.29236, 4.79727],
					"cubes": [
						{
							"origin": [-1.31579, 6.52728, -2.36419],
							"size": [2.63158, 0.63336, 0.30576],
							"pivot": [0, 7.61491, -2.15889],
							"rotation": [-45, 0, 0],
							"uv": {
								"north": {"uv": [18, 26], "uv_size": [7, 2]},
								"east": {"uv": [64, 67], "uv_size": [1, 2]},
								"south": {"uv": [66, 10], "uv_size": [7, 2]},
								"west": {"uv": [3, 78], "uv_size": [1, 2]},
								"up": {"uv": [94, 15], "uv_size": [7, 1]},
								"down": {"uv": [97, 23], "uv_size": [7, -1]}
							}
						},
						{
							"origin": [-1.31579, 5.52814, -3.48582],
							"size": [2.63158, 0.45864, 0.24024],
							"pivot": [0, 6.59393, -3.5426],
							"rotation": [45, 0, 0],
							"uv": {
								"north": {"uv": [91, 27], "uv_size": [7, 2]},
								"east": {"uv": [3, 80], "uv_size": [1, 2]},
								"south": {"uv": [92, 18], "uv_size": [7, 2]},
								"west": {"uv": [3, 82], "uv_size": [1, 2]},
								"up": {"uv": [103, 100], "uv_size": [7, 1]},
								"down": {"uv": [104, 23], "uv_size": [7, -1]}
							}
						},
						{
							"origin": [-1.31579, 5.11169, -1.75728],
							"size": [2.63158, 0.6552, 0.37128],
							"pivot": [0, 6.17748, -1.68303],
							"rotation": [-90, 0, 0],
							"uv": {
								"north": {"uv": [9, 96], "uv_size": [7, 2]},
								"east": {"uv": [90, 10], "uv_size": [1, 2]},
								"south": {"uv": [16, 96], "uv_size": [7, 2]},
								"west": {"uv": [21, 90], "uv_size": [1, 2]},
								"up": {"uv": [106, 83], "uv_size": [7, 1]},
								"down": {"uv": [107, 7], "uv_size": [7, -1]}
							}
						},
						{
							"origin": [-1.31579, 5.48005, -1.7756],
							"size": [2.63158, 1.13568, 0.82992],
							"pivot": [0, 7.07, -1.04615],
							"rotation": [-45, 0, 0],
							"uv": {
								"north": {"uv": [76, 10], "uv_size": [7, 4]},
								"east": {"uv": [55, 98], "uv_size": [3, 4]},
								"south": {"uv": [36, 76], "uv_size": [7, 4]},
								"west": {"uv": [63, 98], "uv_size": [3, 4]},
								"up": {"uv": [84, 23], "uv_size": [7, 3]},
								"down": {"uv": [84, 29], "uv_size": [7, -3]}
							}
						},
						{
							"origin": [-1.31579, 5.436, -2.49655],
							"size": [2.63158, 0.93912, 0.78624],
							"pivot": [0, 6.50179, -2.00733],
							"rotation": [-90, 0, 0],
							"uv": {
								"north": {"uv": [28, 83], "uv_size": [7, 3]},
								"east": {"uv": [105, 17], "uv_size": [3, 3]},
								"south": {"uv": [83, 29], "uv_size": [7, 3]},
								"west": {"uv": [8, 106], "uv_size": [3, 3]},
								"up": {"uv": [83, 32], "uv_size": [7, 3]},
								"down": {"uv": [83, 67], "uv_size": [7, -3]}
							}
						},
						{
							"origin": [-1.31579, 5.88385, -2.0487],
							"size": [2.63158, 1.00464, 0.45864],
							"pivot": [0, 6.94964, -1.55948],
							"rotation": [-90, 0, 0],
							"uv": {
								"north": {"uv": [84, 4], "uv_size": [7, 3]},
								"east": {"uv": [108, 2], "uv_size": [2, 3]},
								"south": {"uv": [84, 20], "uv_size": [7, 3]},
								"west": {"uv": [4, 108], "uv_size": [2, 3]},
								"up": {"uv": [80, 95], "uv_size": [7, 2]},
								"down": {"uv": [87, 97], "uv_size": [7, -2]}
							}
						},
						{
							"origin": [-1.31579, 6.59236, -2.29056],
							"size": [2.63158, 0.45864, 0.3276],
							"pivot": [0, 7.65815, -2.25998],
							"rotation": [45, 0, 0],
							"uv": {
								"north": {"uv": [95, 91], "uv_size": [7, 2]},
								"east": {"uv": [35, 83], "uv_size": [1, 2]},
								"south": {"uv": [95, 93], "uv_size": [7, 2]},
								"west": {"uv": [3, 84], "uv_size": [1, 2]},
								"up": {"uv": [106, 12], "uv_size": [7, 1]},
								"down": {"uv": [106, 55], "uv_size": [7, -1]}
							}
						},
						{
							"origin": [-1.31579, 5.55954, -0.95999],
							"size": [2.63158, 0.24024, 0.4368],
							"pivot": [0, 6.62533, -0.47077],
							"rotation": [-90, 0, 0],
							"uv": {
								"north": {"uv": [106, 81], "uv_size": [7, 1]},
								"east": {"uv": [70, 90], "uv_size": [2, 1]},
								"south": {"uv": [106, 82], "uv_size": [7, 1]},
								"west": {"uv": [44, 91], "uv_size": [2, 1]},
								"up": {"uv": [94, 95], "uv_size": [7, 2]},
								"down": {"uv": [96, 9], "uv_size": [7, -2]}
							}
						}
					]
				},
				{
					"name": "ds",
					"parent": "btr7",
					"pivot": [-0.17472, 3.36181, 10.41596],
					"cubes": [
						{
							"origin": [-0.96635, 7.42899, 2.96688],
							"size": [1.9327, 1.36282, 1.82146],
							"uv": {
								"north": {"uv": [57, 0], "uv_size": [5, 5]},
								"east": {"uv": [71, 48], "uv_size": [6, 5]},
								"south": {"uv": [76, 69], "uv_size": [5, 5]},
								"west": {"uv": [71, 53], "uv_size": [6, 5]},
								"up": {"uv": [71, 58], "uv_size": [5, 6]},
								"down": {"uv": [72, 6], "uv_size": [5, -6]}
							}
						},
						{
							"origin": [-0.96635, 8.23653, 7.98252],
							"size": [1.9327, 0.3145, 0.48922],
							"pivot": [0, 6.616, 8.7775],
							"rotation": [15, 0, 0],
							"uv": {
								"east": {"uv": [82, 4], "uv_size": [2, 1]},
								"south": {"uv": [109, 44], "uv_size": [5, 1]},
								"west": {"uv": [82, 41], "uv_size": [2, 1]},
								"up": {"uv": [73, 27], "uv_size": [5, 2]},
								"down": {"uv": [81, 74], "uv_size": [5, -2]}
							}
						},
						{
							"origin": [-0.96635, 8.76132, 8.38154],
							"size": [1.9327, 0.44554, 0.3145],
							"pivot": [0, 7.24999, 9.0018],
							"rotation": [30, 0, 0],
							"uv": {
								"east": {"uv": [5, 54], "uv_size": [1, 2]},
								"south": {"uv": [102, 84], "uv_size": [5, 2]},
								"west": {"uv": [64, 48], "uv_size": [1, 2]},
								"up": {"uv": [109, 61], "uv_size": [5, 1]},
								"down": {"uv": [109, 63], "uv_size": [5, -1]}
							}
						},
						{
							"origin": [-0.96635, 7.3618, 7.57352],
							"size": [1.9327, 0.74038, 0.48922],
							"pivot": [0.71635, 8.10218, 8.06274],
							"rotation": [-24, 0, 0],
							"uv": {
								"east": {"uv": [0, 108], "uv_size": [2, 3]},
								"south": {"uv": [91, 82], "uv_size": [5, 3]},
								"west": {"uv": [2, 108], "uv_size": [2, 3]},
								"up": {"uv": [102, 86], "uv_size": [5, 2]},
								"down": {"uv": [102, 92], "uv_size": [5, -2]}
							}
						},
						{
							"origin": [-0.96635, 7.42899, 6.54864],
							"size": [1.9327, 1.36282, 1.20994],
							"uv": {
								"north": {"uv": [77, 0], "uv_size": [5, 5]},
								"east": {"uv": [56, 85], "uv_size": [4, 5]},
								"south": {"uv": [16, 77], "uv_size": [5, 5]},
								"west": {"uv": [85, 58], "uv_size": [4, 5]},
								"up": {"uv": [85, 51], "uv_size": [5, 4]},
								"down": {"uv": [85, 82], "uv_size": [5, -4]}
							}
						},
						{
							"origin": [-0.96614, 7.42676, 4.69083],
							"size": [1.93227, 0.88208, 1.86458],
							"uv": {
								"north": {"uv": [92, 48], "uv_size": [5, 3]},
								"east": {"uv": [89, 61], "uv_size": [6, 3]},
								"south": {"uv": [15, 93], "uv_size": [5, 3]},
								"west": {"uv": [3, 90], "uv_size": [6, 3]},
								"up": {"uv": [70, 74], "uv_size": [5, 6]},
								"down": {"uv": [75, 21], "uv_size": [5, -6]}
							}
						},
						{
							"origin": [-0.96635, 6.77351, 3.06819],
							"size": [1.9327, 0.40768, 0.69888],
							"pivot": [0, 5.9101, 5.87244],
							"rotation": [-45, 0, 0],
							"uv": {
								"north": {"uv": [109, 103], "uv_size": [5, 1]},
								"east": {"uv": [46, 96], "uv_size": [2, 1]},
								"south": {"uv": [110, 2], "uv_size": [5, 1]},
								"west": {"uv": [100, 84], "uv_size": [2, 1]},
								"up": {"uv": [103, 20], "uv_size": [5, 2]},
								"down": {"uv": [103, 31], "uv_size": [5, -2]}
							}
						},
						{
							"origin": [-0.96628, 6.48166, 4.82801],
							"size": [1.93256, 0.69881, 0.69881],
							"pivot": [0, 5.90951, 7.63199],
							"rotation": [-45, 0, 0],
							"uv": {
								"north": {"uv": [30, 103], "uv_size": [5, 2]},
								"east": {"uv": [46, 110], "uv_size": [2, 2]},
								"south": {"uv": [103, 31], "uv_size": [5, 2]},
								"west": {"uv": [110, 99], "uv_size": [2, 2]},
								"up": {"uv": [103, 33], "uv_size": [5, 2]},
								"down": {"uv": [103, 37], "uv_size": [5, -2]}
							}
						},
						{
							"origin": [-0.96635, 7.85898, 3.53387],
							"size": [1.9327, 0.4368, 0.21112],
							"pivot": [-0.17472, 9.60181, 4.17596],
							"rotation": [-30, 0, 0],
							"uv": {
								"north": {"uv": [78, 9], "uv_size": [5, 1]},
								"east": {"uv": [33, 42], "uv_size": [1, 1]},
								"south": {"uv": [72, 87], "uv_size": [5, 1]},
								"west": {"uv": [64, 50], "uv_size": [1, 1]},
								"up": {"uv": [46, 88], "uv_size": [5, 1]},
								"down": {"uv": [98, 70], "uv_size": [5, -1]}
							}
						},
						{
							"origin": [-0.96635, 7.504, 2.00944],
							"size": [1.9327, 0.4368, 0.19292],
							"pivot": [-0.17472, 9.24683, 2.65153],
							"rotation": [30, 0, 0],
							"uv": {
								"north": {"uv": [110, 66], "uv_size": [5, 1]},
								"east": {"uv": [55, 89], "uv_size": [1, 1]},
								"south": {"uv": [67, 110], "uv_size": [5, 1]},
								"west": {"uv": [51, 94], "uv_size": [1, 1]},
								"up": {"uv": [110, 67], "uv_size": [5, 1]},
								"down": {"uv": [110, 69], "uv_size": [5, -1]}
							}
						},
						{
							"origin": [-0.96635, 7.79472, 2.74848],
							"size": [1.9327, 0.6188, 0.26572],
							"uv": {
								"north": {"uv": [103, 37], "uv_size": [5, 2]},
								"east": {"uv": [39, 99], "uv_size": [1, 2]},
								"south": {"uv": [103, 39], "uv_size": [5, 2]},
								"west": {"uv": [60, 100], "uv_size": [1, 2]},
								"up": {"uv": [110, 73], "uv_size": [5, 1]},
								"down": {"uv": [110, 75], "uv_size": [5, -1]}
							}
						},
						{
							"origin": [-0.67515, 7.33972, 0.21868],
							"size": [1.3503, 1.001, 2.95932],
							"uv": {
								"north": {"uv": [14, 106], "uv_size": [3, 3]},
								"east": {"uv": [76, 58], "uv_size": [9, 3]},
								"south": {"uv": [17, 106], "uv_size": [3, 3]},
								"west": {"uv": [76, 61], "uv_size": [9, 3]},
								"up": {"uv": [4, 77], "uv_size": [3, 9]},
								"down": {"uv": [7, 86], "uv_size": [3, -9]}
							}
						}
					]
				},
				{
					"name": "md3",
					"parent": "ds",
					"pivot": [-0.182, 2.29393, 11.91367],
					"rotation": [0, -90, 0],
					"cubes": [
						{
							"origin": [-6.72671, 8.0878, 10.56659],
							"size": [0.60942, 0.15235, 2.22644],
							"uv": {
								"north": {"uv": [104, 68], "uv_size": [2, 1]},
								"east": {"uv": [107, 104], "uv_size": [6, 1]},
								"south": {"uv": [101, 111], "uv_size": [2, 1]},
								"west": {"uv": [108, 5], "uv_size": [6, 1]},
								"up": {"uv": [99, 31], "uv_size": [2, 6]},
								"down": {"uv": [99, 43], "uv_size": [2, -6]}
							}
						},
						{
							"origin": [-9.86361, 0.05623, 10.56659],
							"size": [0.60942, 0.53325, 2.22644],
							"pivot": [-1.0349, 1.88316, 15.69927],
							"rotation": [0, 0, 60],
							"uv": {
								"north": {"uv": [103, 110], "uv_size": [2, 2]},
								"east": {"uv": [98, 88], "uv_size": [6, 2]},
								"south": {"uv": [111, 7], "uv_size": [2, 2]},
								"west": {"uv": [99, 0], "uv_size": [6, 2]},
								"up": {"uv": [100, 55], "uv_size": [2, 6]},
								"down": {"uv": [58, 106], "uv_size": [2, -6]}
							}
						},
						{
							"origin": [2.65018, 10.86423, 10.56659],
							"size": [0.60942, 0.15235, 2.22644],
							"pivot": [0.6709, 1.88316, 15.69927],
							"rotation": [0, 0, -60],
							"uv": {
								"north": {"uv": [18, 112], "uv_size": [2, 1]},
								"east": {"uv": [108, 19], "uv_size": [6, 1]},
								"south": {"uv": [20, 112], "uv_size": [2, 1]},
								"west": {"uv": [108, 20], "uv_size": [6, 1]},
								"up": {"uv": [100, 61], "uv_size": [2, 6]},
								"down": {"uv": [66, 106], "uv_size": [2, -6]}
							}
						},
						{
							"origin": [-9.08142, 0.12694, 10.56659],
							"size": [0.60942, 0.53325, 2.22644],
							"pivot": [-0.25271, 2.33476, 15.69927],
							"rotation": [0, 0, 60],
							"uv": {
								"north": {"uv": [111, 9], "uv_size": [2, 2]},
								"east": {"uv": [99, 18], "uv_size": [6, 2]},
								"south": {"uv": [111, 13], "uv_size": [2, 2]},
								"west": {"uv": [99, 43], "uv_size": [6, 2]},
								"up": {"uv": [100, 72], "uv_size": [2, 6]},
								"down": {"uv": [101, 37], "uv_size": [2, -6]}
							}
						},
						{
							"origin": [1.86799, 10.55404, 10.56659],
							"size": [0.60942, 0.91414, 2.22644],
							"pivot": [-0.11129, 2.33476, 15.69927],
							"rotation": [0, 0, -60],
							"uv": {
								"north": {"uv": [6, 108], "uv_size": [2, 3]},
								"east": {"uv": [90, 7], "uv_size": [6, 3]},
								"south": {"uv": [23, 108], "uv_size": [2, 3]},
								"west": {"uv": [15, 90], "uv_size": [6, 3]},
								"up": {"uv": [36, 101], "uv_size": [2, 6]},
								"down": {"uv": [101, 43], "uv_size": [2, -6]}
							}
						},
						{
							"origin": [-6.72671, 8.22922, 10.56659],
							"size": [0.60942, 0.91414, 2.22644],
							"uv": {
								"north": {"uv": [25, 108], "uv_size": [2, 3]},
								"east": {"uv": [90, 29], "uv_size": [6, 3]},
								"south": {"uv": [27, 108], "uv_size": [2, 3]},
								"west": {"uv": [90, 32], "uv_size": [6, 3]},
								"up": {"uv": [38, 101], "uv_size": [2, 6]},
								"down": {"uv": [46, 107], "uv_size": [2, -6]}
							}
						}
					]
				},
				{
					"name": "wb",
					"parent": "btr7",
					"pivot": [0, 0.418, 11.19219],
					"cubes": [
						{
							"origin": [-0.81056, 3.86656, 3.1055],
							"size": [1.62112, 0.5096, 1.8746],
							"pivot": [0, 5.15512, 3.36758],
							"rotation": [-90, 0, 0],
							"uv": {
								"north": {"uv": [106, 50], "uv_size": [4, 2]},
								"east": {"uv": [98, 27], "uv_size": [6, 2]},
								"south": {"uv": [54, 106], "uv_size": [4, 2]},
								"west": {"uv": [98, 67], "uv_size": [6, 2]},
								"up": {"uv": [62, 81], "uv_size": [4, 6]},
								"down": {"uv": [66, 87], "uv_size": [4, -6]}
							}
						},
						{
							"origin": [-0.66496, 1.13656, 5.3805],
							"size": [1.32992, 1.8564, 0.4186],
							"pivot": [0, 4.91852, 4.18658],
							"rotation": [-90, 0, 0],
							"uv": {
								"north": {"uv": [67, 90], "uv_size": [3, 6]},
								"east": {"uv": [5, 48], "uv_size": [1, 6]},
								"south": {"uv": [91, 10], "uv_size": [3, 6]},
								"west": {"uv": [32, 55], "uv_size": [1, 6]},
								"up": {"uv": [89, 111], "uv_size": [3, 1]},
								"down": {"uv": [111, 90], "uv_size": [3, -1]}
							}
						},
						{
							"origin": [-0.66496, 2.59256, 4.1793],
							"size": [1.32992, 0.2366, 1.2012],
							"pivot": [0, 4.91852, 4.18658],
							"rotation": [-90, 0, 0],
							"uv": {
								"north": {"uv": [67, 90], "uv_size": [3, 6]},
								"east": {"uv": [5, 48], "uv_size": [1, 6]},
								"south": {"uv": [91, 10], "uv_size": [3, 6]},
								"west": {"uv": [32, 55], "uv_size": [1, 6]},
								"up": {"uv": [89, 111], "uv_size": [3, 1]},
								"down": {"uv": [111, 90], "uv_size": [3, -1]}
							}
						},
						{
							"origin": [-0.37376, 3.39336, 5.3805],
							"size": [0.74752, 0.455, 1.2012],
							"pivot": [0, 6.08332, 4.18658],
							"rotation": [-90, 0, 0],
							"uv": {
								"north": {"uv": [96, 9], "uv_size": [1, 1]},
								"east": {"uv": [36, 96], "uv_size": [1, 1]},
								"south": {"uv": [96, 51], "uv_size": [1, 1]},
								"west": {"uv": [68, 100], "uv_size": [1, 1]},
								"up": {"uv": [101, 15], "uv_size": [1, 1]},
								"down": {"uv": [48, 102], "uv_size": [1, -1]}
							}
						},
						{
							"origin": [-0.37376, 3.97645, 2.94844],
							"size": [0.74752, 0.9646, 0.4732],
							"pivot": [0, 7.44901, 1.53612],
							"rotation": [-30, 0, 0],
							"uv": {
								"north": {"uv": [68, 101], "uv_size": [1, 1]},
								"east": {"uv": [48, 102], "uv_size": [1, 1]},
								"south": {"uv": [57, 102], "uv_size": [1, 1]},
								"west": {"uv": [68, 102], "uv_size": [1, 1]},
								"up": {"uv": [79, 102], "uv_size": [1, 1]},
								"down": {"uv": [102, 95], "uv_size": [1, -1]}
							}
						},
						{
							"origin": [-0.51936, 1.17296, 5.3805],
							"size": [1.03872, 1.6744, 0.1274],
							"pivot": [0, 4.49992, 4.18658],
							"rotation": [-90, 0, 0],
							"uv": {
								"north": {"uv": [98, 101], "uv_size": [2, 6]},
								"east": {"uv": [15, 57], "uv_size": [1, 6]},
								"south": {"uv": [100, 101], "uv_size": [2, 6]},
								"west": {"uv": [32, 61], "uv_size": [1, 6]},
								"up": {"uv": [50, 112], "uv_size": [2, 1]},
								"down": {"uv": [52, 113], "uv_size": [2, -1]}
							}
						},
						{
							"origin": [-0.66496, 1.54837, 4.00408],
							"size": [1.32992, 0.4186, 1.3832],
							"pivot": [0, 5.33033, 3.77476],
							"rotation": [-90, 0, 0],
							"uv": {
								"north": {"uv": [92, 111], "uv_size": [3, 1]},
								"east": {"uv": [110, 75], "uv_size": [5, 1]},
								"south": {"uv": [95, 111], "uv_size": [3, 1]},
								"west": {"uv": [110, 76], "uv_size": [5, 1]},
								"up": {"uv": [63, 93], "uv_size": [3, 5]},
								"down": {"uv": [94, 15], "uv_size": [3, -5]}
							}
						},
						{
							"origin": [-0.66496, 3.45433, 3.01675],
							"size": [1.32992, 0.5824, 0.5824],
							"pivot": [0, 7.23629, 1.82283],
							"rotation": [-45, 0, 0],
							"uv": {
								"north": {"uv": [108, 45], "uv_size": [3, 2]},
								"east": {"uv": [26, 111], "uv_size": [2, 2]},
								"south": {"uv": [108, 52], "uv_size": [3, 2]},
								"west": {"uv": [28, 111], "uv_size": [2, 2]},
								"up": {"uv": [54, 108], "uv_size": [3, 2]},
								"down": {"uv": [60, 110], "uv_size": [3, -2]}
							}
						},
						{
							"origin": [-0.51936, 3.32693, 3.79935],
							"size": [1.03872, 0.1456, 0.2548],
							"pivot": [0, 7.10889, 2.27783],
							"rotation": [-45, 0, 0],
							"uv": {
								"north": {"uv": [54, 112], "uv_size": [2, 1]},
								"east": {"uv": [20, 95], "uv_size": [1, 1]},
								"south": {"uv": [72, 112], "uv_size": [2, 1]},
								"west": {"uv": [66, 95], "uv_size": [1, 1]},
								"up": {"uv": [74, 112], "uv_size": [2, 1]},
								"down": {"uv": [76, 113], "uv_size": [2, -1]}
							}
						},
						{
							"origin": [-0.81056, 3.09692, 3.30961],
							"size": [1.62112, 0.546, 3.5672],
							"pivot": [0, 4.38548, 3.08029],
							"rotation": [-60, 0, 0],
							"uv": {
								"north": {"uv": [66, 106], "uv_size": [4, 2]},
								"east": {"uv": [78, 46], "uv_size": [12, 2]},
								"south": {"uv": [106, 67], "uv_size": [4, 2]},
								"west": {"uv": [80, 18], "uv_size": [12, 2]},
								"up": {"uv": [62, 0], "uv_size": [4, 12]},
								"down": {"uv": [64, 33], "uv_size": [4, -12]}
							}
						},
						{
							"origin": [-0.73776, 3.86656, 3.6151],
							"size": [1.47552, 1.6198, 1.8746],
							"pivot": [0, 5.15512, 3.87718],
							"rotation": [-90, 0, 0],
							"uv": {
								"north": {"uv": [34, 70], "uv_size": [3, 6]},
								"east": {"uv": [64, 69], "uv_size": [6, 6]},
								"south": {"uv": [78, 88], "uv_size": [3, 6]},
								"west": {"uv": [12, 70], "uv_size": [6, 6]},
								"up": {"uv": [52, 89], "uv_size": [3, 6]},
								"down": {"uv": [81, 95], "uv_size": [3, -6]}
							}
						},
						{
							"origin": [-0.73761, 3.09599, 3.81806],
							"size": [1.47523, 1.6557, 2.45626],
							"pivot": [0, 4.38416, 3.58881],
							"rotation": [-60, 0, 0],
							"uv": {
								"north": {"uv": [84, 89], "uv_size": [3, 6]},
								"east": {"uv": [64, 33], "uv_size": [8, 6]},
								"south": {"uv": [0, 90], "uv_size": [3, 6]},
								"west": {"uv": [64, 39], "uv_size": [8, 6]},
								"up": {"uv": [16, 82], "uv_size": [3, 8]},
								"down": {"uv": [19, 90], "uv_size": [3, -8]}
							}
						},
						{
							"origin": [-0.73776, 1.3568, 4.49212],
							"size": [1.47552, 1.6562, 1.365],
							"pivot": [0, 2.64536, 4.2628],
							"rotation": [-30, 0, 0],
							"uv": {
								"north": {"uv": [9, 90], "uv_size": [3, 6]},
								"east": {"uv": [45, 75], "uv_size": [5, 6]},
								"south": {"uv": [12, 90], "uv_size": [3, 6]},
								"west": {"uv": [50, 75], "uv_size": [5, 6]},
								"up": {"uv": [6, 93], "uv_size": [3, 5]},
								"down": {"uv": [55, 98], "uv_size": [3, -5]}
							}
						},
						{
							"origin": [-0.81056, 0.81732, 4.30404],
							"size": [1.62112, 0.5824, 0.9386],
							"pivot": [0, 2.10588, 4.07472],
							"rotation": [-30, 0, 0],
							"uv": {
								"north": {"uv": [106, 73], "uv_size": [4, 2]},
								"east": {"uv": [108, 7], "uv_size": [3, 2]},
								"south": {"uv": [106, 75], "uv_size": [4, 2]},
								"west": {"uv": [108, 13], "uv_size": [3, 2]},
								"up": {"uv": [73, 98], "uv_size": [4, 3]},
								"down": {"uv": [98, 88], "uv_size": [4, -3]}
							}
						},
						{
							"origin": [-0.81056, 0.00763, 5.09321],
							"size": [1.62112, 2.7664, 1.3104],
							"pivot": [0, 1.29619, 4.86389],
							"rotation": [-60, 0, 0],
							"uv": {
								"north": {"uv": [37, 66], "uv_size": [4, 10]},
								"east": {"uv": [41, 66], "uv_size": [4, 10]},
								"south": {"uv": [4, 67], "uv_size": [4, 10]},
								"west": {"uv": [8, 67], "uv_size": [4, 10]},
								"up": {"uv": [91, 91], "uv_size": [4, 4]},
								"down": {"uv": [21, 96], "uv_size": [4, -4]}
							}
						},
						{
							"origin": [-0.73776, 0.96538, 5.31775],
							"size": [1.47552, 1.2012, 0.5096],
							"uv": {
								"north": {"uv": [77, 98], "uv_size": [3, 4]},
								"east": {"uv": [58, 106], "uv_size": [2, 4]},
								"south": {"uv": [98, 97], "uv_size": [3, 4]},
								"west": {"uv": [70, 106], "uv_size": [2, 4]},
								"up": {"uv": [108, 15], "uv_size": [3, 2]},
								"down": {"uv": [108, 19], "uv_size": [3, -2]}
							}
						},
						{
							"origin": [-0.81056, 0.43596, 7.79172],
							"size": [1.62112, 0.2912, 0.2912],
							"pivot": [0, 1.72452, 7.5624],
							"rotation": [-105, 0, 0],
							"uv": {
								"north": {"uv": [110, 105], "uv_size": [4, 1]},
								"east": {"uv": [33, 70], "uv_size": [1, 1]},
								"south": {"uv": [110, 106], "uv_size": [4, 1]},
								"west": {"uv": [77, 5], "uv_size": [1, 1]},
								"up": {"uv": [110, 107], "uv_size": [4, 1]},
								"down": {"uv": [110, 109], "uv_size": [4, -1]}
							}
						},
						{
							"origin": [-0.81056, 2.44386, 5.37448],
							"size": [1.62112, 0.2548, 1.092],
							"pivot": [0, 1.22082, 5.14516],
							"rotation": [-60, 0, 0],
							"uv": {
								"north": {"uv": [110, 109], "uv_size": [4, 1]},
								"east": {"uv": [110, 110], "uv_size": [4, 1]},
								"south": {"uv": [0, 111], "uv_size": [4, 1]},
								"west": {"uv": [4, 111], "uv_size": [4, 1]},
								"up": {"uv": [25, 92], "uv_size": [4, 4]},
								"down": {"uv": [29, 96], "uv_size": [4, -4]}
							}
						},
						{
							"origin": [-0.99256, -0.6665, 2.33053],
							"size": [1.98512, 1.49968, 4.84848],
							"uv": {
								"north": {"uv": [21, 77], "uv_size": [5, 5]},
								"east": {"uv": [36, 21], "uv_size": [17, 5]},
								"south": {"uv": [77, 37], "uv_size": [5, 5]},
								"west": {"uv": [40, 0], "uv_size": [17, 5]},
								"up": {"uv": [6, 40], "uv_size": [5, 17]},
								"down": {"uv": [11, 57], "uv_size": [5, -17]}
							}
						},
						{
							"origin": [-0.99256, -2.92474, 7.92625],
							"size": [1.98512, 0.2912, 0.2912],
							"pivot": [0, 0.00182, 11.73733],
							"rotation": [-45, 0, 0],
							"uv": {
								"north": {"uv": [110, 3], "uv_size": [5, 1]},
								"east": {"uv": [77, 42], "uv_size": [1, 1]},
								"south": {"uv": [110, 4], "uv_size": [5, 1]},
								"west": {"uv": [44, 80], "uv_size": [1, 1]},
								"up": {"uv": [29, 110], "uv_size": [5, 1]},
								"down": {"uv": [110, 51], "uv_size": [5, -1]}
							}
						},
						{
							"origin": [-0.99256, -2.92474, 3.07777],
							"size": [1.98512, 0.2912, 0.2912],
							"pivot": [0, 0.00182, 6.88885],
							"rotation": [-45, 0, 0],
							"uv": {
								"north": {"uv": [110, 51], "uv_size": [5, 1]},
								"east": {"uv": [35, 85], "uv_size": [1, 1]},
								"south": {"uv": [52, 110], "uv_size": [5, 1]},
								"west": {"uv": [81, 88], "uv_size": [1, 1]},
								"up": {"uv": [57, 110], "uv_size": [5, 1]},
								"down": {"uv": [110, 64], "uv_size": [5, -1]}
							}
						},
						{
							"origin": [-0.99252, 0.72755, 6.21942],
							"size": [1.98505, 0.83716, 1.01915],
							"pivot": [-0.18199, 0.08695, 5.99011],
							"rotation": [-60, 0, 0],
							"uv": {
								"north": {"uv": [58, 93], "uv_size": [5, 3]},
								"east": {"uv": [106, 9], "uv_size": [3, 3]},
								"south": {"uv": [93, 67], "uv_size": [5, 3]},
								"west": {"uv": [11, 106], "uv_size": [3, 3]},
								"up": {"uv": [93, 85], "uv_size": [5, 3]},
								"down": {"uv": [93, 91], "uv_size": [5, -3]}
							}
						},
						{
							"origin": [-0.99256, -0.66493, 2.12462],
							"size": [1.98512, 1.2922, 0.2912],
							"uv": {
								"north": {"uv": [82, 85], "uv_size": [5, 4]},
								"east": {"uv": [15, 63], "uv_size": [1, 4]},
								"south": {"uv": [0, 86], "uv_size": [5, 4]},
								"west": {"uv": [32, 67], "uv_size": [1, 4]},
								"up": {"uv": [110, 64], "uv_size": [5, 1]},
								"down": {"uv": [110, 66], "uv_size": [5, -1]}
							}
						},
						{
							"origin": [-0.91976, 4.87318, 2.31547],
							"size": [1.83952, 1.274, 0.5278],
							"pivot": [0, 5.68854, 2.34095],
							"rotation": [-60, 0, 0],
							"uv": {
								"north": {"uv": [77, 84], "uv_size": [5, 4]},
								"east": {"uv": [43, 76], "uv_size": [2, 4]},
								"south": {"uv": [51, 85], "uv_size": [5, 4]},
								"west": {"uv": [52, 106], "uv_size": [2, 4]},
								"up": {"uv": [102, 92], "uv_size": [5, 2]},
								"down": {"uv": [102, 103], "uv_size": [5, -2]}
							}
						},
						{
							"origin": [-0.91976, 3.7684, 1.65666],
							"size": [1.83952, 1.9292, 0.3822],
							"pivot": [0, 5.34816, 1.53654],
							"rotation": [-90, 0, 0],
							"uv": {
								"north": {"uv": [18, 70], "uv_size": [5, 7]},
								"east": {"uv": [5, 41], "uv_size": [1, 7]},
								"south": {"uv": [23, 70], "uv_size": [5, 7]},
								"west": {"uv": [39, 43], "uv_size": [1, 7]},
								"up": {"uv": [109, 101], "uv_size": [5, 1]},
								"down": {"uv": [109, 103], "uv_size": [5, -1]}
							}
						},
						{
							"origin": [-0.77416, 4.63058, 2.8643],
							"size": [1.58472, 0.546, 0.273],
							"pivot": [0, 5.91914, 2.63498],
							"rotation": [-45, 0, 0],
							"uv": {
								"north": {"uv": [106, 63], "uv_size": [4, 2]},
								"east": {"uv": [66, 93], "uv_size": [1, 2]},
								"south": {"uv": [106, 65], "uv_size": [4, 2]},
								"west": {"uv": [2, 96], "uv_size": [1, 2]},
								"up": {"uv": [110, 98], "uv_size": [4, 1]},
								"down": {"uv": [99, 111], "uv_size": [4, -1]}
							}
						},
						{
							"origin": [-0.91976, 4.60542, 4.05771],
							"size": [1.83952, 1.638, 0.4914],
							"pivot": [0, 5.89398, 4.04679],
							"rotation": [-90, 0, 0],
							"uv": {
								"north": {"uv": [72, 37], "uv_size": [5, 6]},
								"east": {"uv": [69, 98], "uv_size": [2, 6]},
								"south": {"uv": [73, 21], "uv_size": [5, 6]},
								"west": {"uv": [71, 98], "uv_size": [2, 6]},
								"up": {"uv": [103, 2], "uv_size": [5, 2]},
								"down": {"uv": [103, 6], "uv_size": [5, -2]}
							}
						},
						{
							"origin": [-0.91976, 5.36944, 5.07231],
							"size": [1.83952, 0.546, 0.3822],
							"pivot": [0, 6.658, 4.95219],
							"rotation": [-45, 0, 0],
							"uv": {
								"north": {"uv": [103, 7], "uv_size": [5, 2]},
								"east": {"uv": [51, 92], "uv_size": [1, 2]},
								"south": {"uv": [103, 13], "uv_size": [5, 2]},
								"west": {"uv": [20, 93], "uv_size": [1, 2]},
								"up": {"uv": [109, 71], "uv_size": [5, 1]},
								"down": {"uv": [109, 73], "uv_size": [5, -1]}
							}
						}
					]
				},
				{
					"name": "fg_illuminated",
					"parent": "btr7",
					"pivot": [0, 8.90878, -3.14225],
					"cubes": [
						{
							"origin": [-0.02825, 9.36975, -6.75706],
							"size": [0.0565, 0.30532, 0.18848],
							"uv": {
								"north": {"uv": [79, 103], "uv_size": [1, 1]},
								"east": {"uv": [23, 104], "uv_size": [1, 1]},
								"south": {"uv": [35, 104], "uv_size": [1, 1]},
								"west": {"uv": [79, 104], "uv_size": [1, 1]},
								"up": {"uv": [23, 105], "uv_size": [1, 1]},
								"down": {"uv": [79, 106], "uv_size": [1, -1]}
							}
						}
					]
				},
				{
					"name": "md",
					"parent": "btr7",
					"pivot": [0, 1.80766, 1.13142],
					"rotation": [0, -90, 0],
					"cubes": [
						{
							"origin": [-6.51955, 8.0344, -0.03814],
							"size": [0.5591, 0.13978, 2.34631],
							"uv": {
								"north": {"uv": [55, 68], "uv_size": [2, 1]},
								"east": {"uv": [100, 80], "uv_size": [6, 1]},
								"south": {"uv": [16, 76], "uv_size": [2, 1]},
								"west": {"uv": [107, 87], "uv_size": [6, 1]},
								"up": {"uv": [20, 98], "uv_size": [2, 6]},
								"down": {"uv": [22, 104], "uv_size": [2, -6]}
							}
						},
						{
							"origin": [-9.58602, -0.03784, -0.03814],
							"size": [0.5591, 0.48922, 2.34631],
							"pivot": [-0.78248, 1.82684, 4.78816],
							"rotation": [0, 0, 60],
							"uv": {
								"north": {"uv": [106, 109], "uv_size": [2, 2]},
								"east": {"uv": [84, 44], "uv_size": [6, 2]},
								"south": {"uv": [34, 110], "uv_size": [2, 2]},
								"west": {"uv": [96, 45], "uv_size": [6, 2]},
								"up": {"uv": [16, 98], "uv_size": [2, 6]},
								"down": {"uv": [18, 104], "uv_size": [2, -6]}
							}
						},
						{
							"origin": [2.78692, 10.77016, -0.03814],
							"size": [0.5591, 0.13978, 2.34631],
							"pivot": [0.78248, 1.82684, 4.78816],
							"rotation": [0, 0, -60],
							"uv": {
								"north": {"uv": [40, 5], "uv_size": [2, 1]},
								"east": {"uv": [72, 6], "uv_size": [6, 1]},
								"south": {"uv": [4, 56], "uv_size": [2, 1]},
								"west": {"uv": [97, 5], "uv_size": [6, 1]},
								"up": {"uv": [12, 98], "uv_size": [2, 6]},
								"down": {"uv": [14, 104], "uv_size": [2, -6]}
							}
						},
						{
							"origin": [-8.86842, 0.02704, -0.03814],
							"size": [0.5591, 0.48922, 2.34631],
							"pivot": [-0.06487, 2.24115, 4.78816],
							"rotation": [0, 0, 60],
							"uv": {
								"north": {"uv": [80, 78], "uv_size": [2, 2]},
								"east": {"uv": [72, 43], "uv_size": [6, 2]},
								"south": {"uv": [60, 85], "uv_size": [2, 2]},
								"west": {"uv": [84, 7], "uv_size": [6, 2]},
								"up": {"uv": [8, 98], "uv_size": [2, 6]},
								"down": {"uv": [10, 104], "uv_size": [2, -6]}
							}
						},
						{
							"origin": [2.06932, 10.48559, -0.03814],
							"size": [0.5591, 0.83866, 2.34631],
							"pivot": [0.06487, 2.24115, 4.78816],
							"rotation": [0, 0, -60],
							"uv": {
								"north": {"uv": [46, 107], "uv_size": [2, 3]},
								"east": {"uv": [87, 67], "uv_size": [6, 3]},
								"south": {"uv": [93, 107], "uv_size": [2, 3]},
								"west": {"uv": [87, 85], "uv_size": [6, 3]},
								"up": {"uv": [61, 96], "uv_size": [2, 6]},
								"down": {"uv": [49, 103], "uv_size": [2, -6]}
							}
						},
						{
							"origin": [-6.51955, 8.16414, -0.03814],
							"size": [0.5591, 0.83866, 2.34631],
							"uv": {
								"north": {"uv": [62, 28], "uv_size": [2, 3]},
								"east": {"uv": [60, 87], "uv_size": [6, 3]},
								"south": {"uv": [45, 66], "uv_size": [2, 3]},
								"west": {"uv": [66, 87], "uv_size": [6, 3]},
								"up": {"uv": [57, 31], "uv_size": [2, 6]},
								"down": {"uv": [10, 83], "uv_size": [2, -6]}
							}
						}
					]
				},
				{
					"name": "md5",
					"parent": "btr7",
					"pivot": [0, -1.50474, -1.78058],
					"rotation": [0, -90, 0],
					"cubes": [
						{
							"origin": [-6.51955, 4.722, -2.79425],
							"size": [0.5591, 0.13978, 2.02662],
							"uv": {
								"north": {"uv": [113, 8], "uv_size": [2, 1]},
								"east": {"uv": [110, 78], "uv_size": [5, 1]},
								"south": {"uv": [113, 9], "uv_size": [2, 1]},
								"west": {"uv": [110, 79], "uv_size": [5, 1]},
								"up": {"uv": [26, 77], "uv_size": [2, 5]},
								"down": {"uv": [78, 37], "uv_size": [2, -5]}
							}
						},
						{
							"origin": [-9.58602, -3.35024, -2.79425],
							"size": [0.5591, 0.48922, 2.02662],
							"pivot": [-0.78248, -1.48556, 1.87616],
							"rotation": [0, 0, 60],
							"uv": {
								"north": {"uv": [111, 37], "uv_size": [2, 2]},
								"east": {"uv": [104, 59], "uv_size": [5, 2]},
								"south": {"uv": [38, 111], "uv_size": [2, 2]},
								"west": {"uv": [104, 61], "uv_size": [5, 2]},
								"up": {"uv": [77, 102], "uv_size": [2, 5]},
								"down": {"uv": [0, 108], "uv_size": [2, -5]}
							}
						},
						{
							"origin": [2.78692, 7.45776, -2.79425],
							"size": [0.5591, 0.13978, 2.02662],
							"pivot": [0.78248, -1.48556, 1.87616],
							"rotation": [0, 0, -60],
							"uv": {
								"north": {"uv": [10, 113], "uv_size": [2, 1]},
								"east": {"uv": [110, 80], "uv_size": [5, 1]},
								"south": {"uv": [113, 10], "uv_size": [2, 1]},
								"west": {"uv": [90, 110], "uv_size": [5, 1]},
								"up": {"uv": [44, 103], "uv_size": [2, 5]},
								"down": {"uv": [104, 68], "uv_size": [2, -5]}
							}
						},
						{
							"origin": [-8.86842, -3.28536, -2.79425],
							"size": [0.5591, 0.48922, 2.02662],
							"pivot": [-0.06487, -1.07125, 1.87616],
							"rotation": [0, 0, 60],
							"uv": {
								"north": {"uv": [40, 111], "uv_size": [2, 2]},
								"east": {"uv": [68, 104], "uv_size": [5, 2]},
								"south": {"uv": [42, 111], "uv_size": [2, 2]},
								"west": {"uv": [104, 71], "uv_size": [5, 2]},
								"up": {"uv": [104, 73], "uv_size": [2, 5]},
								"down": {"uv": [30, 110], "uv_size": [2, -5]}
							}
						},
						{
							"origin": [2.06932, 7.17319, -2.79425],
							"size": [0.5591, 0.83866, 2.02662],
							"pivot": [0.06487, -1.07125, 1.87616],
							"rotation": [0, 0, -60],
							"uv": {
								"north": {"uv": [72, 109], "uv_size": [2, 3]},
								"east": {"uv": [70, 95], "uv_size": [5, 3]},
								"south": {"uv": [74, 109], "uv_size": [2, 3]},
								"west": {"uv": [95, 72], "uv_size": [5, 3]},
								"up": {"uv": [32, 105], "uv_size": [2, 5]},
								"down": {"uv": [34, 110], "uv_size": [2, -5]}
							}
						},
						{
							"origin": [-6.51955, 4.85174, -2.79425],
							"size": [0.5591, 0.83866, 2.02662],
							"uv": {
								"north": {"uv": [76, 109], "uv_size": [2, 3]},
								"east": {"uv": [75, 95], "uv_size": [5, 3]},
								"south": {"uv": [78, 109], "uv_size": [2, 3]},
								"west": {"uv": [95, 75], "uv_size": [5, 3]},
								"up": {"uv": [102, 105], "uv_size": [2, 5]},
								"down": {"uv": [104, 110], "uv_size": [2, -5]}
							}
						}
					]
				},
				{
					"name": "md4",
					"parent": "btr7",
					"pivot": [0, -2.88794, 1.87762],
					"rotation": [0, -90, 0],
					"cubes": [
						{
							"origin": [-6.51955, 3.6846, 0.87975],
							"size": [0.5591, 0.13978, 2.04962],
							"uv": {
								"north": {"uv": [78, 112], "uv_size": [2, 1]},
								"east": {"uv": [108, 42], "uv_size": [6, 1]},
								"south": {"uv": [80, 112], "uv_size": [2, 1]},
								"west": {"uv": [72, 108], "uv_size": [6, 1]},
								"up": {"uv": [6, 102], "uv_size": [2, 6]},
								"down": {"uv": [24, 108], "uv_size": [2, -6]}
							}
						},
						{
							"origin": [-9.8855, -4.56053, 0.87975],
							"size": [0.5591, 0.48922, 2.04962],
							"pivot": [-0.78248, -2.86876, 5.53436],
							"rotation": [0, 0, 60],
							"uv": {
								"north": {"uv": [111, 29], "uv_size": [2, 2]},
								"east": {"uv": [102, 15], "uv_size": [6, 2]},
								"south": {"uv": [30, 111], "uv_size": [2, 2]},
								"west": {"uv": [102, 45], "uv_size": [6, 2]},
								"up": {"uv": [26, 102], "uv_size": [2, 6]},
								"down": {"uv": [28, 108], "uv_size": [2, -6]}
							}
						},
						{
							"origin": [3.08639, 6.24746, 0.87975],
							"size": [0.5591, 0.13978, 2.04962],
							"pivot": [0.78248, -2.86876, 5.53436],
							"rotation": [0, 0, -60],
							"uv": {
								"north": {"uv": [82, 112], "uv_size": [2, 1]},
								"east": {"uv": [108, 77], "uv_size": [6, 1]},
								"south": {"uv": [84, 112], "uv_size": [2, 1]},
								"west": {"uv": [78, 108], "uv_size": [6, 1]},
								"up": {"uv": [40, 102], "uv_size": [2, 6]},
								"down": {"uv": [42, 108], "uv_size": [2, -6]}
							}
						},
						{
							"origin": [2.35839, 5.81066, 1.46215],
							"size": [0.8503, 0.13978, 0.88482],
							"pivot": [0.34568, -3.30556, 5.53436],
							"rotation": [0, 0, -60],
							"uv": {
								"north": {"uv": [12, 112], "uv_size": [3, 1]},
								"east": {"uv": [113, 7], "uv_size": [2, 1]},
								"south": {"uv": [15, 112], "uv_size": [3, 1]},
								"west": {"uv": [8, 113], "uv_size": [2, 1]},
								"up": {"uv": [109, 0], "uv_size": [3, 2]},
								"down": {"uv": [109, 29], "uv_size": [3, -2]}
							}
						},
						{
							"origin": [-9.1679, -4.49567, 0.87975],
							"size": [0.5591, 0.48922, 2.04962],
							"pivot": [-0.06487, -2.45445, 5.53436],
							"rotation": [0, 0, 60],
							"uv": {
								"north": {"uv": [111, 31], "uv_size": [2, 2]},
								"east": {"uv": [51, 102], "uv_size": [6, 2]},
								"south": {"uv": [32, 111], "uv_size": [2, 2]},
								"west": {"uv": [102, 52], "uv_size": [6, 2]},
								"up": {"uv": [102, 55], "uv_size": [2, 6]},
								"down": {"uv": [60, 108], "uv_size": [2, -6]}
							}
						},
						{
							"origin": [2.36879, 5.96289, 0.87975],
							"size": [0.5591, 0.83866, 2.04962],
							"pivot": [0.06487, -2.45445, 5.53436],
							"rotation": [0, 0, -60],
							"uv": {
								"north": {"uv": [108, 78], "uv_size": [2, 3]},
								"east": {"uv": [90, 64], "uv_size": [6, 3]},
								"south": {"uv": [84, 108], "uv_size": [2, 3]},
								"west": {"uv": [90, 78], "uv_size": [6, 3]},
								"up": {"uv": [102, 61], "uv_size": [2, 6]},
								"down": {"uv": [62, 108], "uv_size": [2, -6]}
							}
						},
						{
							"origin": [-6.51955, 3.81434, 0.87975],
							"size": [0.5591, 0.83866, 2.04962],
							"uv": {
								"north": {"uv": [86, 108], "uv_size": [2, 3]},
								"east": {"uv": [91, 3], "uv_size": [6, 3]},
								"south": {"uv": [88, 108], "uv_size": [2, 3]},
								"west": {"uv": [91, 20], "uv_size": [6, 3]},
								"up": {"uv": [64, 102], "uv_size": [2, 6]},
								"down": {"uv": [102, 78], "uv_size": [2, -6]}
							}
						}
					]
				},
				{
					"name": "md2",
					"parent": "btr7",
					"pivot": [0, -6.69174, 9.28502],
					"rotation": [0, -90, 0],
					"cubes": [
						{
							"origin": [-6.51955, -0.465, 8.16215],
							"size": [0.5591, 0.13978, 2.29962],
							"uv": {
								"north": {"uv": [34, 112], "uv_size": [2, 1]},
								"east": {"uv": [108, 21], "uv_size": [6, 1]},
								"south": {"uv": [36, 112], "uv_size": [2, 1]},
								"west": {"uv": [108, 39], "uv_size": [6, 1]},
								"up": {"uv": [73, 101], "uv_size": [2, 6]},
								"down": {"uv": [75, 107], "uv_size": [2, -6]}
							}
						},
						{
							"origin": [-9.58602, -8.53724, 8.16215],
							"size": [0.5591, 0.48922, 2.29962],
							"pivot": [-0.78248, -6.67256, 12.94176],
							"rotation": [0, 0, 60],
							"uv": {
								"north": {"uv": [111, 15], "uv_size": [2, 2]},
								"east": {"uv": [100, 48], "uv_size": [6, 2]},
								"south": {"uv": [111, 17], "uv_size": [2, 2]},
								"west": {"uv": [100, 50], "uv_size": [6, 2]},
								"up": {"uv": [80, 101], "uv_size": [2, 6]},
								"down": {"uv": [82, 107], "uv_size": [2, -6]}
							}
						},
						{
							"origin": [2.78692, 2.27076, 8.16215],
							"size": [0.5591, 0.13978, 2.29962],
							"pivot": [0.78248, -6.67256, 12.94176],
							"rotation": [0, 0, -60],
							"uv": {
								"north": {"uv": [46, 112], "uv_size": [2, 1]},
								"east": {"uv": [108, 40], "uv_size": [6, 1]},
								"south": {"uv": [48, 112], "uv_size": [2, 1]},
								"west": {"uv": [108, 41], "uv_size": [6, 1]},
								"up": {"uv": [84, 101], "uv_size": [2, 6]},
								"down": {"uv": [86, 107], "uv_size": [2, -6]}
							}
						},
						{
							"origin": [-8.86842, -8.47236, 8.16215],
							"size": [0.5591, 0.48922, 2.29962],
							"pivot": [-0.06487, -6.25825, 12.94176],
							"rotation": [0, 0, 60],
							"uv": {
								"north": {"uv": [22, 111], "uv_size": [2, 2]},
								"east": {"uv": [100, 78], "uv_size": [6, 2]},
								"south": {"uv": [24, 111], "uv_size": [2, 2]},
								"west": {"uv": [100, 82], "uv_size": [6, 2]},
								"up": {"uv": [88, 101], "uv_size": [2, 6]},
								"down": {"uv": [90, 107], "uv_size": [2, -6]}
							}
						},
						{
							"origin": [2.06932, 1.98619, 8.16215],
							"size": [0.5591, 0.83866, 2.29962],
							"pivot": [0.06487, -6.25825, 12.94176],
							"rotation": [0, 0, -60],
							"uv": {
								"north": {"uv": [42, 108], "uv_size": [2, 3]},
								"east": {"uv": [90, 44], "uv_size": [6, 3]},
								"south": {"uv": [44, 108], "uv_size": [2, 3]},
								"west": {"uv": [90, 51], "uv_size": [6, 3]},
								"up": {"uv": [92, 101], "uv_size": [2, 6]},
								"down": {"uv": [94, 107], "uv_size": [2, -6]}
							}
						},
						{
							"origin": [-6.51955, -0.33526, 8.16215],
							"size": [0.5591, 0.83866, 2.29962],
							"uv": {
								"north": {"uv": [48, 108], "uv_size": [2, 3]},
								"east": {"uv": [55, 90], "uv_size": [6, 3]},
								"south": {"uv": [50, 108], "uv_size": [2, 3]},
								"west": {"uv": [61, 90], "uv_size": [6, 3]},
								"up": {"uv": [101, 95], "uv_size": [2, 6]},
								"down": {"uv": [96, 107], "uv_size": [2, -6]}
							}
						}
					]
				},
				{
					"name": "constraint",
					"parent": "btr7",
					"pivot": [0, 9.4625, -6.9375]
				},
				{
					"name": "scope_pos",
					"parent": "btr7",
					"pivot": [0, 9.7125, 10.8625]
				},
				{
					"name": "refit_scope_view",
					"parent": "btr7",
					"pivot": [6.4, 10.4625, -7.6875],
					"rotation": [0, 90, 0]
				},
				{
					"name": "refit_extended_mag_view",
					"parent": "btr7",
					"pivot": [6.4, 0.8625, -8.4875],
					"rotation": [160, 42.5, 180]
				},
				{
					"name": "refit_muzzle_view",
					"parent": "btr7",
					"pivot": [5.6, 6.4625, -18.0875],
					"rotation": [160, 42.5, 180]
				},
				{
					"name": "camera",
					"pivot": [6.3125, 13.4375, 18.25]
				},
				{
					"name": "positioning",
					"pivot": [0, 0, 0]
				},
				{
					"name": "ground",
					"parent": "positioning",
					"pivot": [0, 0, 0]
				},
				{
					"name": "fixed",
					"parent": "positioning",
					"pivot": [1.4375, 7, 0],
					"rotation": [0, 90, 0]
				},
				{
					"name": "thirdperson_hand",
					"parent": "positioning",
					"pivot": [0, 4, 1.5],
					"rotation": [0, -15, 0]
				},
				{
					"name": "idle_view",
					"parent": "positioning",
					"pivot": [4.3125, 12.4375, 19.25]
				},
				{
					"name": "iron_view",
					"parent": "positioning",
					"pivot": [0, 9.8125, 13.1875]
				},
				{
					"name": "refit_view",
					"parent": "positioning",
					"pivot": [23.1875, 5.25, 0],
					"rotation": [0, 90, 0]
				}
			]
		}
	]
}