{
	"format_version": "1.12.0",
	"minecraft:geometry": [
		{
			"description": {
				"identifier": "geometry.unknown",
				"texture_width": 128,
				"texture_height": 128,
				"visible_bounds_width": 6,
				"visible_bounds_height": 4,
				"visible_bounds_offset": [0, 0, 0]
			},
			"bones": [
				{
					"name": "root",
					"pivot": [0, 2, 5]
				},
				{
					"name": "lh",
					"parent": "root",
					"pivot": [-6, 0, 0]
				},
				{
					"name": "pickaxe",
					"parent": "lh",
					"pivot": [-6.5, 10, 0.5]
				},
				{
					"name": "muzzle_pos",
					"parent": "pickaxe",
					"pivot": [-6.5, 10, -7.5]
				},
				{
					"name": "lefthand_pos",
					"parent": "lh",
					"pivot": [0, 0, 0],
					"cubes": [
						{
							"origin": [-8, 0, -2],
							"size": [4, 12, 4],
							"uv": {
								"north": {"uv": [0, 0], "uv_size": [4, 12]},
								"east": {"uv": [0, 0], "uv_size": [4, 12]},
								"south": {"uv": [0, 0], "uv_size": [4, 12]},
								"west": {"uv": [0, 0], "uv_size": [4, 12]},
								"up": {"uv": [4, 4], "uv_size": [-4, -4]},
								"down": {"uv": [4, 4], "uv_size": [-4, -4]}
							}
						}
					]
				},
				{
					"name": "bullet5",
					"parent": "lh",
					"pivot": [-3.5, 9, 0.5],
					"rotation": [0, 90, 0],
					"cubes": [
						{
							"origin": [-2.5, 9.2, 0.225],
							"size": [1.6, 1.6, 3.65],
							"uv": {
								"north": {"uv": [31, 63], "uv_size": [2, 2]},
								"east": {"uv": [22, 56], "uv_size": [4.5, 2]},
								"south": {"uv": [63, 35], "uv_size": [2, 2]},
								"west": {"uv": [54, 56], "uv_size": [4.5, 2]},
								"up": {"uv": [0, 57], "uv_size": [2, 4.5]},
								"down": {"uv": [57, 10.5], "uv_size": [2, -4.5]}
							}
						},
						{
							"origin": [-2.6, 9.07554, 0.02703],
							"size": [1.8, 1.8, 0.2],
							"uv": {
								"north": {"uv": [57, 62], "uv_size": [2.25, 2.25]},
								"east": {"uv": [2, 71], "uv_size": [0.25, 2.25]},
								"south": {"uv": [62, 58], "uv_size": [2.25, 2.25]},
								"west": {"uv": [71, 2], "uv_size": [0.25, 2.25]},
								"up": {"uv": [3, 71], "uv_size": [2.25, 0.25]},
								"down": {"uv": [71, 5.25], "uv_size": [2.25, -0.25]}
							}
						},
						{
							"origin": [-2, 9.67554, -0.02297],
							"size": [0.6, 0.6, 0.25],
							"uv": {
								"north": {"uv": [71, 9], "uv_size": [0.75, 0.75]},
								"east": {"uv": [40, 72], "uv_size": [0.25, 0.75]},
								"south": {"uv": [71, 10], "uv_size": [0.75, 0.75]},
								"west": {"uv": [41, 72], "uv_size": [0.25, 0.75]},
								"up": {"uv": [72, 41], "uv_size": [0.75, 0.25]},
								"down": {"uv": [42, 72.25], "uv_size": [0.75, -0.25]}
							}
						},
						{
							"origin": [-5.1, 9.2, 0.225],
							"size": [1.6, 1.6, 3.65],
							"uv": {
								"north": {"uv": [27, 63], "uv_size": [2, 2]},
								"east": {"uv": [54, 54], "uv_size": [4.5, 2]},
								"south": {"uv": [29, 63], "uv_size": [2, 2]},
								"west": {"uv": [12, 56], "uv_size": [4.5, 2]},
								"up": {"uv": [40, 55], "uv_size": [2, 4.5]},
								"down": {"uv": [17, 60.5], "uv_size": [2, -4.5]}
							}
						},
						{
							"origin": [-5.2, 9.07554, 0.02703],
							"size": [1.8, 1.8, 0.2],
							"uv": {
								"north": {"uv": [60, 62], "uv_size": [2.25, 2.25]},
								"east": {"uv": [7, 71], "uv_size": [0.25, 2.25]},
								"south": {"uv": [63, 17], "uv_size": [2.25, 2.25]},
								"west": {"uv": [8, 71], "uv_size": [0.25, 2.25]},
								"up": {"uv": [71, 8], "uv_size": [2.25, 0.25]},
								"down": {"uv": [9, 71.25], "uv_size": [2.25, -0.25]}
							}
						},
						{
							"origin": [-4.6, 9.67554, -0.02297],
							"size": [0.6, 0.6, 0.25],
							"uv": {
								"north": {"uv": [71, 11], "uv_size": [0.75, 0.75]},
								"east": {"uv": [72, 42], "uv_size": [0.25, 0.75]},
								"south": {"uv": [12, 71], "uv_size": [0.75, 0.75]},
								"west": {"uv": [43, 72], "uv_size": [0.25, 0.75]},
								"up": {"uv": [72, 43], "uv_size": [0.75, 0.25]},
								"down": {"uv": [44, 72.25], "uv_size": [0.75, -0.25]}
							}
						}
					]
				},
				{
					"name": "righthand_and_gun",
					"parent": "root",
					"pivot": [0, 0, 0]
				},
				{
					"name": "shot",
					"parent": "righthand_and_gun",
					"pivot": [0, 2.6875, 3.75],
					"rotation": [0, 180, 0]
				},
				{
					"name": "qt",
					"parent": "shot",
					"pivot": [0, 3.2, 13.325],
					"cubes": [
						{
							"origin": [-3.3, 4, 8.275],
							"size": [5.6, 3.15, 17.2],
							"uv": {
								"north": {"uv": [5, 38], "uv_size": [7, 4]},
								"east": {"uv": [12, 22], "uv_size": [21.5, 4]},
								"south": {"uv": [38, 6], "uv_size": [7, 4]},
								"west": {"uv": [12, 26], "uv_size": [21.5, 4]},
								"up": {"uv": [0, 0], "uv_size": [7, 21.5]},
								"down": {"uv": [7, 21.5], "uv_size": [7, -21.5]}
							}
						},
						{
							"origin": [0, 5.2, 8.225],
							"size": [1.6, 1.6, 17.3],
							"uv": {
								"north": {"uv": [40, 34], "uv_size": [2, 2]},
								"east": {"uv": [28, 14], "uv_size": [21.75, 2]},
								"south": {"uv": [22, 62], "uv_size": [2, 2]},
								"west": {"uv": [28, 16], "uv_size": [21.75, 2]},
								"up": {"uv": [12, 30], "uv_size": [2, 21.75]},
								"down": {"uv": [14, 51.75], "uv_size": [2, -21.75]}
							}
						},
						{
							"origin": [-2.6, 5.2, 8.225],
							"size": [1.6, 1.6, 17.3],
							"uv": {
								"north": {"uv": [37, 62], "uv_size": [2, 2]},
								"east": {"uv": [28, 18], "uv_size": [21.75, 2]},
								"south": {"uv": [49, 62], "uv_size": [2, 2]},
								"west": {"uv": [28, 20], "uv_size": [21.75, 2]},
								"up": {"uv": [16, 30], "uv_size": [2, 21.75]},
								"down": {"uv": [18, 51.75], "uv_size": [2, -21.75]}
							}
						},
						{
							"origin": [-2.8, 3.15, 13.275],
							"size": [4.6, 0.85, 12.2],
							"uv": {
								"north": {"uv": [59, 57], "uv_size": [5.75, 1]},
								"east": {"uv": [51, 2], "uv_size": [15.25, 1]},
								"south": {"uv": [61, 14], "uv_size": [5.75, 1]},
								"west": {"uv": [51, 3], "uv_size": [15.25, 1]},
								"up": {"uv": [0, 22], "uv_size": [5.75, 15.25]},
								"down": {"uv": [6, 37.25], "uv_size": [5.75, -15.25]}
							}
						},
						{
							"origin": [-1.95, 2.75, 12.325],
							"size": [2.85, 0.35, 2.7],
							"uv": {
								"north": {"uv": [46, 67], "uv_size": [3.5, 0.5]},
								"east": {"uv": [67, 48], "uv_size": [3.5, 0.5]},
								"south": {"uv": [67, 49], "uv_size": [3.5, 0.5]},
								"west": {"uv": [50, 67], "uv_size": [3.5, 0.5]},
								"up": {"uv": [12, 52], "uv_size": [3.5, 3.5]},
								"down": {"uv": [16, 55.5], "uv_size": [3.5, -3.5]}
							}
						},
						{
							"origin": [-1.6, 1.45, 15.025],
							"size": [2.2, 1.8, 10.4],
							"uv": {
								"north": {"uv": [59, 54], "uv_size": [2.75, 2.25]},
								"east": {"uv": [38, 0], "uv_size": [13, 2.25]},
								"south": {"uv": [28, 60], "uv_size": [2.75, 2.25]},
								"west": {"uv": [38, 3], "uv_size": [13, 2.25]},
								"up": {"uv": [35, 0], "uv_size": [2.75, 13]},
								"down": {"uv": [34, 49], "uv_size": [2.75, -13]}
							}
						},
						{
							"origin": [-1, 1.2, 16.325],
							"size": [1, 0.25, 7.5],
							"uv": {
								"north": {"uv": [72, 18], "uv_size": [1.25, 0.25]},
								"east": {"uv": [66, 32], "uv_size": [9.5, 0.25]},
								"south": {"uv": [72, 19], "uv_size": [1.25, 0.25]},
								"west": {"uv": [66, 33], "uv_size": [9.5, 0.25]},
								"up": {"uv": [30, 50], "uv_size": [1.25, 9.5]},
								"down": {"uv": [45, 59.5], "uv_size": [1.25, -9.5]}
							}
						},
						{
							"origin": [-1.15, 0.85, 23.825],
							"size": [1.3, 0.25, -0.3],
							"uv": {
								"north": {"uv": [58, 71], "uv_size": [1.75, 0.25]},
								"east": {"uv": [72, 48], "uv_size": [0.5, 0.25]},
								"south": {"uv": [60, 71], "uv_size": [1.75, 0.25]},
								"west": {"uv": [49, 72], "uv_size": [0.5, 0.25]},
								"down": {"uv": [50, 69.5], "uv_size": [1.75, -0.5]}
							}
						},
						{
							"origin": [-1.15, 0.85, 23.025],
							"size": [1.3, 0.25, -0.3],
							"uv": {
								"north": {"uv": [71, 61], "uv_size": [1.75, 0.25]},
								"east": {"uv": [72, 49], "uv_size": [0.5, 0.25]},
								"south": {"uv": [62, 71], "uv_size": [1.75, 0.25]},
								"west": {"uv": [50, 72], "uv_size": [0.5, 0.25]},
								"down": {"uv": [54, 69.5], "uv_size": [1.75, -0.5]}
							}
						},
						{
							"origin": [-1.15, 0.85, 22.225],
							"size": [1.3, 0.25, -0.3],
							"uv": {
								"north": {"uv": [64, 71], "uv_size": [1.75, 0.25]},
								"east": {"uv": [51, 72], "uv_size": [0.5, 0.25]},
								"south": {"uv": [71, 64], "uv_size": [1.75, 0.25]},
								"west": {"uv": [52, 72], "uv_size": [0.5, 0.25]},
								"down": {"uv": [58, 69.5], "uv_size": [1.75, -0.5]}
							}
						},
						{
							"origin": [-1.15, 0.85, 21.425],
							"size": [1.3, 0.25, -0.3],
							"uv": {
								"north": {"uv": [66, 71], "uv_size": [1.75, 0.25]},
								"east": {"uv": [53, 72], "uv_size": [0.5, 0.25]},
								"south": {"uv": [71, 66], "uv_size": [1.75, 0.25]},
								"west": {"uv": [54, 72], "uv_size": [0.5, 0.25]},
								"down": {"uv": [62, 69.5], "uv_size": [1.75, -0.5]}
							}
						},
						{
							"origin": [-1.15, 0.85, 20.625],
							"size": [1.3, 0.25, -0.3],
							"uv": {
								"north": {"uv": [71, 67], "uv_size": [1.75, 0.25]},
								"east": {"uv": [72, 54], "uv_size": [0.5, 0.25]},
								"south": {"uv": [68, 71], "uv_size": [1.75, 0.25]},
								"west": {"uv": [55, 72], "uv_size": [0.5, 0.25]},
								"down": {"uv": [69, 66.5], "uv_size": [1.75, -0.5]}
							}
						},
						{
							"origin": [-1.15, 0.85, 19.825],
							"size": [1.3, 0.25, -0.3],
							"uv": {
								"north": {"uv": [70, 71], "uv_size": [1.75, 0.25]},
								"east": {"uv": [72, 55], "uv_size": [0.5, 0.25]},
								"south": {"uv": [71, 70], "uv_size": [1.75, 0.25]},
								"west": {"uv": [56, 72], "uv_size": [0.5, 0.25]},
								"down": {"uv": [68, 69.5], "uv_size": [1.75, -0.5]}
							}
						},
						{
							"origin": [-1.15, 0.85, 19.025],
							"size": [1.3, 0.25, -0.3],
							"uv": {
								"north": {"uv": [0, 72], "uv_size": [1.75, 0.25]},
								"east": {"uv": [72, 56], "uv_size": [0.5, 0.25]},
								"south": {"uv": [72, 0], "uv_size": [1.75, 0.25]},
								"west": {"uv": [57, 72], "uv_size": [0.5, 0.25]},
								"down": {"uv": [4, 70.5], "uv_size": [1.75, -0.5]}
							}
						},
						{
							"origin": [-1.15, 0.85, 18.225],
							"size": [1.3, 0.25, -0.3],
							"uv": {
								"north": {"uv": [72, 1], "uv_size": [1.75, 0.25]},
								"east": {"uv": [72, 57], "uv_size": [0.5, 0.25]},
								"south": {"uv": [72, 2], "uv_size": [1.75, 0.25]},
								"west": {"uv": [58, 72], "uv_size": [0.5, 0.25]},
								"down": {"uv": [70, 7.5], "uv_size": [1.75, -0.5]}
							}
						},
						{
							"origin": [-1.15, 0.85, 16.625],
							"size": [1.3, 0.25, -0.3],
							"uv": {
								"north": {"uv": [3, 72], "uv_size": [1.75, 0.25]},
								"east": {"uv": [72, 58], "uv_size": [0.5, 0.25]},
								"south": {"uv": [72, 3], "uv_size": [1.75, 0.25]},
								"west": {"uv": [59, 72], "uv_size": [0.5, 0.25]},
								"down": {"uv": [11, 70.5], "uv_size": [1.75, -0.5]}
							}
						},
						{
							"origin": [-1.15, 0.85, 17.425],
							"size": [1.3, 0.25, -0.3],
							"uv": {
								"north": {"uv": [72, 4], "uv_size": [1.75, 0.25]},
								"east": {"uv": [72, 59], "uv_size": [0.5, 0.25]},
								"south": {"uv": [5, 72], "uv_size": [1.75, 0.25]},
								"west": {"uv": [60, 72], "uv_size": [0.5, 0.25]},
								"down": {"uv": [70, 14.5], "uv_size": [1.75, -0.5]}
							}
						},
						{
							"origin": [-1.15, 1.1, 16.325],
							"size": [1.25, 0.15, 7.5],
							"uv": {
								"north": {"uv": [9, 72], "uv_size": [1.5, 0.25]},
								"east": {"uv": [66, 37], "uv_size": [9.5, 0.25]},
								"south": {"uv": [72, 9], "uv_size": [1.5, 0.25]},
								"west": {"uv": [66, 38], "uv_size": [9.5, 0.25]},
								"down": {"uv": [28, 59.5], "uv_size": [1.5, -9.5]}
							}
						},
						{
							"origin": [1.23612, 2.04821, 15.025],
							"size": [1.95, 0.95, 10.4],
							"pivot": [1.43612, 1.19821, 11.125],
							"rotation": [0, 0, -60],
							"uv": {
								"north": {"uv": [46, 65], "uv_size": [2.5, 1.25]},
								"east": {"uv": [50, 18], "uv_size": [13, 1.25]},
								"south": {"uv": [65, 62], "uv_size": [2.5, 1.25]},
								"west": {"uv": [50, 20], "uv_size": [13, 1.25]},
								"up": {"uv": [26, 37], "uv_size": [2.5, 13]},
								"down": {"uv": [29, 50], "uv_size": [2.5, -13]}
							}
						},
						{
							"origin": [-4.23612, 2.39462, 15.025],
							"size": [2.2, 1, 10.4],
							"pivot": [-2.63612, 1.54462, 11.125],
							"rotation": [0, 0, 60],
							"uv": {
								"north": {"uv": [16, 65], "uv_size": [2.75, 1.25]},
								"east": {"uv": [49, 50], "uv_size": [13, 1.25]},
								"south": {"uv": [24, 65], "uv_size": [2.75, 1.25]},
								"west": {"uv": [51, 0], "uv_size": [13, 1.25]},
								"up": {"uv": [20, 37], "uv_size": [2.75, 13]},
								"down": {"uv": [23, 50], "uv_size": [2.75, -13]}
							}
						},
						{
							"origin": [-3.01716, 7.13284, 8.275],
							"size": [5.05, 0.3, 17.2],
							"uv": {
								"north": {"uv": [65, 36], "uv_size": [6.25, 0.5]},
								"east": {"uv": [53, 52], "uv_size": [21.5, 0.5]},
								"south": {"uv": [65, 42], "uv_size": [6.25, 0.5]},
								"west": {"uv": [53, 53], "uv_size": [21.5, 0.5]},
								"up": {"uv": [14, 0], "uv_size": [6.25, 21.5]},
								"down": {"uv": [21, 21.5], "uv_size": [6.25, -21.5]}
							}
						},
						{
							"origin": [-0.71716, 7.43284, 22.975],
							"size": [0.45, 0.45, 1.9],
							"uv": {
								"north": {"uv": [32, 72], "uv_size": [0.5, 0.5]},
								"east": {"uv": [56, 68], "uv_size": [2.5, 0.5]},
								"south": {"uv": [33, 72], "uv_size": [0.5, 0.5]},
								"west": {"uv": [59, 68], "uv_size": [2.5, 0.5]},
								"up": {"uv": [19, 68], "uv_size": [0.5, 2.5]},
								"down": {"uv": [24, 70.5], "uv_size": [0.5, -2.5]}
							}
						},
						{
							"origin": [-0.71716, 7.16464, 22.6568],
							"size": [0.45, 0.85, 0.45],
							"pivot": [-0.71716, 7.56464, 22.6568],
							"rotation": [-45, 0, 0],
							"uv": {
								"north": {"uv": [46, 71], "uv_size": [0.5, 1]},
								"east": {"uv": [71, 46], "uv_size": [0.5, 1]},
								"south": {"uv": [47, 71], "uv_size": [0.5, 1]},
								"west": {"uv": [71, 47], "uv_size": [0.5, 1]}
							}
						},
						{
							"origin": [-0.71716, 7.9747, 23.56685],
							"size": [0.45, 0.45, 0.8],
							"pivot": [-0.71716, 6.5747, 23.56685],
							"rotation": [-45, 0, 0],
							"uv": {
								"east": {"uv": [48, 71], "uv_size": [1, 0.5]},
								"west": {"uv": [71, 48], "uv_size": [1, 0.5]},
								"up": {"uv": [49, 71], "uv_size": [0.5, 1]},
								"down": {"uv": [71, 50], "uv_size": [0.5, -1]}
							}
						},
						{
							"origin": [-2.46716, 7.43284, 9.225],
							"size": [0.85, 0.55, 1.95],
							"uv": {
								"north": {"uv": [49, 70], "uv_size": [1, 0.75]},
								"east": {"uv": [67, 14], "uv_size": [2.5, 0.75]},
								"south": {"uv": [50, 70], "uv_size": [1, 0.75]},
								"west": {"uv": [67, 15], "uv_size": [2.5, 0.75]},
								"up": {"uv": [31, 60], "uv_size": [1, 2.5]},
								"down": {"uv": [9, 68.5], "uv_size": [1, -2.5]}
							}
						},
						{
							"origin": [-1.81716, 7.43284, 9.575],
							"size": [0.8, 0.4, 1.6],
							"uv": {
								"north": {"uv": [28, 71], "uv_size": [1, 0.5]},
								"east": {"uv": [69, 10], "uv_size": [2, 0.5]},
								"south": {"uv": [29, 71], "uv_size": [1, 0.5]},
								"west": {"uv": [69, 11], "uv_size": [2, 0.5]},
								"up": {"uv": [55, 66], "uv_size": [1, 2]},
								"down": {"uv": [56, 68], "uv_size": [1, -2]}
							}
						},
						{
							"origin": [0.03284, 7.43284, 9.575],
							"size": [0.8, 0.4, 1.6],
							"uv": {
								"north": {"uv": [33, 71], "uv_size": [1, 0.5]},
								"east": {"uv": [69, 17], "uv_size": [2, 0.5]},
								"south": {"uv": [71, 35], "uv_size": [1, 0.5]},
								"west": {"uv": [22, 69], "uv_size": [2, 0.5]},
								"up": {"uv": [57, 66], "uv_size": [1, 2]},
								"down": {"uv": [58, 68], "uv_size": [1, -2]}
							}
						},
						{
							"origin": [0.63284, 7.43284, 9.225],
							"size": [0.85, 0.55, 1.95],
							"uv": {
								"north": {"uv": [51, 70], "uv_size": [1, 0.75]},
								"east": {"uv": [67, 16], "uv_size": [2.5, 0.75]},
								"south": {"uv": [52, 70], "uv_size": [1, 0.75]},
								"west": {"uv": [22, 67], "uv_size": [2.5, 0.75]},
								"up": {"uv": [27, 66], "uv_size": [1, 2.5]},
								"down": {"uv": [28, 68.5], "uv_size": [1, -2.5]}
							}
						},
						{
							"origin": [0.38284, 7.44814, 10.18752],
							"size": [1.45, 0.25, 2.6],
							"uv": {
								"north": {"uv": [71, 51], "uv_size": [1.75, 0.25]},
								"east": {"uv": [70, 15], "uv_size": [3.25, 0.25]},
								"south": {"uv": [52, 71], "uv_size": [1.75, 0.25]},
								"west": {"uv": [70, 16], "uv_size": [3.25, 0.25]},
								"up": {"uv": [3, 61], "uv_size": [1.75, 3.25]},
								"down": {"uv": [5, 64.25], "uv_size": [1.75, -3.25]}
							}
						},
						{
							"origin": [-2.81716, 7.44814, 10.18752],
							"size": [1.45, 0.25, 2.6],
							"uv": {
								"north": {"uv": [54, 71], "uv_size": [1.75, 0.25]},
								"east": {"uv": [70, 39], "uv_size": [3.25, 0.25]},
								"south": {"uv": [56, 71], "uv_size": [1.75, 0.25]},
								"west": {"uv": [70, 40], "uv_size": [3.25, 0.25]},
								"up": {"uv": [17, 61], "uv_size": [1.75, 3.25]},
								"down": {"uv": [61, 37.25], "uv_size": [1.75, -3.25]}
							}
						},
						{
							"origin": [-0.01716, 6.86823, 10.86369],
							"size": [1.5, 0.55, 1.1],
							"pivot": [2.93284, 6.51823, 13.16369],
							"rotation": [-15, 0, 0],
							"uv": {
								"north": {"uv": [0, 68], "uv_size": [2, 0.75]},
								"east": {"uv": [68, 63], "uv_size": [1.5, 0.75]},
								"south": {"uv": [3, 68], "uv_size": [2, 0.75]},
								"west": {"uv": [68, 65], "uv_size": [1.5, 0.75]},
								"up": {"uv": [66, 7], "uv_size": [2, 1.5]},
								"down": {"uv": [66, 10.5], "uv_size": [2, -1.5]}
							}
						},
						{
							"origin": [-2.46716, 6.86823, 10.86369],
							"size": [1.5, 0.55, 1.1],
							"pivot": [0.48284, 6.51823, 13.16369],
							"rotation": [-15, 0, 0],
							"uv": {
								"north": {"uv": [68, 6], "uv_size": [2, 0.75]},
								"east": {"uv": [66, 68], "uv_size": [1.5, 0.75]},
								"south": {"uv": [68, 7], "uv_size": [2, 0.75]},
								"west": {"uv": [68, 68], "uv_size": [1.5, 0.75]},
								"up": {"uv": [66, 11], "uv_size": [2, 1.5]},
								"down": {"uv": [14, 67.5], "uv_size": [2, -1.5]}
							}
						},
						{
							"origin": [2.44289, 5.87721, 8.275],
							"size": [0.4, 0.4, 17.2],
							"pivot": [1.04289, 5.87721, 11.125],
							"rotation": [0, 0, -45],
							"uv": {
								"north": {"uv": [19, 72], "uv_size": [0.5, 0.5]},
								"east": {"uv": [54, 22], "uv_size": [21.5, 0.5]},
								"south": {"uv": [72, 20], "uv_size": [0.5, 0.5]},
								"west": {"uv": [54, 23], "uv_size": [21.5, 0.5]},
								"up": {"uv": [39, 52], "uv_size": [0.5, 21.5]},
								"down": {"uv": [34, 74.5], "uv_size": [0.5, -21.5]}
							}
						},
						{
							"origin": [2.24289, 5.84251, 10.18752],
							"size": [0.4, 0.7, 2.6],
							"pivot": [0.84289, 6.14251, 11.08752],
							"rotation": [0, 0, -45],
							"uv": {
								"north": {"uv": [38, 71], "uv_size": [0.5, 1]},
								"east": {"uv": [27, 65], "uv_size": [3.25, 1]},
								"south": {"uv": [42, 71], "uv_size": [0.5, 1]},
								"west": {"uv": [65, 35], "uv_size": [3.25, 1]},
								"up": {"uv": [26, 67], "uv_size": [0.5, 3.25]},
								"down": {"uv": [33, 70.25], "uv_size": [0.5, -3.25]}
							}
						},
						{
							"origin": [-2.60711, 5.87721, 8.275],
							"size": [0.4, 0.4, 17.2],
							"pivot": [-4.00711, 5.87721, 11.125],
							"rotation": [0, 0, -45],
							"uv": {
								"north": {"uv": [72, 21], "uv_size": [0.5, 0.5]},
								"east": {"uv": [54, 24], "uv_size": [21.5, 0.5]},
								"south": {"uv": [22, 72], "uv_size": [0.5, 0.5]},
								"west": {"uv": [54, 25], "uv_size": [21.5, 0.5]},
								"up": {"uv": [35, 53], "uv_size": [0.5, 21.5]},
								"down": {"uv": [36, 74.5], "uv_size": [0.5, -21.5]}
							}
						},
						{
							"origin": [-2.70711, 6.14251, 10.18752],
							"size": [0.7, 0.4, 2.6],
							"pivot": [-3.80711, 6.14251, 11.08752],
							"rotation": [0, 0, -45],
							"uv": {
								"north": {"uv": [43, 71], "uv_size": [1, 0.5]},
								"east": {"uv": [67, 50], "uv_size": [3.25, 0.5]},
								"south": {"uv": [44, 71], "uv_size": [1, 0.5]},
								"west": {"uv": [67, 51], "uv_size": [3.25, 0.5]},
								"up": {"uv": [9, 62], "uv_size": [1, 3.25]},
								"down": {"uv": [33, 66.25], "uv_size": [1, -3.25]}
							}
						},
						{
							"origin": [2.07721, 2.72721, 8.275],
							"size": [0.75, 0.4, 17.2],
							"pivot": [1.02721, 2.72721, 11.125],
							"rotation": [0, 0, -45],
							"uv": {
								"north": {"uv": [14, 71], "uv_size": [1, 0.5]},
								"east": {"uv": [54, 26], "uv_size": [21.5, 0.5]},
								"south": {"uv": [15, 71], "uv_size": [1, 0.5]},
								"west": {"uv": [54, 27], "uv_size": [21.5, 0.5]},
								"up": {"uv": [10, 46], "uv_size": [1, 21.5]},
								"down": {"uv": [11, 67.5], "uv_size": [1, -21.5]}
							}
						},
						{
							"origin": [2.41457, 2.19454, 8.275],
							"size": [0.75, 0.4, 17.2],
							"pivot": [1.36457, 2.19454, 11.125],
							"rotation": [0, 0, -65.5],
							"uv": {
								"north": {"uv": [16, 71], "uv_size": [1, 0.5]},
								"east": {"uv": [54, 28], "uv_size": [21.5, 0.5]},
								"south": {"uv": [17, 71], "uv_size": [1, 0.5]},
								"west": {"uv": [54, 29], "uv_size": [21.5, 0.5]},
								"up": {"uv": [42, 47], "uv_size": [1, 21.5]},
								"down": {"uv": [43, 68.5], "uv_size": [1, -21.5]}
							}
						},
						{
							"origin": [-4.16457, 2.19454, 8.275],
							"size": [0.75, 0.4, 17.2],
							"pivot": [-2.36457, 2.19454, 11.125],
							"rotation": [0, 0, 65.5],
							"uv": {
								"north": {"uv": [71, 17], "uv_size": [1, 0.5]},
								"east": {"uv": [54, 30], "uv_size": [21.5, 0.5]},
								"south": {"uv": [18, 71], "uv_size": [1, 0.5]},
								"west": {"uv": [54, 31], "uv_size": [21.5, 0.5]},
								"up": {"uv": [44, 47], "uv_size": [1, 21.5]},
								"down": {"uv": [48, 63.5], "uv_size": [1, -21.5]}
							}
						},
						{
							"origin": [-2.60711, 2.37721, 8.275],
							"size": [0.4, 0.75, 17.2],
							"pivot": [-4.00711, 2.72721, 11.125],
							"rotation": [0, 0, -45],
							"uv": {
								"north": {"uv": [71, 12], "uv_size": [0.5, 1]},
								"east": {"uv": [48, 40], "uv_size": [21.5, 1]},
								"south": {"uv": [13, 71], "uv_size": [0.5, 1]},
								"west": {"uv": [48, 41], "uv_size": [21.5, 1]},
								"up": {"uv": [20, 54], "uv_size": [0.5, 21.5]},
								"down": {"uv": [21, 75.5], "uv_size": [0.5, -21.5]}
							}
						}
					]
				},
				{
					"name": "mags",
					"parent": "qt",
					"pivot": [0, 3.2, 13.325]
				},
				{
					"name": "bullet2",
					"parent": "mags",
					"pivot": [-2.6, 5.2, 11.375],
					"cubes": [
						{
							"origin": [0, 5.2, 7.725],
							"size": [1.6, 1.6, 3.65],
							"uv": {
								"north": {"uv": [31, 63], "uv_size": [2, 2]},
								"east": {"uv": [22, 56], "uv_size": [4.5, 2]},
								"south": {"uv": [63, 35], "uv_size": [2, 2]},
								"west": {"uv": [54, 56], "uv_size": [4.5, 2]},
								"up": {"uv": [0, 57], "uv_size": [2, 4.5]},
								"down": {"uv": [57, 10.5], "uv_size": [2, -4.5]}
							}
						},
						{
							"origin": [-0.1, 5.07554, 7.52703],
							"size": [1.8, 1.8, 0.2],
							"uv": {
								"north": {"uv": [57, 62], "uv_size": [2.25, 2.25]},
								"east": {"uv": [2, 71], "uv_size": [0.25, 2.25]},
								"south": {"uv": [62, 58], "uv_size": [2.25, 2.25]},
								"west": {"uv": [71, 2], "uv_size": [0.25, 2.25]},
								"up": {"uv": [3, 71], "uv_size": [2.25, 0.25]},
								"down": {"uv": [71, 5.25], "uv_size": [2.25, -0.25]}
							}
						},
						{
							"origin": [0.5, 5.67554, 7.47703],
							"size": [0.6, 0.6, 0.25],
							"uv": {
								"north": {"uv": [71, 9], "uv_size": [0.75, 0.75]},
								"east": {"uv": [40, 72], "uv_size": [0.25, 0.75]},
								"south": {"uv": [71, 10], "uv_size": [0.75, 0.75]},
								"west": {"uv": [41, 72], "uv_size": [0.25, 0.75]},
								"up": {"uv": [72, 41], "uv_size": [0.75, 0.25]},
								"down": {"uv": [42, 72.25], "uv_size": [0.75, -0.25]}
							}
						}
					]
				},
				{
					"name": "bullet3",
					"parent": "mags",
					"pivot": [-13.6, 5.2, 11.375]
				},
				{
					"name": "bullet",
					"parent": "mags",
					"pivot": [1.6, 5.2, 11.375],
					"cubes": [
						{
							"origin": [-2.6, 5.2, 7.725],
							"size": [1.6, 1.6, 3.65],
							"uv": {
								"north": {"uv": [27, 63], "uv_size": [2, 2]},
								"east": {"uv": [54, 54], "uv_size": [4.5, 2]},
								"south": {"uv": [29, 63], "uv_size": [2, 2]},
								"west": {"uv": [12, 56], "uv_size": [4.5, 2]},
								"up": {"uv": [40, 55], "uv_size": [2, 4.5]},
								"down": {"uv": [17, 60.5], "uv_size": [2, -4.5]}
							}
						},
						{
							"origin": [-2.7, 5.07554, 7.52703],
							"size": [1.8, 1.8, 0.2],
							"uv": {
								"north": {"uv": [60, 62], "uv_size": [2.25, 2.25]},
								"east": {"uv": [7, 71], "uv_size": [0.25, 2.25]},
								"south": {"uv": [63, 17], "uv_size": [2.25, 2.25]},
								"west": {"uv": [8, 71], "uv_size": [0.25, 2.25]},
								"up": {"uv": [71, 8], "uv_size": [2.25, 0.25]},
								"down": {"uv": [9, 71.25], "uv_size": [2.25, -0.25]}
							}
						},
						{
							"origin": [-2.1, 5.67554, 7.47703],
							"size": [0.6, 0.6, 0.25],
							"uv": {
								"north": {"uv": [71, 11], "uv_size": [0.75, 0.75]},
								"east": {"uv": [72, 42], "uv_size": [0.25, 0.75]},
								"south": {"uv": [12, 71], "uv_size": [0.75, 0.75]},
								"west": {"uv": [43, 72], "uv_size": [0.25, 0.75]},
								"up": {"uv": [72, 43], "uv_size": [0.75, 0.25]},
								"down": {"uv": [44, 72.25], "uv_size": [0.75, -0.25]}
							}
						}
					]
				},
				{
					"name": "bullet4",
					"parent": "mags",
					"pivot": [-9.4, 5.2, 11.375]
				},
				{
					"name": "hd",
					"parent": "shot",
					"pivot": [0, 4.75, 11.125],
					"cubes": [
						{
							"origin": [-3.3, 4, 3.275],
							"size": [5.6, 3.15, 5],
							"uv": {
								"north": {"uv": [38, 10], "uv_size": [7, 4]},
								"east": {"uv": [3, 46], "uv_size": [6.25, 4]},
								"south": {"uv": [40, 22], "uv_size": [7, 4]},
								"west": {"uv": [47, 22], "uv_size": [6.25, 4]},
								"up": {"uv": [28, 0], "uv_size": [7, 6.25]},
								"down": {"uv": [28, 13.25], "uv_size": [7, -6.25]}
							}
						},
						{
							"origin": [-3.01716, 7.13284, 3.275],
							"size": [5.05, 0.3, 5],
							"uv": {
								"north": {"uv": [65, 56], "uv_size": [6.25, 0.5]},
								"east": {"uv": [65, 57], "uv_size": [6.25, 0.5]},
								"south": {"uv": [65, 58], "uv_size": [6.25, 0.5]},
								"west": {"uv": [65, 59], "uv_size": [6.25, 0.5]},
								"up": {"uv": [20, 30], "uv_size": [6.25, 6.25]},
								"down": {"uv": [27, 36.25], "uv_size": [6.25, -6.25]}
							}
						},
						{
							"origin": [2.42721, 5.87721, 3.275],
							"size": [0.4, 0.4, 5],
							"pivot": [1.02721, 5.87721, -2.375],
							"rotation": [0, 0, -45],
							"uv": {
								"north": {"uv": [25, 72], "uv_size": [0.5, 0.5]},
								"east": {"uv": [65, 54], "uv_size": [6.25, 0.5]},
								"south": {"uv": [26, 72], "uv_size": [0.5, 0.5]},
								"west": {"uv": [65, 55], "uv_size": [6.25, 0.5]},
								"up": {"uv": [41, 65], "uv_size": [0.5, 6.25]},
								"down": {"uv": [45, 71.25], "uv_size": [0.5, -6.25]}
							}
						},
						{
							"origin": [-2.60711, 5.87721, 3.275],
							"size": [0.4, 0.4, 5],
							"pivot": [-4.00711, 5.87721, -2.375],
							"rotation": [0, 0, -45],
							"uv": {
								"north": {"uv": [23, 72], "uv_size": [0.5, 0.5]},
								"east": {"uv": [65, 45], "uv_size": [6.25, 0.5]},
								"south": {"uv": [24, 72], "uv_size": [0.5, 0.5]},
								"west": {"uv": [54, 65], "uv_size": [6.25, 0.5]},
								"up": {"uv": [32, 65], "uv_size": [0.5, 6.25]},
								"down": {"uv": [40, 71.25], "uv_size": [0.5, -6.25]}
							}
						},
						{
							"origin": [-2.8, 3.15, 2.875],
							"size": [4.6, 0.85, 5.4],
							"uv": {
								"north": {"uv": [62, 61], "uv_size": [4.75, 1]},
								"east": {"uv": [59, 32], "uv_size": [6.25, 1]},
								"south": {"uv": [63, 20], "uv_size": [4.75, 1]},
								"west": {"uv": [59, 33], "uv_size": [6.25, 1]},
								"up": {"uv": [37, 36], "uv_size": [4.75, 6.25]},
								"down": {"uv": [0, 44.25], "uv_size": [4.75, -6.25]}
							}
						},
						{
							"origin": [-0.95, 2.6, 6.525],
							"size": [1, 0.85, 0.85],
							"uv": {
								"north": {"uv": [22, 68], "uv_size": [1.25, 1]},
								"east": {"uv": [9, 69], "uv_size": [1, 1]},
								"south": {"uv": [29, 68], "uv_size": [1.25, 1]},
								"west": {"uv": [27, 69], "uv_size": [1, 1]}
							}
						},
						{
							"origin": [-0.95, 0.39115, -1.225],
							"size": [1, 0.85, 7.3],
							"uv": {
								"east": {"uv": [54, 46], "uv_size": [9.25, 1]},
								"west": {"uv": [54, 47], "uv_size": [9.25, 1]},
								"up": {"uv": [37, 52], "uv_size": [1.25, 9.25]},
								"down": {"uv": [49, 61.25], "uv_size": [1.25, -9.25]}
							}
						},
						{
							"origin": [-0.95, 1.19115, -1.225],
							"size": [1, 1.6, 3.75],
							"uv": {
								"north": {"uv": [66, 18], "uv_size": [1.25, 2]},
								"east": {"uv": [22, 54], "uv_size": [4.75, 2]},
								"south": {"uv": [29, 66], "uv_size": [1.25, 2]},
								"west": {"uv": [54, 32], "uv_size": [4.75, 2]},
								"up": {"uv": [40, 60], "uv_size": [1.25, 4.75]},
								"down": {"uv": [45, 64.75], "uv_size": [1.25, -4.75]}
							}
						},
						{
							"origin": [-0.75, 1.19115, 2.525],
							"size": [0.65, 1.95, 1.2],
							"uv": {
								"east": {"uv": [63, 62], "uv_size": [1.5, 2.5]},
								"south": {"uv": [25, 67], "uv_size": [0.75, 2.5]},
								"west": {"uv": [22, 64], "uv_size": [1.5, 2.5]}
							}
						},
						{
							"origin": [-0.75, -3.25885, 4.075],
							"size": [0.65, 1.5, 0.75],
							"pivot": [0, -2.00885, -3.325],
							"rotation": [31, 0, 0],
							"uv": {
								"north": {"uv": [68, 8], "uv_size": [0.75, 2]},
								"east": {"uv": [59, 66], "uv_size": [1, 2]},
								"south": {"uv": [10, 68], "uv_size": [0.75, 2]},
								"west": {"uv": [60, 66], "uv_size": [1, 2]},
								"up": {"uv": [53, 70], "uv_size": [0.75, 1]},
								"down": {"uv": [54, 71], "uv_size": [0.75, -1]}
							}
						},
						{
							"origin": [-0.95, 4.82859, 7.59106],
							"size": [1, 2.55, 0.85],
							"pivot": [0, 6.97859, -1.00894],
							"rotation": [-30, 0, 0],
							"uv": {
								"north": {"uv": [0, 62], "uv_size": [1.25, 3.25]},
								"east": {"uv": [53, 63], "uv_size": [1, 3.25]},
								"south": {"uv": [14, 62], "uv_size": [1.25, 3.25]},
								"west": {"uv": [5, 65], "uv_size": [1, 3.25]}
							}
						},
						{
							"origin": [-2.60711, 2.37721, 3.275],
							"size": [0.4, 0.75, 5],
							"pivot": [-4.00711, 2.72721, -2.375],
							"rotation": [0, 0, -45],
							"uv": {
								"north": {"uv": [24, 71], "uv_size": [0.5, 1]},
								"east": {"uv": [59, 9], "uv_size": [6.25, 1]},
								"south": {"uv": [25, 71], "uv_size": [0.5, 1]},
								"west": {"uv": [59, 10], "uv_size": [6.25, 1]},
								"up": {"uv": [6, 65], "uv_size": [0.5, 6.25]},
								"down": {"uv": [31, 71.25], "uv_size": [0.5, -6.25]}
							}
						},
						{
							"origin": [2.07721, 2.72721, 3.275],
							"size": [0.75, 0.4, 5],
							"pivot": [1.02721, 2.72721, -2.375],
							"rotation": [0, 0, -45],
							"uv": {
								"north": {"uv": [22, 71], "uv_size": [1, 0.5]},
								"east": {"uv": [65, 43], "uv_size": [6.25, 0.5]},
								"south": {"uv": [23, 71], "uv_size": [1, 0.5]},
								"west": {"uv": [65, 44], "uv_size": [6.25, 0.5]},
								"up": {"uv": [7, 60], "uv_size": [1, 6.25]},
								"down": {"uv": [8, 66.25], "uv_size": [1, -6.25]}
							}
						},
						{
							"origin": [2.41457, 2.19454, 2.775],
							"size": [0.75, 0.4, 5.5],
							"pivot": [1.36457, 2.19454, -2.375],
							"rotation": [0, 0, -65.5],
							"uv": {
								"north": {"uv": [71, 19], "uv_size": [1, 0.5]},
								"east": {"uv": [64, 1], "uv_size": [7, 0.5]},
								"south": {"uv": [71, 20], "uv_size": [1, 0.5]},
								"west": {"uv": [64, 46], "uv_size": [7, 0.5]},
								"up": {"uv": [25, 58], "uv_size": [1, 7]},
								"down": {"uv": [26, 65], "uv_size": [1, -7]}
							}
						},
						{
							"origin": [-4.16457, 2.19454, 2.775],
							"size": [0.75, 0.4, 5.5],
							"pivot": [-2.36457, 2.19454, -2.375],
							"rotation": [0, 0, 65.5],
							"uv": {
								"north": {"uv": [71, 18], "uv_size": [1, 0.5]},
								"east": {"uv": [63, 39], "uv_size": [7, 0.5]},
								"south": {"uv": [19, 71], "uv_size": [1, 0.5]},
								"west": {"uv": [64, 0], "uv_size": [7, 0.5]},
								"up": {"uv": [16, 58], "uv_size": [1, 7]},
								"down": {"uv": [24, 65], "uv_size": [1, -7]}
							}
						},
						{
							"origin": [-2.8, 3.15, 8.275],
							"size": [4.6, 0.85, 5.2],
							"uv": {
								"north": {"uv": [61, 15], "uv_size": [5.75, 1]},
								"east": {"uv": [59, 7], "uv_size": [6.5, 1]},
								"south": {"uv": [61, 16], "uv_size": [5.75, 1]},
								"west": {"uv": [59, 8], "uv_size": [6.5, 1]},
								"up": {"uv": [34, 22], "uv_size": [5.75, 6.5]},
								"down": {"uv": [34, 35.5], "uv_size": [5.75, -6.5]}
							}
						},
						{
							"origin": [-1.1875, 4.94818, 6.72947],
							"size": [1.3125, 1.875, 0.875],
							"pivot": [0, 4.75, 11.125],
							"rotation": [-32, 0, 0],
							"uv": {
								"north": {"uv": [0, 0], "uv_size": [1.3125, 1.875]},
								"east": {"uv": [0, 0], "uv_size": [0.875, 1.875]},
								"south": {"uv": [0, 0], "uv_size": [1.3125, 1.875]},
								"west": {"uv": [0, 0], "uv_size": [0.875, 1.875]},
								"up": {"uv": [1.3125, 0.875], "uv_size": [-1.3125, -0.875]},
								"down": {"uv": [1.3125, 0.875], "uv_size": [-1.3125, -0.875]}
							}
						},
						{"origin": [-1.01386, 7.11443, 6.38024], "size": [0.5625, 0.1875, 0.4375], "pivot": [0.48614, 4.79125, 11.15077], "rotation": [-32, 0, 0], "uv": [24, 46]},
						{"origin": [-1.45136, 4.92693, 6.38024], "size": [1.9375, 0.5, 0.125], "pivot": [0.48614, 4.79125, 11.15077], "rotation": [-32, 0, 0], "uv": [24, 46]},
						{"origin": [-1.5, 4.91969, 6.45383], "size": [0.1875, 1.875, 0.4375], "pivot": [0, 4.90901, 11.22436], "rotation": [-32, 0, 0], "uv": [24, 46]},
						{"origin": [0.3125, 4.91969, 6.45383], "size": [0.1875, 1.875, 0.4375], "pivot": [0, 4.90901, 11.22436], "rotation": [-32, 0, 0], "uv": [24, 46]},
						{"origin": [-0.48614, 7.11443, 6.38024], "size": [0.5, 0.1875, 0.4375], "pivot": [0.76386, 4.79125, 11.15077], "rotation": [-32, 0, 0], "uv": [24, 46]},
						{"origin": [3.64848, 8.01413, 5.57554], "size": [0.1875, 0.6875, 0.4375], "pivot": [3.33598, 3.50345, 10.34607], "rotation": [-23.83821, -22.00636, -40.29955], "uv": [25, 47]},
						{"origin": [0.74759, 7.97591, 6.37179], "size": [0.6875, 0.1875, 0.4375], "pivot": [1.24759, 4.77773, 11.14233], "rotation": [-23.83821, -22.00636, -40.29955], "uv": [24, 46]}
					]
				},
				{
					"name": "fg_illuminated",
					"parent": "hd",
					"pivot": [0.48614, 4.79125, 11.15077],
					"cubes": [
						{
							"origin": [-1.4375, 4.94818, 6.47947],
							"size": [1.875, 1.875, 0.25],
							"pivot": [0, 4.75, 11.125],
							"rotation": [-32, 0, 0],
							"uv": {
								"north": {"uv": [0, 0], "uv_size": [2, 1.875]},
								"east": {"uv": [0, 0], "uv_size": [0.25, 1.875]},
								"south": {"uv": [0, 0], "uv_size": [2, 1.875]},
								"west": {"uv": [0, 0], "uv_size": [0.25, 1.875]},
								"up": {"uv": [2, 0.25], "uv_size": [-2, -0.25]},
								"down": {"uv": [2, 0.25], "uv_size": [-2, -0.25]}
							}
						},
						{
							"origin": [0.74759, 7.16341, 6.49679],
							"size": [0.6875, 0.9375, 0.25],
							"pivot": [1.24759, 4.77773, 11.14233],
							"rotation": [-23.83821, -22.00636, -40.29955],
							"uv": {
								"north": {"uv": [0, 0], "uv_size": [0.6875, 1]},
								"east": {"uv": [0, 0], "uv_size": [0.25, 1]},
								"south": {"uv": [0, 0], "uv_size": [0.6875, 1]},
								"west": {"uv": [0, 0], "uv_size": [0.25, 1]},
								"up": {"uv": [0.6875, 0.25], "uv_size": [-0.6875, -0.25]},
								"down": {"uv": [0.6875, 0.25], "uv_size": [-0.6875, -0.25]}
							}
						},
						{
							"origin": [-0.54864, 6.80193, 6.50524],
							"size": [0.5625, 0.4375, 0.25],
							"pivot": [0.82636, 4.79125, 11.15077],
							"rotation": [-32, 0, 0],
							"uv": {
								"north": {"uv": [0, 0], "uv_size": [0.5625, 0.5]},
								"east": {"uv": [0, 0], "uv_size": [0.25, 0.5]},
								"south": {"uv": [0, 0], "uv_size": [0.5625, 0.5]},
								"west": {"uv": [0, 0], "uv_size": [0.25, 0.5]},
								"up": {"uv": [0.5625, 0.25], "uv_size": [-0.5625, -0.25]},
								"down": {"uv": [0.5625, 0.25], "uv_size": [-0.5625, -0.25]}
							}
						},
						{
							"origin": [2.83598, 8.01413, 5.70054],
							"size": [0.9375, 0.6875, 0.25],
							"pivot": [3.33598, 3.50345, 10.34607],
							"rotation": [-23.83821, -22.00636, -40.29955],
							"uv": {
								"north": {"uv": [0, 0], "uv_size": [1, 0.6875]},
								"east": {"uv": [0, 0], "uv_size": [0.25, 0.6875]},
								"south": {"uv": [0, 0], "uv_size": [1, 0.6875]},
								"west": {"uv": [0, 0], "uv_size": [0.25, 0.6875]},
								"up": {"uv": [1, 0.25], "uv_size": [-1, -0.25]},
								"down": {"uv": [1, 0.25], "uv_size": [-1, -0.25]}
							}
						},
						{
							"origin": [-1.01386, 6.80193, 6.50524],
							"size": [0.5, 0.4375, 0.25],
							"pivot": [0.48614, 4.79125, 11.15077],
							"rotation": [-32, 0, 0],
							"uv": {
								"north": {"uv": [0, 0], "uv_size": [0.5, 0.5]},
								"east": {"uv": [0, 0], "uv_size": [0.25, 0.5]},
								"south": {"uv": [0, 0], "uv_size": [0.5, 0.5]},
								"west": {"uv": [0, 0], "uv_size": [0.25, 0.5]},
								"up": {"uv": [0.5, 0.25], "uv_size": [-0.5, -0.25]},
								"down": {"uv": [0.5, 0.25], "uv_size": [-0.5, -0.25]}
							}
						}
					]
				},
				{
					"name": "bone2",
					"parent": "hd",
					"pivot": [0, 4.75, -8.475],
					"rotation": [32, 0, 0],
					"cubes": [
						{
							"origin": [-1.8, -3.53421, -0.33874],
							"size": [2.65, 0.9, 3.25],
							"pivot": [0, -4.23421, 1.96126],
							"rotation": [-13, 0, 0],
							"uv": {
								"north": {"uv": [57, 60], "uv_size": [4.75, 1.25]},
								"east": {"uv": [62, 50], "uv_size": [4, 1.25]},
								"south": {"uv": [61, 11], "uv_size": [4.75, 1.25]},
								"west": {"uv": [63, 4], "uv_size": [4, 1.25]},
								"up": {"uv": [32, 49], "uv_size": [4.75, 4]},
								"down": {"uv": [49, 50], "uv_size": [4.75, -4]}
							}
						},
						{
							"origin": [-2.60711, -0.75701, 0.01126],
							"size": [0.4, 0.4, 2.9],
							"pivot": [-4.00711, -0.75701, -7.73874],
							"rotation": [0, 0, -45],
							"uv": {
								"north": {"uv": [29, 72], "uv_size": [0.5, 0.5]},
								"east": {"uv": [67, 4], "uv_size": [3.75, 0.5]},
								"south": {"uv": [31, 72], "uv_size": [0.5, 0.5]},
								"west": {"uv": [67, 5], "uv_size": [3.75, 0.5]},
								"up": {"uv": [16, 67], "uv_size": [0.5, 3.75]},
								"down": {"uv": [17, 70.75], "uv_size": [0.5, -3.75]}
							}
						},
						{
							"origin": [2.42721, -0.75701, 0.01126],
							"size": [0.4, 0.4, 2.9],
							"pivot": [1.02721, -0.75701, -7.73874],
							"rotation": [0, 0, -45],
							"uv": {
								"north": {"uv": [27, 72], "uv_size": [0.5, 0.5]},
								"east": {"uv": [67, 2], "uv_size": [3.75, 0.5]},
								"south": {"uv": [28, 72], "uv_size": [0.5, 0.5]},
								"west": {"uv": [67, 3], "uv_size": [3.75, 0.5]},
								"up": {"uv": [7, 67], "uv_size": [0.5, 3.75]},
								"down": {"uv": [8, 70.75], "uv_size": [0.5, -3.75]}
							}
						},
						{
							"origin": [-3.01716, 0.49863, 0.01126],
							"size": [5.05, 0.3, 2.9],
							"uv": {
								"north": {"uv": [65, 60], "uv_size": [6.25, 0.5]},
								"east": {"uv": [61, 66], "uv_size": [3.75, 0.5]},
								"south": {"uv": [61, 65], "uv_size": [6.25, 0.5]},
								"west": {"uv": [65, 66], "uv_size": [3.75, 0.5]},
								"up": {"uv": [47, 26], "uv_size": [6.25, 3.75]},
								"down": {"uv": [47, 33.75], "uv_size": [6.25, -3.75]}
							}
						},
						{
							"origin": [-1.26716, 0.79863, -2.38874],
							"size": [1.55, 0.3, 4.5],
							"uv": {
								"north": {"uv": [69, 8], "uv_size": [2, 0.5]},
								"east": {"uv": [65, 64], "uv_size": [5.75, 0.5]},
								"south": {"uv": [69, 9], "uv_size": [2, 0.5]},
								"west": {"uv": [66, 13], "uv_size": [5.75, 0.5]},
								"up": {"uv": [51, 52], "uv_size": [2, 5.75]}
							}
						},
						{
							"origin": [-1.26716, 0.79863, -8.43874],
							"size": [1.55, 0.3, 2.6],
							"uv": {
								"north": {"uv": [28, 69], "uv_size": [2, 0.5]},
								"east": {"uv": [61, 67], "uv_size": [3.25, 0.5]},
								"south": {"uv": [69, 35], "uv_size": [2, 0.5]},
								"west": {"uv": [67, 61], "uv_size": [3.25, 0.5]},
								"up": {"uv": [59, 14], "uv_size": [2, 3.25]}
							}
						},
						{
							"origin": [-1.01716, 1.09863, 1.01126],
							"size": [0.95, 0.4, 0.65],
							"uv": {
								"north": {"uv": [61, 70], "uv_size": [1.25, 0.5]},
								"east": {"uv": [72, 6], "uv_size": [0.75, 0.5]},
								"south": {"uv": [70, 62], "uv_size": [1.25, 0.5]},
								"west": {"uv": [72, 7], "uv_size": [0.75, 0.5]},
								"up": {"uv": [42, 69], "uv_size": [1.25, 0.75]}
							}
						},
						{
							"origin": [-1.01716, 1.24863, 0.01126],
							"size": [0.95, 0.15, 0.3],
							"uv": {
								"north": {"uv": [72, 10], "uv_size": [1.25, 0.25]},
								"east": {"uv": [72, 44], "uv_size": [0.5, 0.25]},
								"south": {"uv": [11, 72], "uv_size": [1.25, 0.25]},
								"west": {"uv": [45, 72], "uv_size": [0.5, 0.25]},
								"up": {"uv": [63, 70], "uv_size": [1.25, 0.5]}
							}
						},
						{
							"origin": [-1.01716, 1.24863, -0.53874],
							"size": [0.95, 0.15, 0.3],
							"uv": {
								"north": {"uv": [13, 72], "uv_size": [1.25, 0.25]},
								"east": {"uv": [72, 46], "uv_size": [0.5, 0.25]},
								"south": {"uv": [72, 13], "uv_size": [1.25, 0.25]},
								"west": {"uv": [47, 72], "uv_size": [0.5, 0.25]},
								"up": {"uv": [67, 70], "uv_size": [1.25, 0.5]}
							}
						},
						{
							"origin": [-1.01716, 1.24863, -1.08874],
							"size": [0.95, 0.15, 0.3],
							"uv": {
								"north": {"uv": [72, 14], "uv_size": [1.25, 0.25]},
								"east": {"uv": [72, 47], "uv_size": [0.5, 0.25]},
								"south": {"uv": [15, 72], "uv_size": [1.25, 0.25]},
								"west": {"uv": [48, 72], "uv_size": [0.5, 0.25]},
								"up": {"uv": [69, 70], "uv_size": [1.25, 0.5]}
							}
						},
						{
							"origin": [-1.01716, 1.24863, 0.56126],
							"size": [0.95, 0.15, 0.3],
							"uv": {
								"north": {"uv": [72, 11], "uv_size": [1.25, 0.25]},
								"east": {"uv": [72, 45], "uv_size": [0.5, 0.25]},
								"south": {"uv": [72, 12], "uv_size": [1.25, 0.25]},
								"west": {"uv": [46, 72], "uv_size": [0.5, 0.25]},
								"up": {"uv": [65, 70], "uv_size": [1.25, 0.5]}
							}
						},
						{
							"origin": [-1.01716, 1.09863, -1.08874],
							"size": [0.95, 0.15, 2.1],
							"uv": {
								"north": {"uv": [17, 72], "uv_size": [1.25, 0.25]},
								"east": {"uv": [55, 70], "uv_size": [2.75, 0.25]},
								"south": {"uv": [72, 17], "uv_size": [1.25, 0.25]},
								"west": {"uv": [58, 70], "uv_size": [2.75, 0.25]},
								"up": {"uv": [37, 64], "uv_size": [1.25, 2.75]}
							}
						},
						{
							"origin": [-3.3, -2.63421, 0.01126],
							"size": [5.6, 3.15, 2.9],
							"uv": {
								"north": {"uv": [40, 26], "uv_size": [7, 4]},
								"east": {"uv": [20, 50], "uv_size": [3.75, 4]},
								"south": {"uv": [40, 30], "uv_size": [7, 4]},
								"west": {"uv": [24, 50], "uv_size": [3.75, 4]},
								"up": {"uv": [5, 42], "uv_size": [7, 3.75]},
								"down": {"uv": [42, 37.75], "uv_size": [7, -3.75]}
							}
						},
						{
							"origin": [-1.4, -1.03421, -8.88874],
							"size": [1.8, 1.85, 8.9],
							"uv": {
								"north": {"uv": [54, 62], "uv_size": [2.25, 2.25]},
								"east": {"uv": [45, 6], "uv_size": [11.25, 2.25]},
								"south": {"uv": [62, 54], "uv_size": [2.25, 2.25]},
								"west": {"uv": [45, 9], "uv_size": [11.25, 2.25]},
								"up": {"uv": [0, 45], "uv_size": [2.25, 11.25]},
								"down": {"uv": [45, 49.25], "uv_size": [2.25, -11.25]}
							}
						},
						{
							"origin": [-1.25, -2.63421, -9.13874],
							"size": [1.5, 3.15, 0.25],
							"uv": {
								"north": {"uv": [14, 58], "uv_size": [2, 4]},
								"east": {"uv": [30, 69], "uv_size": [0.25, 4]},
								"west": {"uv": [37, 69], "uv_size": [0.25, 4]},
								"up": {"uv": [50, 71], "uv_size": [2, 0.25]},
								"down": {"uv": [71, 50.25], "uv_size": [2, -0.25]}
							}
						},
						{
							"origin": [-1.9, -2.58421, -0.63874],
							"size": [2.8, 1.6, 0.7],
							"uv": {
								"north": {"uv": [57, 11], "uv_size": [3.5, 2]},
								"east": {"uv": [66, 50], "uv_size": [1, 2]},
								"south": {"uv": [54, 58], "uv_size": [3.5, 2]},
								"west": {"uv": [54, 66], "uv_size": [1, 2]},
								"up": {"uv": [47, 64], "uv_size": [3.5, 1]},
								"down": {"uv": [64, 48], "uv_size": [3.5, -1]}
							}
						},
						{
							"origin": [-1.47574, -3.00848, -0.63874],
							"size": [1.95, 0.45, 0.7],
							"uv": {
								"north": {"uv": [68, 12], "uv_size": [2.5, 0.5]},
								"east": {"uv": [26, 71], "uv_size": [1, 0.5]},
								"south": {"uv": [68, 18], "uv_size": [2.5, 0.5]},
								"west": {"uv": [27, 71], "uv_size": [1, 0.5]},
								"up": {"uv": [35, 13], "uv_size": [2.5, 1]},
								"down": {"uv": [66, 18], "uv_size": [2.5, -1]}
							}
						},
						{
							"origin": [0.39497, -1.02919, -8.88874],
							"size": [0.5, 1.35, 8.9],
							"uv": {
								"north": {"uv": [68, 10], "uv_size": [0.75, 1.75]},
								"east": {"uv": [49, 34], "uv_size": [11.25, 1.75]},
								"south": {"uv": [11, 68], "uv_size": [0.75, 1.75]},
								"west": {"uv": [49, 36], "uv_size": [11.25, 1.75]},
								"up": {"uv": [19, 56], "uv_size": [0.75, 11.25]},
								"down": {"uv": [2, 68.25], "uv_size": [0.75, -11.25]}
							}
						},
						{
							"origin": [-1.89497, -1.02919, -8.88874],
							"size": [0.5, 1.35, 8.9],
							"uv": {
								"north": {"uv": [14, 68], "uv_size": [0.75, 1.75]},
								"east": {"uv": [49, 42], "uv_size": [11.25, 1.75]},
								"south": {"uv": [15, 68], "uv_size": [0.75, 1.75]},
								"west": {"uv": [49, 44], "uv_size": [11.25, 1.75]},
								"up": {"uv": [12, 58], "uv_size": [0.75, 11.25]},
								"down": {"uv": [13, 69.25], "uv_size": [0.75, -11.25]}
							}
						},
						{
							"origin": [-3.6753, 0.02271, -8.88874],
							"size": [1.5, 0.7, 8.9],
							"pivot": [-2.4253, -1.97729, -10.63874],
							"rotation": [0, 0, 45],
							"uv": {
								"north": {"uv": [3, 45], "uv_size": [2, 1]},
								"east": {"uv": [51, 4], "uv_size": [11.25, 1]},
								"south": {"uv": [61, 17], "uv_size": [2, 1]},
								"west": {"uv": [51, 5], "uv_size": [11.25, 1]},
								"up": {"uv": [32, 37], "uv_size": [2, 11.25]},
								"down": {"uv": [40, 54.25], "uv_size": [2, -11.25]}
							}
						},
						{
							"origin": [-3.68033, -2.88231, -0.63874],
							"size": [0.6, 0.7, 0.65],
							"pivot": [-2.43033, -4.88231, -10.63874],
							"rotation": [0, 0, 45],
							"uv": {
								"north": {"uv": [38, 69], "uv_size": [0.75, 1]},
								"east": {"uv": [44, 69], "uv_size": [0.75, 1]},
								"south": {"uv": [15, 70], "uv_size": [0.75, 1]},
								"west": {"uv": [18, 70], "uv_size": [0.75, 1]},
								"up": {"uv": [0, 71], "uv_size": [0.75, 0.75]},
								"down": {"uv": [71, 0.75], "uv_size": [0.75, -0.75]}
							}
						},
						{
							"origin": [-1.8753, -0.77729, -8.88874],
							"size": [0.7, 1.5, 8.9],
							"pivot": [-0.6253, -1.97729, -10.63874],
							"rotation": [0, 0, 45],
							"uv": {
								"north": {"uv": [47, 62], "uv_size": [1, 2]},
								"east": {"uv": [45, 12], "uv_size": [11.25, 2]},
								"south": {"uv": [66, 48], "uv_size": [1, 2]},
								"west": {"uv": [48, 38], "uv_size": [11.25, 2]},
								"up": {"uv": [9, 50], "uv_size": [1, 11.25]},
								"down": {"uv": [47, 61.25], "uv_size": [1, -11.25]}
							}
						},
						{
							"origin": [-1.87028, -2.78231, -0.63874],
							"size": [0.7, 0.6, 0.65],
							"pivot": [-0.62028, -4.88231, -10.63874],
							"rotation": [0, 0, 45],
							"uv": {
								"north": {"uv": [22, 70], "uv_size": [1, 0.75]},
								"east": {"uv": [1, 71], "uv_size": [0.75, 0.75]},
								"south": {"uv": [23, 70], "uv_size": [1, 0.75]},
								"west": {"uv": [71, 1], "uv_size": [0.75, 0.75]},
								"up": {"uv": [25, 70], "uv_size": [1, 0.75]},
								"down": {"uv": [27, 70.75], "uv_size": [1, -0.75]}
							}
						},
						{
							"origin": [-1.9, -2.58421, -8.88874],
							"size": [2.8, 1.6, 1.2],
							"uv": {
								"north": {"uv": [58, 58], "uv_size": [3.5, 2]},
								"east": {"uv": [49, 65], "uv_size": [1.5, 2]},
								"south": {"uv": [3, 59], "uv_size": [3.5, 2]},
								"west": {"uv": [0, 66], "uv_size": [1.5, 2]},
								"up": {"uv": [61, 42], "uv_size": [3.5, 1.5]},
								"down": {"uv": [61, 45.5], "uv_size": [3.5, -1.5]}
							}
						},
						{
							"origin": [-1.7, -2.43421, -7.63874],
							"size": [2.4, 1.6, 7],
							"uv": {
								"north": {"uv": [60, 38], "uv_size": [3, 2]},
								"east": {"uv": [50, 14], "uv_size": [8.75, 2]},
								"south": {"uv": [54, 60], "uv_size": [3, 2]},
								"west": {"uv": [50, 16], "uv_size": [8.75, 2]},
								"up": {"uv": [42, 38], "uv_size": [3, 8.75]},
								"down": {"uv": [37, 51.75], "uv_size": [3, -8.75]}
							}
						},
						{
							"origin": [-3.68033, -2.88231, -8.88874],
							"size": [0.6, 0.7, 1.2],
							"pivot": [-2.43033, -4.88231, -17.68874],
							"rotation": [0, 0, 45],
							"uv": {
								"north": {"uv": [43, 70], "uv_size": [0.75, 1]},
								"east": {"uv": [65, 67], "uv_size": [1.5, 1]},
								"south": {"uv": [44, 70], "uv_size": [0.75, 1]},
								"west": {"uv": [67, 67], "uv_size": [1.5, 1]},
								"up": {"uv": [64, 68], "uv_size": [0.75, 1.5]},
								"down": {"uv": [65, 69.5], "uv_size": [0.75, -1.5]}
							}
						},
						{
							"origin": [-3.48033, -2.73231, -7.73874],
							"size": [0.6, 0.7, 7.1],
							"pivot": [-2.23033, -4.73231, -15.93874],
							"rotation": [0, 0, 45],
							"uv": {
								"north": {"uv": [70, 47], "uv_size": [0.75, 1]},
								"east": {"uv": [54, 48], "uv_size": [9, 1]},
								"south": {"uv": [48, 70], "uv_size": [0.75, 1]},
								"west": {"uv": [54, 49], "uv_size": [9, 1]},
								"up": {"uv": [51, 58], "uv_size": [0.75, 9]},
								"down": {"uv": [52, 67], "uv_size": [0.75, -9]}
							}
						},
						{
							"origin": [-1.87028, -2.78231, -8.88874],
							"size": [0.7, 0.6, 1.2],
							"pivot": [-0.62028, -4.88231, -17.68874],
							"rotation": [0, 0, 45],
							"uv": {
								"north": {"uv": [38, 70], "uv_size": [1, 0.75]},
								"east": {"uv": [62, 68], "uv_size": [1.5, 0.75]},
								"south": {"uv": [42, 70], "uv_size": [1, 0.75]},
								"west": {"uv": [68, 62], "uv_size": [1.5, 0.75]},
								"up": {"uv": [37, 67], "uv_size": [1, 1.5]},
								"down": {"uv": [38, 68.5], "uv_size": [1, -1.5]}
							}
						},
						{
							"origin": [-2.07028, -2.63231, -7.73874],
							"size": [0.7, 0.6, 7.1],
							"pivot": [-0.82028, -4.73231, -15.93874],
							"rotation": [0, 0, 45],
							"uv": {
								"north": {"uv": [46, 70], "uv_size": [1, 0.75]},
								"east": {"uv": [57, 13], "uv_size": [9, 0.75]},
								"south": {"uv": [47, 70], "uv_size": [1, 0.75]},
								"west": {"uv": [59, 6], "uv_size": [9, 0.75]},
								"up": {"uv": [27, 54], "uv_size": [1, 9]},
								"down": {"uv": [53, 63], "uv_size": [1, -9]}
							}
						},
						{
							"origin": [-1.47574, -3.00848, -8.88874],
							"size": [1.95, 0.45, 1.2],
							"uv": {
								"north": {"uv": [68, 19], "uv_size": [2.5, 0.5]},
								"east": {"uv": [28, 70], "uv_size": [1.5, 0.5]},
								"south": {"uv": [68, 20], "uv_size": [2.5, 0.5]},
								"west": {"uv": [70, 41], "uv_size": [1.5, 0.5]},
								"up": {"uv": [63, 37], "uv_size": [2.5, 1.5]},
								"down": {"uv": [63, 49.5], "uv_size": [2.5, -1.5]}
							}
						},
						{
							"origin": [-1.27574, -2.85848, -7.73874],
							"size": [1.55, 0.45, 7.1],
							"uv": {
								"north": {"uv": [2, 69], "uv_size": [2, 0.5]},
								"east": {"uv": [63, 21], "uv_size": [9, 0.5]},
								"south": {"uv": [4, 69], "uv_size": [2, 0.5]},
								"west": {"uv": [63, 34], "uv_size": [9, 0.5]},
								"up": {"uv": [3, 50], "uv_size": [2, 9]},
								"down": {"uv": [5, 59], "uv_size": [2, -9]}
							}
						}
					]
				},
				{
					"name": "refit_extended_mag_view",
					"parent": "shot",
					"pivot": [-15, 11.6875, 5.75],
					"rotation": [0, -90, 17.5]
				},
				{
					"name": "ammo_count_text_pos",
					"parent": "righthand_and_gun",
					"pivot": [0.5, 8.69587, -0.54559],
					"rotation": [30, 0, 0]
				},
				{
					"name": "ammo_count_text_pos2",
					"parent": "righthand_and_gun",
					"pivot": [0.5, 8.07087, -0.17059],
					"rotation": [30, 0, 0]
				},
				{
					"name": "rh",
					"parent": "righthand_and_gun",
					"pivot": [6, 0, 0]
				},
				{
					"name": "righthand_pos",
					"parent": "rh",
					"pivot": [0, 0, 0],
					"cubes": [
						{
							"origin": [4, 0, -2],
							"size": [4, 12, 4],
							"uv": {
								"north": {"uv": [0, 0], "uv_size": [4, 12]},
								"east": {"uv": [0, 0], "uv_size": [4, 12]},
								"south": {"uv": [0, 0], "uv_size": [4, 12]},
								"west": {"uv": [0, 0], "uv_size": [4, 12]},
								"up": {"uv": [4, 4], "uv_size": [-4, -4]},
								"down": {"uv": [4, 4], "uv_size": [-4, -4]}
							}
						}
					]
				},
				{
					"name": "scope_pos",
					"parent": "root",
					"pivot": [8.1875, 12.875, 11.125]
				},
				{
					"name": "refit_scope_view",
					"parent": "root",
					"pivot": [8, 7, -16],
					"rotation": [0, 90, 0]
				},
				{
					"name": "positioning",
					"pivot": [0, 0, 0]
				},
				{
					"name": "muzzle_flash",
					"parent": "positioning",
					"pivot": [0.4375, 5.9375, -18]
				},
				{
					"name": "ground",
					"parent": "positioning",
					"pivot": [0.375, 0, -2.3125]
				},
				{
					"name": "thirdperson_hand",
					"parent": "positioning",
					"pivot": [0, 0, 0]
				},
				{
					"name": "fixed",
					"parent": "positioning",
					"pivot": [4.375, 5.1875, -2.25],
					"rotation": [0, 90, 0]
				},
				{
					"name": "refit_view",
					"parent": "positioning",
					"pivot": [21.375, 7.5625, -6.125],
					"rotation": [0, 90, 0]
				},
				{
					"name": "camera",
					"pivot": [11.1875, 13.875, 10.875]
				},
				{
					"name": "view",
					"pivot": [0, 0, 0]
				},
				{
					"name": "refit_muzzle_view",
					"parent": "view",
					"pivot": [8, 9, -16],
					"rotation": [0, 120, 0]
				},
				{
					"name": "idle_view",
					"parent": "view",
					"pivot": [8.1875, 12.875, 13.875]
				},
				{
					"name": "iron_view",
					"parent": "view",
					"pivot": [8.1875, 12.875, 11.125]
				}
			]
		}
	]
}