{
	"format_version": "1.12.0",
	"minecraft:geometry": [
		{
			"description": {
				"identifier": "geometry.unknown",
				"texture_width": 64,
				"texture_height": 64,
				"visible_bounds_width": 5,
				"visible_bounds_height": 3,
				"visible_bounds_offset": [0, 0.5, 0]
			},
			"bones": [
				{
					"name": "positioning",
					"pivot": [0, 0, 0]
				},
				{
					"name": "idle_view",
					"parent": "positioning",
					"pivot": [3.9375, 12.6875, 15.25]
				},
				{
					"name": "iron_view",
					"parent": "positioning",
					"pivot": [3.9375, 12.6875, 10.25]
				},
				{
					"name": "thirdperson_hand",
					"parent": "positioning",
					"pivot": [1.375, 6.6875, 2],
					"rotation": [0, -15, 0]
				},
				{
					"name": "fixed",
					"parent": "positioning",
					"pivot": [1.375, 8.9375, 0],
					"rotation": [0, 90, 0]
				},
				{
					"name": "ground",
					"parent": "positioning",
					"pivot": [0, 0, 0]
				},
				{
					"name": "refit_view",
					"parent": "positioning",
					"pivot": [16.625, 7.375, 0],
					"rotation": [0, 90, 0]
				},
				{
					"name": "scope_pos",
					"parent": "positioning",
					"pivot": [5.9375, 14.6875, 10.25]
				},
				{
					"name": "root",
					"pivot": [0, 6.4375, 2.3125]
				},
				{
					"name": "rh_and_gun",
					"parent": "root",
					"pivot": [0, 0, 0]
				},
				{
					"name": "subata",
					"parent": "rh_and_gun",
					"pivot": [0.20152, 5.90471, 2.66979],
					"rotation": [0, 180, 0]
				},
				{
					"name": "qt",
					"parent": "subata",
					"pivot": [0.20152, 5.90471, 2.62579],
					"cubes": [
						{
							"origin": [-0.08648, 9.28871, 10.33779],
							"size": [0.576, 0.144, 0.324],
							"uv": {
								"north": {"uv": [4, 48], "uv_size": [0.75, 0.25]},
								"east": {"uv": [49, 16], "uv_size": [0.5, 0.25]},
								"south": {"uv": [48, 4], "uv_size": [0.75, 0.25]},
								"west": {"uv": [17, 49], "uv_size": [0.5, 0.25]},
								"up": {"uv": [40, 44], "uv_size": [0.75, 0.5]},
								"down": {"uv": [2, 45.5], "uv_size": [0.75, -0.5]}
							}
						},
						{
							"origin": [-0.37448, 6.39071, 9.76179],
							"size": [1.152, 3.186, 0.576],
							"uv": {
								"north": {"uv": [23, 4], "uv_size": [1.5, 4]},
								"east": {"uv": [2, 29], "uv_size": [0.75, 4]},
								"south": {"uv": [23, 8], "uv_size": [1.5, 4]},
								"west": {"uv": [3, 29], "uv_size": [0.75, 4]},
								"up": {"uv": [36, 30], "uv_size": [1.5, 0.75]},
								"down": {"uv": [31, 36.75], "uv_size": [1.5, -0.75]}
							}
						},
						{
							"origin": [-0.37448, 5.36471, 9.79779],
							"size": [1.152, 1.026, 0.612],
							"uv": {
								"north": {"uv": [32, 3], "uv_size": [1.5, 1.25]},
								"east": {"uv": [38, 30], "uv_size": [0.75, 1.25]},
								"south": {"uv": [32, 5], "uv_size": [1.5, 1.25]},
								"west": {"uv": [6, 39], "uv_size": [0.75, 1.25]},
								"up": {"uv": [36, 31], "uv_size": [1.5, 0.75]},
								"down": {"uv": [33, 36.75], "uv_size": [1.5, -0.75]}
							}
						},
						{
							"origin": [-0.37448, 5.41871, 9.68979],
							"size": [1.152, 0.972, 0.108],
							"uv": {
								"north": {"uv": [6, 33], "uv_size": [1.5, 1.25]},
								"east": {"uv": [24, 46], "uv_size": [0.25, 1.25]},
								"south": {"uv": [16, 33], "uv_size": [1.5, 1.25]},
								"west": {"uv": [25, 46], "uv_size": [0.25, 1.25]},
								"up": {"uv": [45, 18], "uv_size": [1.5, 0.25]},
								"down": {"uv": [19, 45.25], "uv_size": [1.5, -0.25]}
							}
						},
						{
							"origin": [0.69317, 5.56836, 9.79779],
							"size": [0.288, 0.756, 0.612],
							"uv": {
								"north": {"uv": [28, 46], "uv_size": [0.25, 1]},
								"east": {"uv": [24, 26], "uv_size": [0.75, 1]},
								"south": {"uv": [46, 28], "uv_size": [0.25, 1]},
								"west": {"uv": [29, 31], "uv_size": [0.75, 1]},
								"up": {"uv": [32, 48], "uv_size": [0.25, 0.75]},
								"down": {"uv": [48, 32.75], "uv_size": [0.25, -0.75]}
							}
						},
						{
							"origin": [-0.57813, 5.56836, 9.79779],
							"size": [0.288, 0.774, 0.612],
							"uv": {
								"north": {"uv": [29, 46], "uv_size": [0.25, 1]},
								"east": {"uv": [41, 18], "uv_size": [0.75, 1]},
								"south": {"uv": [46, 29], "uv_size": [0.25, 1]},
								"west": {"uv": [41, 19], "uv_size": [0.75, 1]},
								"up": {"uv": [33, 48], "uv_size": [0.25, 0.75]},
								"down": {"uv": [48, 33.75], "uv_size": [0.25, -0.75]}
							}
						},
						{
							"origin": [-0.46448, 9.57671, 9.79779],
							"size": [1.332, 0.288, 0.684],
							"uv": {
								"north": {"uv": [44, 16], "uv_size": [1.75, 0.25]},
								"east": {"uv": [10, 48], "uv_size": [0.75, 0.25]},
								"south": {"uv": [44, 17], "uv_size": [1.75, 0.25]},
								"west": {"uv": [48, 10], "uv_size": [0.75, 0.25]},
								"up": {"uv": [34, 16], "uv_size": [1.75, 0.75]},
								"down": {"uv": [34, 17.75], "uv_size": [1.75, -0.75]}
							}
						},
						{
							"origin": [-0.46448, 9.86471, 9.79779],
							"size": [1.332, 0.144, 0.684],
							"uv": {
								"north": {"uv": [44, 41], "uv_size": [1.75, 0.25]},
								"east": {"uv": [49, 12], "uv_size": [0.75, 0.25]},
								"south": {"uv": [42, 44], "uv_size": [1.75, 0.25]},
								"west": {"uv": [13, 49], "uv_size": [0.75, 0.25]},
								"up": {"uv": [35, 13], "uv_size": [1.75, 0.75]},
								"down": {"uv": [35, 14.75], "uv_size": [1.75, -0.75]}
							}
						},
						{
							"origin": [-0.29103, 9.74345, 9.79779],
							"size": [0.288, 0.288, 0.684],
							"pivot": [-0.57903, 10.15745, 10.73379],
							"rotation": [0, 0, 45],
							"uv": {
								"north": {"uv": [49, 29], "uv_size": [0.25, 0.25]},
								"east": {"uv": [11, 48], "uv_size": [0.75, 0.25]},
								"south": {"uv": [30, 49], "uv_size": [0.25, 0.25]},
								"west": {"uv": [48, 11], "uv_size": [0.75, 0.25]},
								"up": {"uv": [12, 48], "uv_size": [0.25, 0.75]},
								"down": {"uv": [48, 12.75], "uv_size": [0.25, -0.75]}
							}
						},
						{
							"origin": [1.04097, 9.74345, 9.79779],
							"size": [0.288, 0.288, 0.684],
							"pivot": [0.75297, 10.15745, 10.73379],
							"rotation": [0, 0, 45],
							"uv": {
								"north": {"uv": [49, 30], "uv_size": [0.25, 0.25]},
								"east": {"uv": [13, 48], "uv_size": [0.75, 0.25]},
								"south": {"uv": [31, 49], "uv_size": [0.25, 0.25]},
								"west": {"uv": [48, 13], "uv_size": [0.75, 0.25]},
								"up": {"uv": [14, 48], "uv_size": [0.25, 0.75]},
								"down": {"uv": [48, 14.75], "uv_size": [0.25, -0.75]}
							}
						},
						{
							"origin": [0.74732, 9.2369, 6.91128],
							"size": [0.288, 0.288, 2.844],
							"pivot": [0.45932, 9.6509, 7.84728],
							"rotation": [0, 0, 45],
							"uv": {
								"north": {"uv": [5, 50], "uv_size": [0.25, 0.25]},
								"east": {"uv": [40, 34], "uv_size": [3.5, 0.25]},
								"south": {"uv": [50, 5], "uv_size": [0.25, 0.25]},
								"west": {"uv": [40, 35], "uv_size": [3.5, 0.25]},
								"up": {"uv": [40, 36], "uv_size": [0.25, 3.5]},
								"down": {"uv": [40, 43.5], "uv_size": [0.25, -3.5]}
							}
						},
						{
							"origin": [0.00262, 9.2369, 6.91128],
							"size": [0.288, 0.288, 2.844],
							"pivot": [-0.28538, 9.6509, 7.84728],
							"rotation": [0, 0, 45],
							"uv": {
								"north": {"uv": [4, 50], "uv_size": [0.25, 0.25]},
								"east": {"uv": [40, 32], "uv_size": [3.5, 0.25]},
								"south": {"uv": [50, 4], "uv_size": [0.25, 0.25]},
								"west": {"uv": [40, 33], "uv_size": [3.5, 0.25]},
								"up": {"uv": [30, 40], "uv_size": [0.25, 3.5]},
								"down": {"uv": [34, 43.5], "uv_size": [0.25, -3.5]}
							}
						},
						{
							"origin": [-0.20103, 5.65075, 9.79779],
							"size": [0.288, 0.288, 0.612],
							"pivot": [-0.48903, 6.06475, 10.66179],
							"rotation": [0, 0, 45],
							"uv": {
								"north": {"uv": [49, 42], "uv_size": [0.25, 0.25]},
								"east": {"uv": [36, 48], "uv_size": [0.75, 0.25]},
								"south": {"uv": [43, 49], "uv_size": [0.25, 0.25]},
								"west": {"uv": [48, 36], "uv_size": [0.75, 0.25]},
								"up": {"uv": [37, 48], "uv_size": [0.25, 0.75]},
								"down": {"uv": [48, 37.75], "uv_size": [0.25, -0.75]}
							}
						},
						{
							"origin": [0.95097, 5.65075, 9.79779],
							"size": [0.288, 0.288, 0.612],
							"pivot": [0.66297, 6.06475, 10.66179],
							"rotation": [0, 0, 45],
							"uv": {
								"north": {"uv": [49, 41], "uv_size": [0.25, 0.25]},
								"east": {"uv": [34, 48], "uv_size": [0.75, 0.25]},
								"south": {"uv": [42, 49], "uv_size": [0.25, 0.25]},
								"west": {"uv": [48, 34], "uv_size": [0.75, 0.25]},
								"up": {"uv": [35, 48], "uv_size": [0.25, 0.75]},
								"down": {"uv": [48, 35.75], "uv_size": [0.25, -0.75]}
							}
						},
						{
							"origin": [-0.37448, 5.36471, 9.11379],
							"size": [1.152, 1.026, 0.612],
							"uv": {
								"north": {"uv": [32, 7], "uv_size": [1.5, 1.25]},
								"east": {"uv": [39, 12], "uv_size": [0.75, 1.25]},
								"south": {"uv": [32, 9], "uv_size": [1.5, 1.25]},
								"west": {"uv": [39, 14], "uv_size": [0.75, 1.25]},
								"up": {"uv": [36, 35], "uv_size": [1.5, 0.75]},
								"down": {"uv": [36, 36.75], "uv_size": [1.5, -0.75]}
							}
						},
						{
							"origin": [-0.57813, 5.56836, 9.11379],
							"size": [0.288, 0.9, 0.612],
							"uv": {
								"north": {"uv": [46, 8], "uv_size": [0.25, 1.25]},
								"east": {"uv": [7, 39], "uv_size": [0.75, 1.25]},
								"south": {"uv": [9, 46], "uv_size": [0.25, 1.25]},
								"west": {"uv": [39, 10], "uv_size": [0.75, 1.25]},
								"up": {"uv": [43, 48], "uv_size": [0.25, 0.75]},
								"down": {"uv": [48, 43.75], "uv_size": [0.25, -0.75]}
							}
						},
						{
							"origin": [0.69317, 5.56836, 9.11379],
							"size": [0.288, 0.882, 0.612],
							"uv": {
								"north": {"uv": [30, 46], "uv_size": [0.25, 1]},
								"east": {"uv": [41, 22], "uv_size": [0.75, 1]},
								"south": {"uv": [46, 30], "uv_size": [0.25, 1]},
								"west": {"uv": [41, 26], "uv_size": [0.75, 1]},
								"up": {"uv": [42, 48], "uv_size": [0.25, 0.75]},
								"down": {"uv": [48, 42.75], "uv_size": [0.25, -0.75]}
							}
						},
						{
							"origin": [-0.20103, 5.65075, 8.76379],
							"size": [0.288, 0.288, 0.962],
							"pivot": [-0.48903, 6.06475, 9.97779],
							"rotation": [0, 0, 45],
							"uv": {
								"north": {"uv": [49, 44], "uv_size": [0.25, 0.25]},
								"east": {"uv": [40, 48], "uv_size": [0.75, 0.25]},
								"south": {"uv": [45, 49], "uv_size": [0.25, 0.25]},
								"west": {"uv": [48, 40], "uv_size": [0.75, 0.25]},
								"up": {"uv": [41, 48], "uv_size": [0.25, 0.75]},
								"down": {"uv": [48, 41.75], "uv_size": [0.25, -0.75]}
							}
						},
						{
							"origin": [0.95097, 5.65075, 8.76379],
							"size": [0.288, 0.288, 0.962],
							"pivot": [0.66297, 6.06475, 9.97779],
							"rotation": [0, 0, 45],
							"uv": {
								"north": {"uv": [49, 43], "uv_size": [0.25, 0.25]},
								"east": {"uv": [38, 48], "uv_size": [0.75, 0.25]},
								"south": {"uv": [44, 49], "uv_size": [0.25, 0.25]},
								"west": {"uv": [48, 38], "uv_size": [0.75, 0.25]},
								"up": {"uv": [39, 48], "uv_size": [0.25, 0.75]},
								"down": {"uv": [48, 39.75], "uv_size": [0.25, -0.75]}
							}
						},
						{
							"origin": [-0.57813, 5.25416, 5.45328],
							"size": [0.288, 0.9, 3.276],
							"uv": {
								"north": {"uv": [20, 46], "uv_size": [0.25, 1.25]},
								"east": {"uv": [25, 12], "uv_size": [4, 1.25]},
								"south": {"uv": [21, 46], "uv_size": [0.25, 1.25]},
								"west": {"uv": [25, 14], "uv_size": [4, 1.25]},
								"up": {"uv": [4, 39], "uv_size": [0.25, 4]},
								"down": {"uv": [5, 43], "uv_size": [0.25, -4]}
							}
						},
						{
							"origin": [-0.20103, 5.33655, 5.45328],
							"size": [0.288, 0.288, 3.276],
							"pivot": [-0.48903, 5.75055, 8.98128],
							"rotation": [0, 0, 45],
							"uv": {
								"north": {"uv": [1, 50], "uv_size": [0.25, 0.25]},
								"east": {"uv": [38, 21], "uv_size": [4, 0.25]},
								"south": {"uv": [50, 1], "uv_size": [0.25, 0.25]},
								"west": {"uv": [38, 27], "uv_size": [4, 0.25]},
								"up": {"uv": [39, 2], "uv_size": [0.25, 4]},
								"down": {"uv": [3, 43], "uv_size": [0.25, -4]}
							}
						},
						{
							"origin": [-0.37448, 7.73251, -0.25272],
							"size": [1.152, 0.576, 4.284],
							"uv": {
								"north": {"uv": [37, 2], "uv_size": [1.5, 0.75]},
								"east": {"uv": [27, 22], "uv_size": [5.25, 0.75]},
								"south": {"uv": [37, 3], "uv_size": [1.5, 0.75]},
								"west": {"uv": [27, 23], "uv_size": [5.25, 0.75]},
								"up": {"uv": [8, 20], "uv_size": [1.5, 5.25]},
								"down": {"uv": [10, 25.25], "uv_size": [1.5, -5.25]}
							}
						},
						{
							"origin": [-0.37448, 7.24651, -0.25272],
							"size": [1.152, 0.486, 4.284],
							"uv": {
								"north": {"uv": [41, 30], "uv_size": [1.5, 0.5]},
								"east": {"uv": [29, 14], "uv_size": [5.25, 0.5]},
								"south": {"uv": [41, 31], "uv_size": [1.5, 0.5]},
								"west": {"uv": [29, 15], "uv_size": [5.25, 0.5]},
								"up": {"uv": [20, 14], "uv_size": [1.5, 5.25]},
								"down": {"uv": [20, 25.25], "uv_size": [1.5, -5.25]}
							}
						},
						{
							"origin": [-0.37448, 6.86851, 0.28728],
							"size": [1.152, 0.378, 5.166],
							"uv": {
								"north": {"uv": [41, 36], "uv_size": [1.5, 0.5]},
								"east": {"uv": [28, 27], "uv_size": [6.5, 0.5]},
								"south": {"uv": [41, 37], "uv_size": [1.5, 0.5]},
								"west": {"uv": [28, 28], "uv_size": [6.5, 0.5]},
								"up": {"uv": [2, 18], "uv_size": [1.5, 6.5]},
								"down": {"uv": [18, 20.5], "uv_size": [1.5, -6.5]}
							}
						},
						{
							"origin": [-0.37448, -1.46582, -1.87838],
							"size": [1.152, 7.524, 0.99],
							"pivot": [0.20152, 2.00818, 2.26162],
							"rotation": [-30, 0, 0],
							"uv": {
								"north": {"uv": [8, 10], "uv_size": [1.5, 9.5]},
								"east": {"uv": [12, 14], "uv_size": [1.25, 9.5]},
								"south": {"uv": [10, 10], "uv_size": [1.5, 9.5]},
								"west": {"uv": [14, 14], "uv_size": [1.25, 9.5]},
								"up": {"uv": [18, 33], "uv_size": [1.5, 1.25]},
								"down": {"uv": [33, 21.25], "uv_size": [1.5, -1.25]}
							}
						},
						{
							"origin": [-0.37448, 0.57461, -2.20336],
							"size": [1.152, 0.684, 2.358],
							"uv": {
								"north": {"uv": [37, 6], "uv_size": [1.5, 0.75]},
								"east": {"uv": [26, 31], "uv_size": [3, 0.75]},
								"south": {"uv": [37, 11], "uv_size": [1.5, 0.75]},
								"west": {"uv": [31, 30], "uv_size": [3, 0.75]},
								"up": {"uv": [4, 26], "uv_size": [1.5, 3]},
								"down": {"uv": [6, 29], "uv_size": [1.5, -3]}
							}
						},
						{
							"origin": [-0.08648, 0.61565, -4.03079],
							"size": [0.576, 0.396, 1.746],
							"uv": {
								"north": {"uv": [27, 45], "uv_size": [0.75, 0.5]},
								"east": {"uv": [37, 23], "uv_size": [2.25, 0.5]},
								"south": {"uv": [45, 28], "uv_size": [0.75, 0.5]},
								"west": {"uv": [37, 24], "uv_size": [2.25, 0.5]},
								"up": {"uv": [28, 34], "uv_size": [0.75, 2.25]},
								"down": {"uv": [29, 36.25], "uv_size": [0.75, -2.25]}
							}
						},
						{
							"origin": [-0.08648, 1.96061, -3.64336],
							"size": [0.576, 0.396, 1.458],
							"uv": {
								"north": {"uv": [45, 29], "uv_size": [0.75, 0.5]},
								"east": {"uv": [7, 41], "uv_size": [1.75, 0.5]},
								"south": {"uv": [31, 45], "uv_size": [0.75, 0.5]},
								"west": {"uv": [41, 8], "uv_size": [1.75, 0.5]},
								"up": {"uv": [7, 35], "uv_size": [0.75, 1.75]},
								"down": {"uv": [18, 36.75], "uv_size": [0.75, -1.75]}
							}
						},
						{
							"origin": [-0.08648, 1.93666, -4.79471],
							"size": [0.576, 0.396, 1.206],
							"pivot": [0.20152, 2.24266, -3.66071],
							"rotation": [30, 0, 0],
							"uv": {
								"north": {"uv": [45, 31], "uv_size": [0.75, 0.5]},
								"east": {"uv": [42, 23], "uv_size": [1.5, 0.5]},
								"south": {"uv": [32, 45], "uv_size": [0.75, 0.5]},
								"west": {"uv": [42, 24], "uv_size": [1.5, 0.5]},
								"up": {"uv": [2, 37], "uv_size": [0.75, 1.5]},
								"down": {"uv": [7, 38.5], "uv_size": [0.75, -1.5]}
							}
						},
						{
							"origin": [-0.08648, 1.08731, -5.22184],
							"size": [0.576, 0.396, 0.918],
							"pivot": [0.20152, 1.39331, -4.37584],
							"rotation": [120, 0, 0],
							"uv": {
								"north": {"uv": [45, 32], "uv_size": [0.75, 0.5]},
								"east": {"uv": [43, 19], "uv_size": [1.25, 0.5]},
								"south": {"uv": [33, 45], "uv_size": [0.75, 0.5]},
								"west": {"uv": [43, 20], "uv_size": [1.25, 0.5]},
								"up": {"uv": [39, 30], "uv_size": [0.75, 1.25]},
								"down": {"uv": [40, 19.25], "uv_size": [0.75, -1.25]}
							}
						},
						{
							"origin": [-0.37448, 0.13113, -0.85826],
							"size": [1.152, 0.612, 1.944],
							"pivot": [0.20152, 3.60513, 1.87774],
							"rotation": [-20, 0, 0],
							"uv": {
								"north": {"uv": [37, 12], "uv_size": [1.5, 0.75]},
								"east": {"uv": [32, 11], "uv_size": [2.5, 0.75]},
								"south": {"uv": [37, 13], "uv_size": [1.5, 0.75]},
								"west": {"uv": [33, 22], "uv_size": [2.5, 0.75]},
								"up": {"uv": [24, 27], "uv_size": [1.5, 2.5]},
								"down": {"uv": [27, 26.5], "uv_size": [1.5, -2.5]}
							}
						},
						{
							"origin": [-1.56916, 0.57461, -1.17527],
							"size": [0.288, 0.684, 0.288],
							"pivot": [-1.85716, 4.04861, 1.97473],
							"rotation": [0, -45, 0],
							"uv": {
								"north": {"uv": [49, 4], "uv_size": [0.25, 0.75]},
								"east": {"uv": [5, 49], "uv_size": [0.25, 0.75]},
								"south": {"uv": [49, 5], "uv_size": [0.25, 0.75]},
								"west": {"uv": [6, 49], "uv_size": [0.25, 0.75]},
								"up": {"uv": [6, 50], "uv_size": [0.25, 0.25]},
								"down": {"uv": [50, 6.25], "uv_size": [0.25, -0.25]}
							}
						},
						{
							"origin": [-2.30716, 0.57461, -1.17527],
							"size": [0.288, 0.684, 0.288],
							"pivot": [-2.59516, 4.04861, 1.97473],
							"rotation": [0, -45, 0],
							"uv": {
								"north": {"uv": [49, 6], "uv_size": [0.25, 0.75]},
								"east": {"uv": [7, 49], "uv_size": [0.25, 0.75]},
								"south": {"uv": [49, 7], "uv_size": [0.25, 0.75]},
								"west": {"uv": [8, 49], "uv_size": [0.25, 0.75]},
								"up": {"uv": [7, 50], "uv_size": [0.25, 0.25]},
								"down": {"uv": [50, 7.25], "uv_size": [0.25, -0.25]}
							}
						},
						{
							"origin": [-0.09883, 5.09261, 2.00829],
							"size": [0.594, 0.45, 2.904],
							"uv": {
								"north": {"uv": [21, 45], "uv_size": [0.75, 0.5]},
								"east": {"uv": [31, 31], "uv_size": [4.5, 0.5]},
								"south": {"uv": [45, 21], "uv_size": [0.75, 0.5]},
								"west": {"uv": [32, 2], "uv_size": [4.5, 0.5]},
								"up": {"uv": [18, 28], "uv_size": [0.75, 4.5]},
								"down": {"uv": [19, 32.5], "uv_size": [0.75, -4.5]}
							}
						},
						{
							"origin": [0.04517, 5.54261, 1.25829],
							"size": [0.306, 1.422, 2.016],
							"uv": {
								"north": {"uv": [41, 5], "uv_size": [0.5, 1.75]},
								"east": {"uv": [27, 16], "uv_size": [2.5, 1.75]},
								"south": {"uv": [6, 41], "uv_size": [0.5, 1.75]},
								"west": {"uv": [27, 18], "uv_size": [2.5, 1.75]},
								"up": {"uv": [3, 36], "uv_size": [0.5, 2.5]},
								"down": {"uv": [4, 38.5], "uv_size": [0.5, -2.5]}
							}
						},
						{
							"origin": [0.04517, 7.07261, 3.92229],
							"size": [0.306, 1.134, 0.432],
							"pivot": [-0.00883, 5.29061, 7.18029],
							"rotation": [30, 0, 0],
							"uv": {
								"north": {"uv": [42, 5], "uv_size": [0.5, 1.5]},
								"east": {"uv": [7, 42], "uv_size": [0.5, 1.5]},
								"south": {"uv": [8, 42], "uv_size": [0.5, 1.5]},
								"west": {"uv": [9, 42], "uv_size": [0.5, 1.5]},
								"up": {"uv": [0, 47], "uv_size": [0.5, 0.5]},
								"down": {"uv": [1, 47.5], "uv_size": [0.5, -0.5]}
							}
						},
						{
							"origin": [-0.09883, 5.09454, 5.02752],
							"size": [0.594, 0.396, 0.828],
							"pivot": [-0.00883, 4.87854, 4.97352],
							"rotation": [30, 0, 0],
							"uv": {
								"north": {"uv": [45, 22], "uv_size": [0.75, 0.5]},
								"east": {"uv": [1, 44], "uv_size": [1, 0.5]},
								"south": {"uv": [45, 23], "uv_size": [0.75, 0.5]},
								"west": {"uv": [2, 44], "uv_size": [1, 0.5]},
								"up": {"uv": [42, 3], "uv_size": [0.75, 1]},
								"down": {"uv": [42, 5], "uv_size": [0.75, -1]}
							}
						},
						{
							"origin": [-0.09883, 4.55454, 1.65952],
							"size": [0.594, 0.396, 1.08],
							"pivot": [-0.00883, 4.33854, 1.60552],
							"rotation": [30, 0, 0],
							"uv": {
								"north": {"uv": [45, 24], "uv_size": [0.75, 0.5]},
								"east": {"uv": [43, 8], "uv_size": [1.25, 0.5]},
								"south": {"uv": [26, 45], "uv_size": [0.75, 0.5]},
								"west": {"uv": [43, 18], "uv_size": [1.25, 0.5]},
								"up": {"uv": [16, 39], "uv_size": [0.75, 1.25]},
								"down": {"uv": [39, 17.25], "uv_size": [0.75, -1.25]}
							}
						},
						{
							"origin": [-0.16413, 0.57461, 0.16029],
							"size": [0.738, 0.684, 0.198],
							"uv": {
								"north": {"uv": [39, 41], "uv_size": [1, 0.75]},
								"east": {"uv": [49, 8], "uv_size": [0.25, 0.75]},
								"south": {"uv": [42, 2], "uv_size": [1, 0.75]},
								"west": {"uv": [9, 49], "uv_size": [0.25, 0.75]},
								"up": {"uv": [34, 46], "uv_size": [1, 0.25]},
								"down": {"uv": [46, 34.25], "uv_size": [1, -0.25]}
							}
						},
						{
							"origin": [-0.37448, 6.86851, -0.36072],
							"size": [1.152, 0.378, 0.648],
							"pivot": [-0.37448, 6.86851, 0.28728],
							"rotation": [-35, 0, 0],
							"uv": {
								"north": {"uv": [41, 38], "uv_size": [1.5, 0.5]},
								"east": {"uv": [45, 15], "uv_size": [0.75, 0.5]},
								"south": {"uv": [41, 39], "uv_size": [1.5, 0.5]},
								"west": {"uv": [18, 45], "uv_size": [0.75, 0.5]},
								"up": {"uv": [37, 4], "uv_size": [1.5, 0.75]},
								"down": {"uv": [37, 5.75], "uv_size": [1.5, -0.75]}
							}
						},
						{
							"origin": [-0.37448, 6.56251, -0.36072],
							"size": [1.152, 0.162, 0.486],
							"pivot": [-0.37448, 6.56251, 0.28728],
							"rotation": [-59, 0, 0],
							"uv": {
								"north": {"uv": [45, 19], "uv_size": [1.5, 0.25]},
								"east": {"uv": [49, 24], "uv_size": [0.5, 0.25]},
								"south": {"uv": [45, 20], "uv_size": [1.5, 0.25]},
								"west": {"uv": [25, 49], "uv_size": [0.5, 0.25]},
								"up": {"uv": [0, 42], "uv_size": [1.5, 0.5]},
								"down": {"uv": [42, 1.5], "uv_size": [1.5, -0.5]}
							}
						},
						{
							"origin": [-0.17083, 7.73251, -0.45637],
							"size": [0.738, 0.576, 0.198],
							"uv": {
								"north": {"uv": [41, 28], "uv_size": [1, 0.75]},
								"east": {"uv": [49, 3], "uv_size": [0.25, 0.75]},
								"south": {"uv": [41, 29], "uv_size": [1, 0.75]},
								"west": {"uv": [4, 49], "uv_size": [0.25, 0.75]},
								"up": {"uv": [33, 46], "uv_size": [1, 0.25]},
								"down": {"uv": [46, 33.25], "uv_size": [1, -0.25]}
							}
						},
						{
							"origin": [-2.65103, 7.73251, -2.03076],
							"size": [0.288, 0.576, 0.288],
							"pivot": [-2.93903, 4.96051, 2.64924],
							"rotation": [0, -45, 0],
							"uv": {
								"north": {"uv": [48, 48], "uv_size": [0.25, 0.75]},
								"east": {"uv": [0, 49], "uv_size": [0.25, 0.75]},
								"south": {"uv": [49, 0], "uv_size": [0.25, 0.75]},
								"west": {"uv": [1, 49], "uv_size": [0.25, 0.75]},
								"up": {"uv": [2, 50], "uv_size": [0.25, 0.25]},
								"down": {"uv": [50, 2.25], "uv_size": [0.25, -0.25]}
							}
						},
						{
							"origin": [-3.39574, 7.73251, -2.03076],
							"size": [0.288, 0.576, 0.288],
							"pivot": [-3.68374, 4.96051, 2.64924],
							"rotation": [0, -45, 0],
							"uv": {
								"north": {"uv": [49, 1], "uv_size": [0.25, 0.75]},
								"east": {"uv": [2, 49], "uv_size": [0.25, 0.75]},
								"south": {"uv": [49, 2], "uv_size": [0.25, 0.75]},
								"west": {"uv": [3, 49], "uv_size": [0.25, 0.75]},
								"up": {"uv": [3, 50], "uv_size": [0.25, 0.25]},
								"down": {"uv": [50, 3.25], "uv_size": [0.25, -0.25]}
							}
						},
						{
							"origin": [-0.37448, 5.05051, 5.45328],
							"size": [1.152, 2.448, 3.276],
							"uv": {
								"north": {"uv": [25, 16], "uv_size": [1.5, 3]},
								"east": {"uv": [14, 2], "uv_size": [4, 3]},
								"south": {"uv": [25, 24], "uv_size": [1.5, 3]},
								"west": {"uv": [14, 5], "uv_size": [4, 3]},
								"up": {"uv": [23, 12], "uv_size": [1.5, 4]},
								"down": {"uv": [23, 20], "uv_size": [1.5, -4]}
							}
						},
						{
							"origin": [-0.37448, 7.85851, 5.45328],
							"size": [1.152, 0.36, 4.356],
							"uv": {
								"north": {"uv": [41, 40], "uv_size": [1.5, 0.5]},
								"east": {"uv": [29, 12], "uv_size": [5.5, 0.5]},
								"south": {"uv": [41, 41], "uv_size": [1.5, 0.5]},
								"west": {"uv": [29, 13], "uv_size": [5.5, 0.5]},
								"up": {"uv": [4, 20], "uv_size": [1.5, 5.5]},
								"down": {"uv": [6, 25.5], "uv_size": [1.5, -5.5]}
							}
						},
						{
							"origin": [-0.37448, 8.21851, 6.91128],
							"size": [0.288, 0.936, 2.898],
							"uv": {
								"north": {"uv": [46, 21], "uv_size": [0.25, 1.25]},
								"east": {"uv": [8, 26], "uv_size": [3.5, 1.25]},
								"south": {"uv": [22, 46], "uv_size": [0.25, 1.25]},
								"west": {"uv": [20, 26], "uv_size": [3.5, 1.25]},
								"up": {"uv": [25, 40], "uv_size": [0.25, 3.5]},
								"down": {"uv": [28, 43.5], "uv_size": [0.25, -3.5]}
							}
						},
						{
							"origin": [0.48952, 8.21851, 6.91128],
							"size": [0.288, 0.936, 2.898],
							"uv": {
								"north": {"uv": [23, 46], "uv_size": [0.25, 1.25]},
								"east": {"uv": [27, 8], "uv_size": [3.5, 1.25]},
								"south": {"uv": [46, 23], "uv_size": [0.25, 1.25]},
								"west": {"uv": [27, 10], "uv_size": [3.5, 1.25]},
								"up": {"uv": [40, 28], "uv_size": [0.25, 3.5]},
								"down": {"uv": [29, 43.5], "uv_size": [0.25, -3.5]}
							}
						},
						{
							"origin": [0.95097, 5.33655, 5.45328],
							"size": [0.288, 0.288, 3.276],
							"pivot": [0.66297, 5.75055, 8.98128],
							"rotation": [0, 0, 45],
							"uv": {
								"north": {"uv": [0, 50], "uv_size": [0.25, 0.25]},
								"east": {"uv": [38, 7], "uv_size": [4, 0.25]},
								"south": {"uv": [50, 0], "uv_size": [0.25, 0.25]},
								"west": {"uv": [38, 20], "uv_size": [4, 0.25]},
								"up": {"uv": [38, 38], "uv_size": [0.25, 4]},
								"down": {"uv": [2, 43], "uv_size": [0.25, -4]}
							}
						},
						{
							"origin": [0.69317, 5.25416, 5.45328],
							"size": [0.288, 0.882, 3.276],
							"uv": {
								"north": {"uv": [32, 46], "uv_size": [0.25, 1]},
								"east": {"uv": [27, 20], "uv_size": [4, 1]},
								"south": {"uv": [46, 32], "uv_size": [0.25, 1]},
								"west": {"uv": [27, 21], "uv_size": [4, 1]},
								"up": {"uv": [36, 38], "uv_size": [0.25, 4]},
								"down": {"uv": [37, 42], "uv_size": [0.25, -4]}
							}
						},
						{
							"origin": [1.04097, 6.50345, 8.99779],
							"size": [0.288, 0.288, 1.484],
							"pivot": [0.75297, 6.91745, 10.73379],
							"rotation": [0, 0, 45],
							"uv": {
								"north": {"uv": [49, 38], "uv_size": [0.25, 0.25]},
								"east": {"uv": [26, 48], "uv_size": [0.75, 0.25]},
								"south": {"uv": [39, 49], "uv_size": [0.25, 0.25]},
								"west": {"uv": [48, 26], "uv_size": [0.75, 0.25]},
								"up": {"uv": [27, 48], "uv_size": [0.25, 0.75]},
								"down": {"uv": [48, 27.75], "uv_size": [0.25, -0.75]}
							}
						},
						{
							"origin": [-0.29103, 6.50345, 8.99779],
							"size": [0.288, 0.288, 1.484],
							"pivot": [-0.57903, 6.91745, 10.73379],
							"rotation": [0, 0, 45],
							"uv": {
								"north": {"uv": [49, 37], "uv_size": [0.25, 0.25]},
								"east": {"uv": [24, 48], "uv_size": [0.75, 0.25]},
								"south": {"uv": [38, 49], "uv_size": [0.25, 0.25]},
								"west": {"uv": [48, 24], "uv_size": [0.75, 0.25]},
								"up": {"uv": [25, 48], "uv_size": [0.25, 0.75]},
								"down": {"uv": [48, 25.75], "uv_size": [0.25, -0.75]}
							}
						},
						{
							"origin": [0.78317, 6.42107, 9.79779],
							"size": [0.288, 3.24, 0.684],
							"uv": {
								"north": {"uv": [19, 38], "uv_size": [0.25, 4]},
								"east": {"uv": [4, 29], "uv_size": [0.75, 4]},
								"south": {"uv": [26, 38], "uv_size": [0.25, 4]},
								"west": {"uv": [5, 29], "uv_size": [0.75, 4]},
								"up": {"uv": [15, 48], "uv_size": [0.25, 0.75]},
								"down": {"uv": [48, 15.75], "uv_size": [0.25, -0.75]}
							}
						},
						{
							"origin": [-0.66813, 6.42107, 9.79779],
							"size": [0.288, 3.24, 0.684],
							"uv": {
								"north": {"uv": [27, 38], "uv_size": [0.25, 4]},
								"east": {"uv": [6, 29], "uv_size": [0.75, 4]},
								"south": {"uv": [31, 38], "uv_size": [0.25, 4]},
								"west": {"uv": [7, 29], "uv_size": [0.75, 4]},
								"up": {"uv": [16, 48], "uv_size": [0.25, 0.75]},
								"down": {"uv": [48, 16.75], "uv_size": [0.25, -0.75]}
							}
						},
						{
							"origin": [-0.66813, 6.09707, 8.68179],
							"size": [0.288, 0.558, 0.558],
							"pivot": [-0.38011, 6.09708, 8.68179],
							"rotation": [35, 0, 0],
							"uv": {
								"north": {"uv": [28, 48], "uv_size": [0.25, 0.75]},
								"east": {"uv": [43, 31], "uv_size": [0.75, 0.75]},
								"south": {"uv": [48, 28], "uv_size": [0.25, 0.75]},
								"west": {"uv": [42, 43], "uv_size": [0.75, 0.75]},
								"up": {"uv": [29, 48], "uv_size": [0.25, 0.75]},
								"down": {"uv": [48, 29.75], "uv_size": [0.25, -0.75]}
							}
						},
						{
							"origin": [0.78317, 6.09706, 8.68178],
							"size": [0.288, 0.558, 0.558],
							"pivot": [1.07118, 6.09708, 8.68178],
							"rotation": [35, 0, 0],
							"uv": {
								"north": {"uv": [30, 48], "uv_size": [0.25, 0.75]},
								"east": {"uv": [43, 43], "uv_size": [0.75, 0.75]},
								"south": {"uv": [48, 30], "uv_size": [0.25, 0.75]},
								"west": {"uv": [0, 44], "uv_size": [0.75, 0.75]},
								"up": {"uv": [31, 48], "uv_size": [0.25, 0.75]},
								"down": {"uv": [48, 31.75], "uv_size": [0.25, -0.75]}
							}
						},
						{
							"origin": [-0.29103, 6.77345, 8.84379],
							"size": [0.288, 0.288, 0.954],
							"pivot": [-0.57903, 7.18745, 10.04979],
							"rotation": [0, 0, 45],
							"uv": {
								"north": {"uv": [49, 40], "uv_size": [0.25, 0.25]},
								"east": {"uv": [46, 5], "uv_size": [1.25, 0.25]},
								"south": {"uv": [41, 49], "uv_size": [0.25, 0.25]},
								"west": {"uv": [6, 46], "uv_size": [1.25, 0.25]},
								"up": {"uv": [46, 6], "uv_size": [0.25, 1.25]},
								"down": {"uv": [8, 47.25], "uv_size": [0.25, -1.25]}
							}
						},
						{
							"origin": [1.04097, 6.77345, 8.84379],
							"size": [0.288, 0.288, 0.954],
							"pivot": [0.75297, 7.18745, 10.04979],
							"rotation": [0, 0, 45],
							"uv": {
								"north": {"uv": [49, 39], "uv_size": [0.25, 0.25]},
								"east": {"uv": [46, 0], "uv_size": [1.25, 0.25]},
								"south": {"uv": [40, 49], "uv_size": [0.25, 0.25]},
								"west": {"uv": [2, 46], "uv_size": [1.25, 0.25]},
								"up": {"uv": [4, 46], "uv_size": [0.25, 1.25]},
								"down": {"uv": [5, 47.25], "uv_size": [0.25, -1.25]}
							}
						},
						{
							"origin": [-0.66813, 6.42107, 8.68179],
							"size": [0.288, 1.8, 1.116],
							"uv": {
								"north": {"uv": [43, 39], "uv_size": [0.25, 2.25]},
								"east": {"uv": [14, 28], "uv_size": [1.5, 2.25]},
								"south": {"uv": [41, 43], "uv_size": [0.25, 2.25]},
								"west": {"uv": [16, 28], "uv_size": [1.5, 2.25]},
								"up": {"uv": [12, 45], "uv_size": [0.25, 1.5]},
								"down": {"uv": [13, 46.5], "uv_size": [0.25, -1.5]}
							}
						},
						{
							"origin": [0.78317, 6.42107, 8.68179],
							"size": [0.288, 1.8, 1.116],
							"uv": {
								"north": {"uv": [43, 36], "uv_size": [0.25, 2.25]},
								"east": {"uv": [10, 28], "uv_size": [1.5, 2.25]},
								"south": {"uv": [37, 43], "uv_size": [0.25, 2.25]},
								"west": {"uv": [12, 28], "uv_size": [1.5, 2.25]},
								"up": {"uv": [11, 45], "uv_size": [0.25, 1.5]},
								"down": {"uv": [45, 12.5], "uv_size": [0.25, -1.5]}
							}
						},
						{
							"origin": [-0.66813, 6.09707, 5.45979],
							"size": [0.288, 2.124, 3.222],
							"uv": {
								"north": {"uv": [4, 43], "uv_size": [0.25, 2.75]},
								"east": {"uv": [18, 8], "uv_size": [4, 2.75]},
								"south": {"uv": [5, 43], "uv_size": [0.25, 2.75]},
								"west": {"uv": [18, 11], "uv_size": [4, 2.75]},
								"up": {"uv": [38, 33], "uv_size": [0.25, 4]},
								"down": {"uv": [35, 42], "uv_size": [0.25, -4]}
							}
						},
						{
							"origin": [-0.52413, 6.90707, 3.04779],
							"size": [0.288, 1.332, 2.412],
							"uv": {
								"north": {"uv": [29, 44], "uv_size": [0.25, 1.75]},
								"east": {"uv": [10, 6], "uv_size": [3, 1.75]},
								"south": {"uv": [30, 44], "uv_size": [0.25, 1.75]},
								"west": {"uv": [24, 20], "uv_size": [3, 1.75]},
								"up": {"uv": [41, 12], "uv_size": [0.25, 3]},
								"down": {"uv": [13, 44], "uv_size": [0.25, -3]}
							}
						},
						{
							"origin": [0.62787, 6.90707, 3.04779],
							"size": [0.288, 1.332, 2.412],
							"uv": {
								"north": {"uv": [44, 31], "uv_size": [0.25, 1.75]},
								"east": {"uv": [22, 24], "uv_size": [3, 1.75]},
								"south": {"uv": [44, 33], "uv_size": [0.25, 1.75]},
								"west": {"uv": [24, 22], "uv_size": [3, 1.75]},
								"up": {"uv": [14, 41], "uv_size": [0.25, 3]},
								"down": {"uv": [15, 44], "uv_size": [0.25, -3]}
							}
						},
						{
							"origin": [0.78317, 6.09707, 5.45979],
							"size": [0.288, 2.124, 3.222],
							"uv": {
								"north": {"uv": [43, 2], "uv_size": [0.25, 2.75]},
								"east": {"uv": [18, 2], "uv_size": [4, 2.75]},
								"south": {"uv": [3, 43], "uv_size": [0.25, 2.75]},
								"west": {"uv": [18, 5], "uv_size": [4, 2.75]},
								"up": {"uv": [32, 38], "uv_size": [0.25, 4]},
								"down": {"uv": [33, 42], "uv_size": [0.25, -4]}
							}
						},
						{
							"origin": [-0.08648, 8.43505, 10.33779],
							"size": [0.576, 0.144, 0.324],
							"uv": {
								"north": {"uv": [9, 48], "uv_size": [0.75, 0.25]},
								"east": {"uv": [49, 21], "uv_size": [0.5, 0.25]},
								"south": {"uv": [48, 9], "uv_size": [0.75, 0.25]},
								"west": {"uv": [22, 49], "uv_size": [0.5, 0.25]},
								"up": {"uv": [10, 45], "uv_size": [0.75, 0.5]},
								"down": {"uv": [45, 10.5], "uv_size": [0.75, -0.5]}
							}
						},
						{
							"origin": [-0.15331, 9.32729, 10.33779],
							"size": [0.576, 0.144, 0.324],
							"pivot": [0.13469, 8.89529, 10.62579],
							"rotation": [0, 0, 60],
							"uv": {
								"north": {"uv": [5, 48], "uv_size": [0.75, 0.25]},
								"east": {"uv": [49, 17], "uv_size": [0.5, 0.25]},
								"south": {"uv": [48, 5], "uv_size": [0.75, 0.25]},
								"west": {"uv": [18, 49], "uv_size": [0.5, 0.25]},
								"up": {"uv": [45, 5], "uv_size": [0.75, 0.5]},
								"down": {"uv": [45, 6.5], "uv_size": [0.75, -0.5]}
							}
						},
						{
							"origin": [-0.8926, 8.90047, 10.33779],
							"size": [0.576, 0.144, 0.324],
							"pivot": [-0.6046, 8.46847, 10.62579],
							"rotation": [0, 0, 60],
							"uv": {
								"north": {"uv": [7, 48], "uv_size": [0.75, 0.25]},
								"east": {"uv": [49, 19], "uv_size": [0.5, 0.25]},
								"south": {"uv": [48, 7], "uv_size": [0.75, 0.25]},
								"west": {"uv": [20, 49], "uv_size": [0.5, 0.25]},
								"up": {"uv": [8, 45], "uv_size": [0.75, 0.5]},
								"down": {"uv": [45, 8.5], "uv_size": [0.75, -0.5]}
							}
						},
						{
							"origin": [0.71965, 8.90047, 10.33779],
							"size": [0.576, 0.144, 0.324],
							"pivot": [1.00765, 8.46847, 10.62579],
							"rotation": [0, 0, -60],
							"uv": {
								"north": {"uv": [6, 48], "uv_size": [0.75, 0.25]},
								"east": {"uv": [49, 18], "uv_size": [0.5, 0.25]},
								"south": {"uv": [48, 6], "uv_size": [0.75, 0.25]},
								"west": {"uv": [19, 49], "uv_size": [0.5, 0.25]},
								"up": {"uv": [7, 45], "uv_size": [0.75, 0.5]},
								"down": {"uv": [45, 7.5], "uv_size": [0.75, -0.5]}
							}
						},
						{
							"origin": [-0.01965, 9.32729, 10.33779],
							"size": [0.576, 0.144, 0.324],
							"pivot": [0.26835, 8.89529, 10.62579],
							"rotation": [0, 0, -60],
							"uv": {
								"north": {"uv": [8, 48], "uv_size": [0.75, 0.25]},
								"east": {"uv": [49, 20], "uv_size": [0.5, 0.25]},
								"south": {"uv": [48, 8], "uv_size": [0.75, 0.25]},
								"west": {"uv": [21, 49], "uv_size": [0.5, 0.25]},
								"up": {"uv": [9, 45], "uv_size": [0.75, 0.5]},
								"down": {"uv": [45, 9.5], "uv_size": [0.75, -0.5]}
							}
						},
						{
							"origin": [0.62787, 6.63417, 1.67949],
							"size": [0.288, 1.44, 2.412],
							"pivot": [0.33987, 9.73017, 4.34349],
							"rotation": [-20, 0, 0],
							"uv": {
								"north": {"uv": [34, 44], "uv_size": [0.25, 1.75]},
								"east": {"uv": [25, 0], "uv_size": [3, 1.75]},
								"south": {"uv": [44, 35], "uv_size": [0.25, 1.75]},
								"west": {"uv": [25, 2], "uv_size": [3, 1.75]},
								"up": {"uv": [41, 15], "uv_size": [0.25, 3]},
								"down": {"uv": [16, 44], "uv_size": [0.25, -3]}
							}
						},
						{
							"origin": [-0.52413, 6.63417, 1.67949],
							"size": [0.288, 1.44, 2.412],
							"pivot": [-0.81213, 9.73017, 4.34349],
							"rotation": [-20, 0, 0],
							"uv": {
								"north": {"uv": [44, 37], "uv_size": [0.25, 1.75]},
								"east": {"uv": [25, 4], "uv_size": [3, 1.75]},
								"south": {"uv": [44, 39], "uv_size": [0.25, 1.75]},
								"west": {"uv": [25, 6], "uv_size": [3, 1.75]},
								"up": {"uv": [23, 41], "uv_size": [0.25, 3]},
								"down": {"uv": [24, 44], "uv_size": [0.25, -3]}
							}
						},
						{
							"origin": [-0.17648, 10.01436, 10.15179],
							"size": [0.756, 0.198, 0.276],
							"uv": {
								"north": {"uv": [47, 13], "uv_size": [1, 0.25]},
								"east": {"uv": [49, 14], "uv_size": [0.75, 0.25]},
								"south": {"uv": [14, 47], "uv_size": [1, 0.25]},
								"west": {"uv": [15, 49], "uv_size": [0.75, 0.25]},
								"up": {"uv": [42, 7], "uv_size": [1, 0.75]},
								"down": {"uv": [42, 20.75], "uv_size": [1, -0.75]}
							}
						},
						{
							"origin": [-0.17648, 10.07017, 10.00342],
							"size": [0.756, 0.144, 0.144],
							"pivot": [0.20152, 10.03417, 10.07542],
							"rotation": [-45, 0, 0],
							"uv": {
								"north": {"uv": [11, 47], "uv_size": [1, 0.25]},
								"east": {"uv": [14, 50], "uv_size": [0.25, 0.25]},
								"south": {"uv": [12, 47], "uv_size": [1, 0.25]},
								"west": {"uv": [50, 14], "uv_size": [0.25, 0.25]},
								"up": {"uv": [47, 12], "uv_size": [1, 0.25]},
								"down": {"uv": [13, 47.25], "uv_size": [1, -0.25]}
							}
						},
						{
							"origin": [-0.17648, 10.07017, 10.27942],
							"size": [0.756, 0.144, 0.144],
							"pivot": [0.20152, 10.03417, 10.35142],
							"rotation": [-45, 0, 0],
							"uv": {
								"north": {"uv": [7, 47], "uv_size": [1, 0.25]},
								"east": {"uv": [13, 50], "uv_size": [0.25, 0.25]},
								"south": {"uv": [47, 7], "uv_size": [1, 0.25]},
								"west": {"uv": [50, 13], "uv_size": [0.25, 0.25]},
								"up": {"uv": [47, 8], "uv_size": [1, 0.25]},
								"down": {"uv": [47, 9.25], "uv_size": [1, -0.25]}
							}
						}
					]
				},
				{
					"name": "bone2",
					"parent": "qt",
					"pivot": [-2.59516, 4.04861, 4.89073],
					"rotation": [-30, 0, 0],
					"cubes": [
						{
							"origin": [-0.30248, -1.71939, 0.41064],
							"size": [1.008, 7.262, 1.296],
							"uv": {
								"north": {"uv": [16, 8], "uv_size": [1.25, 9.25]},
								"east": {"uv": [16, 18], "uv_size": [1, 9.25]},
								"south": {"uv": [0, 18], "uv_size": [1.25, 9.25]},
								"west": {"uv": [17, 18], "uv_size": [1, 9.25]},
								"up": {"uv": [31, 35], "uv_size": [1.25, 1]},
								"down": {"uv": [35, 33], "uv_size": [1.25, -1]}
							}
						},
						{
							"origin": [-1.64116, -1.51939, 0.37673],
							"size": [0.288, 7.062, 0.288],
							"pivot": [-1.92916, 4.04861, 3.52673],
							"rotation": [0, -45, 0],
							"uv": {
								"north": {"uv": [12, 31], "uv_size": [0.25, 9.25]},
								"east": {"uv": [13, 31], "uv_size": [0.25, 9.25]},
								"south": {"uv": [14, 31], "uv_size": [0.25, 9.25]},
								"west": {"uv": [15, 31], "uv_size": [0.25, 9.25]},
								"up": {"uv": [9, 50], "uv_size": [0.25, 0.25]},
								"down": {"uv": [50, 9.25], "uv_size": [0.25, -0.25]}
							}
						},
						{
							"origin": [-0.09883, -1.41939, 1.71229],
							"size": [0.594, 6.962, 0.198],
							"uv": {
								"north": {"uv": [22, 0], "uv_size": [0.75, 9.25]},
								"east": {"uv": [10, 31], "uv_size": [0.25, 9.25]},
								"south": {"uv": [22, 10], "uv_size": [0.75, 9.25]},
								"west": {"uv": [11, 31], "uv_size": [0.25, 9.25]},
								"up": {"uv": [49, 9], "uv_size": [0.75, 0.25]},
								"down": {"uv": [10, 49.25], "uv_size": [0.75, -0.25]}
							}
						},
						{
							"origin": [-2.24186, -1.51939, 0.37673],
							"size": [0.288, 7.062, 0.288],
							"pivot": [-2.52986, 4.04861, 3.52673],
							"rotation": [0, -45, 0],
							"uv": {
								"north": {"uv": [1, 31], "uv_size": [0.25, 9.25]},
								"east": {"uv": [31, 2], "uv_size": [0.25, 9.25]},
								"south": {"uv": [8, 31], "uv_size": [0.25, 9.25]},
								"west": {"uv": [9, 31], "uv_size": [0.25, 9.25]},
								"up": {"uv": [8, 50], "uv_size": [0.25, 0.25]},
								"down": {"uv": [50, 8.25], "uv_size": [0.25, -0.25]}
							}
						}
					]
				},
				{
					"name": "bone",
					"parent": "qt",
					"pivot": [-0.86613, 5.19036, 9.23979],
					"rotation": [35, 0, 0],
					"cubes": [
						{
							"origin": [0.69317, 5.57227, 8.84139],
							"size": [0.288, 0.882, 1.016],
							"uv": {
								"north": {"uv": [31, 46], "uv_size": [0.25, 1]},
								"east": {"uv": [25, 19], "uv_size": [1.5, 1]},
								"south": {"uv": [46, 31], "uv_size": [0.25, 1]},
								"west": {"uv": [34, 10], "uv_size": [1.5, 1]},
								"up": {"uv": [45, 13], "uv_size": [0.25, 1.5]},
								"down": {"uv": [14, 46.5], "uv_size": [0.25, -1.5]}
							}
						},
						{
							"origin": [-0.37448, 5.36862, 8.74139],
							"size": [1.152, 1.026, 1.116],
							"uv": {
								"north": {"uv": [32, 16], "uv_size": [1.5, 1.25]},
								"east": {"uv": [26, 32], "uv_size": [1.5, 1.25]},
								"south": {"uv": [28, 32], "uv_size": [1.5, 1.25]},
								"west": {"uv": [31, 32], "uv_size": [1.5, 1.25]},
								"up": {"uv": [16, 31], "uv_size": [1.5, 1.5]},
								"down": {"uv": [31, 21.5], "uv_size": [1.5, -1.5]}
							}
						},
						{
							"origin": [-0.57813, 5.57227, 8.79139],
							"size": [0.288, 0.9, 1.066],
							"uv": {
								"north": {"uv": [18, 46], "uv_size": [0.25, 1.25]},
								"east": {"uv": [2, 33], "uv_size": [1.5, 1.25]},
								"south": {"uv": [19, 46], "uv_size": [0.25, 1.25]},
								"west": {"uv": [4, 33], "uv_size": [1.5, 1.25]},
								"up": {"uv": [15, 45], "uv_size": [0.25, 1.5]},
								"down": {"uv": [17, 46.5], "uv_size": [0.25, -1.5]}
							}
						}
					]
				},
				{
					"name": "kmj",
					"parent": "qt",
					"pivot": [-0.41613, 7.48017, 5.02749],
					"rotation": [-7, 0, 0],
					"cubes": [
						{
							"origin": [-0.74733, 7.22098, 3.59103],
							"size": [0.3312, 0.3726, 1.4697],
							"uv": {
								"north": {"uv": [36, 46], "uv_size": [0.5, 0.5]},
								"east": {"uv": [0, 41], "uv_size": [1.75, 0.5]},
								"south": {"uv": [46, 36], "uv_size": [0.5, 0.5]},
								"west": {"uv": [41, 0], "uv_size": [1.75, 0.5]},
								"up": {"uv": [41, 1], "uv_size": [0.5, 1.75]},
								"down": {"uv": [41, 4.75], "uv_size": [0.5, -1.75]}
							}
						},
						{
							"origin": [-0.74733, 7.69306, 3.30356],
							"size": [0.3312, 0.3726, 0.3312],
							"pivot": [-1.07853, 10.73596, 5.06305],
							"rotation": [30, 0, 0],
							"uv": {
								"north": {"uv": [37, 46], "uv_size": [0.5, 0.5]},
								"east": {"uv": [46, 37], "uv_size": [0.5, 0.5]},
								"south": {"uv": [38, 46], "uv_size": [0.5, 0.5]},
								"west": {"uv": [46, 38], "uv_size": [0.5, 0.5]},
								"up": {"uv": [39, 46], "uv_size": [0.5, 0.5]},
								"down": {"uv": [46, 39.5], "uv_size": [0.5, -0.5]}
							}
						},
						{
							"origin": [-0.77613, 7.78306, 3.19556],
							"size": [1.728, 0.288, 0.288],
							"pivot": [-1.07853, 10.82596, 4.95505],
							"rotation": [30, 0, 0],
							"uv": {
								"north": {"uv": [44, 1], "uv_size": [2.25, 0.25]},
								"east": {"uv": [10, 50], "uv_size": [0.25, 0.25]},
								"south": {"uv": [44, 2], "uv_size": [2.25, 0.25]},
								"west": {"uv": [50, 10], "uv_size": [0.25, 0.25]},
								"up": {"uv": [44, 3], "uv_size": [2.25, 0.25]},
								"down": {"uv": [44, 4.25], "uv_size": [2.25, -0.25]}
							}
						},
						{
							"origin": [-0.74733, 6.26476, 5.97385],
							"size": [0.3312, 0.3726, 0.3312],
							"pivot": [-1.07853, 9.30766, 7.73336],
							"rotation": [-30, 0, 0],
							"uv": {
								"north": {"uv": [40, 46], "uv_size": [0.5, 0.5]},
								"east": {"uv": [41, 46], "uv_size": [0.5, 0.5]},
								"south": {"uv": [46, 41], "uv_size": [0.5, 0.5]},
								"west": {"uv": [46, 42], "uv_size": [0.5, 0.5]},
								"up": {"uv": [46, 43], "uv_size": [0.5, 0.5]},
								"down": {"uv": [46, 44.5], "uv_size": [0.5, -0.5]}
							}
						},
						{
							"origin": [-0.74733, 7.50226, 2.88723],
							"size": [0.3312, 0.3726, 1.9872],
							"uv": {
								"north": {"uv": [46, 45], "uv_size": [0.5, 0.5]},
								"east": {"uv": [35, 33], "uv_size": [2.5, 0.5]},
								"south": {"uv": [46, 46], "uv_size": [0.5, 0.5]},
								"west": {"uv": [35, 34], "uv_size": [2.5, 0.5]},
								"up": {"uv": [19, 35], "uv_size": [0.5, 2.5]},
								"down": {"uv": [35, 37.5], "uv_size": [0.5, -2.5]}
							}
						},
						{
							"origin": [-0.74733, 6.90715, 3.90118],
							"size": [0.3312, 0.3726, 0.8901],
							"pivot": [-1.07853, 10.46755, 5.08109],
							"rotation": [-20, 0, 0],
							"uv": {
								"north": {"uv": [35, 46], "uv_size": [0.5, 0.5]},
								"east": {"uv": [44, 5], "uv_size": [1, 0.5]},
								"south": {"uv": [46, 35], "uv_size": [0.5, 0.5]},
								"west": {"uv": [44, 6], "uv_size": [1, 0.5]},
								"up": {"uv": [7, 44], "uv_size": [0.5, 1]},
								"down": {"uv": [44, 8], "uv_size": [0.5, -1]}
							}
						}
					]
				},
				{
					"name": "g_illuminated",
					"parent": "qt",
					"pivot": [0.20152, 10.03236, 10.35579],
					"cubes": [
						{
							"origin": [0.17352, 10.21436, 10.15179],
							"size": [0.106, 0.198, 0.276],
							"uv": {
								"north": {"uv": [28, 49.5], "uv_size": [-0.5, 0.5]},
								"east": {"uv": [29, 49.5], "uv_size": [0.5, 0.5]},
								"south": {"uv": [28, 50.75], "uv_size": [-0.5, -0.5]},
								"west": {"uv": [29.5, 50.75], "uv_size": [-0.5, -0.5]},
								"up": {"uv": [28.25, 50.75], "uv_size": [0.5, -0.5]},
								"down": {"uv": [28.75, 49.5], "uv_size": [-0.5, 0.5]}
							}
						}
					]
				},
				{
					"name": "tt",
					"parent": "subata",
					"pivot": [0.20152, 9.10471, 2.62579],
					"cubes": [
						{
							"origin": [-0.29103, 9.74345, 8.71379],
							"size": [0.288, 0.288, 1.084],
							"pivot": [-0.57903, 10.15745, 10.04979],
							"rotation": [0, 0, 45],
							"uv": {
								"north": {"uv": [49, 31], "uv_size": [0.25, 0.25]},
								"east": {"uv": [17, 48], "uv_size": [0.75, 0.25]},
								"south": {"uv": [32, 49], "uv_size": [0.25, 0.25]},
								"west": {"uv": [48, 17], "uv_size": [0.75, 0.25]},
								"up": {"uv": [18, 48], "uv_size": [0.25, 0.75]},
								"down": {"uv": [48, 18.75], "uv_size": [0.25, -0.75]}
							}
						},
						{
							"origin": [-0.66813, 8.22107, 8.71379],
							"size": [0.288, 1.44, 1.084],
							"uv": {
								"north": {"uv": [16, 44], "uv_size": [0.25, 1.75]},
								"east": {"uv": [13, 6], "uv_size": [0.75, 1.75]},
								"south": {"uv": [44, 21], "uv_size": [0.25, 1.75]},
								"west": {"uv": [34, 32], "uv_size": [0.75, 1.75]},
								"up": {"uv": [22, 48], "uv_size": [0.25, 0.75]},
								"down": {"uv": [48, 22.75], "uv_size": [0.25, -0.75]}
							}
						},
						{
							"origin": [0.78317, 8.22107, 6.75579],
							"size": [0.288, 0.396, 2.358],
							"uv": {
								"north": {"uv": [49, 22], "uv_size": [0.25, 0.5]},
								"east": {"uv": [35, 20], "uv_size": [2.5, 0.5]},
								"south": {"uv": [23, 49], "uv_size": [0.25, 0.5]},
								"west": {"uv": [35, 21], "uv_size": [2.5, 0.5]},
								"up": {"uv": [43, 5], "uv_size": [0.25, 2.5]},
								"down": {"uv": [6, 45.5], "uv_size": [0.25, -2.5]}
							}
						},
						{
							"origin": [-0.66813, 8.22107, 6.75579],
							"size": [0.288, 0.396, 2.358],
							"uv": {
								"north": {"uv": [49, 23], "uv_size": [0.25, 0.5]},
								"east": {"uv": [35, 27], "uv_size": [2.5, 0.5]},
								"south": {"uv": [24, 49], "uv_size": [0.25, 0.5]},
								"west": {"uv": [35, 28], "uv_size": [2.5, 0.5]},
								"up": {"uv": [43, 12], "uv_size": [0.25, 2.5]},
								"down": {"uv": [43, 17.5], "uv_size": [0.25, -2.5]}
							}
						},
						{
							"origin": [0.83317, 8.22107, -0.73221],
							"size": [0.238, 1.44, 7.488],
							"uv": {
								"north": {"uv": [44, 23], "uv_size": [0.25, 1.75]},
								"east": {"uv": [0, 4], "uv_size": [10, 1.75]},
								"south": {"uv": [24, 44], "uv_size": [0.25, 1.75]},
								"west": {"uv": [0, 6], "uv_size": [10, 1.75]},
								"up": {"uv": [20, 30], "uv_size": [0.25, 10]},
								"down": {"uv": [21, 40], "uv_size": [0.25, -10]}
							}
						},
						{
							"origin": [1.04097, 9.74345, -0.73221],
							"size": [0.288, 0.288, 7.488],
							"pivot": [0.75297, 10.15745, 7.45779],
							"rotation": [0, 0, 45],
							"uv": {
								"north": {"uv": [49, 33], "uv_size": [0.25, 0.25]},
								"east": {"uv": [29, 26], "uv_size": [10, 0.25]},
								"south": {"uv": [34, 49], "uv_size": [0.25, 0.25]},
								"west": {"uv": [30, 18], "uv_size": [10, 0.25]},
								"up": {"uv": [22, 30], "uv_size": [0.25, 10]},
								"down": {"uv": [23, 40], "uv_size": [0.25, -10]}
							}
						},
						{
							"origin": [-0.46448, 8.22671, -0.73221],
							"size": [1.332, 1.638, 7.488],
							"uv": {
								"north": {"uv": [14, 8], "uv_size": [1.75, 2]},
								"east": {"uv": [0, 0], "uv_size": [10, 2]},
								"south": {"uv": [20, 0], "uv_size": [1.75, 2]},
								"west": {"uv": [0, 2], "uv_size": [10, 2]},
								"up": {"uv": [0, 8], "uv_size": [1.75, 10]},
								"down": {"uv": [2, 18], "uv_size": [1.75, -10]}
							}
						},
						{
							"origin": [-0.29103, 9.74345, -0.73221],
							"size": [0.288, 0.288, 7.488],
							"pivot": [-0.57903, 10.15745, 7.45779],
							"rotation": [0, 0, 45],
							"uv": {
								"north": {"uv": [49, 34], "uv_size": [0.25, 0.25]},
								"east": {"uv": [30, 19], "uv_size": [10, 0.25]},
								"south": {"uv": [35, 49], "uv_size": [0.25, 0.25]},
								"west": {"uv": [30, 29], "uv_size": [10, 0.25]},
								"up": {"uv": [24, 30], "uv_size": [0.25, 10]},
								"down": {"uv": [25, 40], "uv_size": [0.25, -10]}
							}
						},
						{
							"origin": [-0.66813, 8.22107, -0.73221],
							"size": [0.238, 1.44, 7.488],
							"uv": {
								"north": {"uv": [25, 44], "uv_size": [0.25, 1.75]},
								"east": {"uv": [4, 8], "uv_size": [10, 1.75]},
								"south": {"uv": [28, 44], "uv_size": [0.25, 1.75]},
								"west": {"uv": [10, 0], "uv_size": [10, 1.75]},
								"up": {"uv": [30, 30], "uv_size": [0.25, 10]},
								"down": {"uv": [0, 41], "uv_size": [0.25, -10]}
							}
						},
						{
							"origin": [0.61071, 8.59267, 6.7263],
							"size": [0.20261, 1.01304, 2.4767],
							"uv": {
								"north": {"uv": [42, 45], "uv_size": [0.25, 1.25]},
								"east": {"uv": [28, 0], "uv_size": [2.75, 1.25]},
								"south": {"uv": [43, 45], "uv_size": [0.25, 1.25]},
								"west": {"uv": [28, 2], "uv_size": [2.75, 1.25]},
								"up": {"uv": [42, 25], "uv_size": [0.25, 2.75]},
								"down": {"uv": [26, 44.75], "uv_size": [0.25, -2.75]}
							}
						},
						{
							"origin": [0.79207, 9.66367, 6.7263],
							"size": [0.20261, 0.20261, 2.4767],
							"pivot": [0.58946, 9.95492, 9.21018],
							"rotation": [0, 0, 45],
							"uv": {
								"north": {"uv": [49, 35], "uv_size": [0.25, 0.25]},
								"east": {"uv": [42, 28], "uv_size": [2.75, 0.25]},
								"south": {"uv": [36, 49], "uv_size": [0.25, 0.25]},
								"west": {"uv": [42, 29], "uv_size": [2.75, 0.25]},
								"up": {"uv": [27, 42], "uv_size": [0.25, 2.75]},
								"down": {"uv": [31, 44.75], "uv_size": [0.25, -2.75]}
							}
						},
						{
							"origin": [-0.41027, 8.59267, 6.7263],
							"size": [0.20261, 1.01304, 2.4767],
							"uv": {
								"north": {"uv": [44, 45], "uv_size": [0.25, 1.25]},
								"east": {"uv": [28, 4], "uv_size": [2.75, 1.25]},
								"south": {"uv": [45, 45], "uv_size": [0.25, 1.25]},
								"west": {"uv": [28, 6], "uv_size": [2.75, 1.25]},
								"up": {"uv": [32, 42], "uv_size": [0.25, 2.75]},
								"down": {"uv": [33, 44.75], "uv_size": [0.25, -2.75]}
							}
						},
						{
							"origin": [-0.14499, 9.66367, 6.7263],
							"size": [0.20261, 0.20261, 2.4767],
							"pivot": [-0.3476, 9.95492, 9.21018],
							"rotation": [0, 0, 45],
							"uv": {
								"north": {"uv": [49, 36], "uv_size": [0.25, 0.25]},
								"east": {"uv": [35, 42], "uv_size": [2.75, 0.25]},
								"south": {"uv": [37, 49], "uv_size": [0.25, 0.25]},
								"west": {"uv": [41, 42], "uv_size": [2.75, 0.25]},
								"up": {"uv": [38, 42], "uv_size": [0.25, 2.75]},
								"down": {"uv": [39, 44.75], "uv_size": [0.25, -2.75]}
							}
						},
						{
							"origin": [-0.26701, 9.54637, 6.7263],
							"size": [0.93706, 0.20261, 2.4767],
							"uv": {
								"north": {"uv": [45, 40], "uv_size": [1.25, 0.25]},
								"east": {"uv": [0, 43], "uv_size": [2.75, 0.25]},
								"south": {"uv": [0, 46], "uv_size": [1.25, 0.25]},
								"west": {"uv": [43, 0], "uv_size": [2.75, 0.25]},
								"up": {"uv": [0, 28], "uv_size": [1.25, 2.75]},
								"down": {"uv": [8, 30.75], "uv_size": [1.25, -2.75]}
							}
						},
						{
							"origin": [0.78317, 8.22107, 8.71379],
							"size": [0.288, 1.44, 1.084],
							"uv": {
								"north": {"uv": [22, 44], "uv_size": [0.25, 1.75]},
								"east": {"uv": [34, 34], "uv_size": [0.75, 1.75]},
								"south": {"uv": [23, 44], "uv_size": [0.25, 1.75]},
								"west": {"uv": [2, 35], "uv_size": [0.75, 1.75]},
								"up": {"uv": [23, 48], "uv_size": [0.25, 0.75]},
								"down": {"uv": [48, 23.75], "uv_size": [0.25, -0.75]}
							}
						},
						{
							"origin": [1.04097, 9.74345, 8.71379],
							"size": [0.288, 0.288, 1.084],
							"pivot": [0.75297, 10.15745, 10.04979],
							"rotation": [0, 0, 45],
							"uv": {
								"north": {"uv": [49, 32], "uv_size": [0.25, 0.25]},
								"east": {"uv": [20, 48], "uv_size": [0.75, 0.25]},
								"south": {"uv": [33, 49], "uv_size": [0.25, 0.25]},
								"west": {"uv": [48, 20], "uv_size": [0.75, 0.25]},
								"up": {"uv": [21, 48], "uv_size": [0.25, 0.75]},
								"down": {"uv": [48, 21.75], "uv_size": [0.25, -0.75]}
							}
						},
						{
							"origin": [-0.46448, 9.57671, 8.71379],
							"size": [1.332, 0.288, 1.084],
							"uv": {
								"north": {"uv": [18, 44], "uv_size": [1.75, 0.25]},
								"east": {"uv": [19, 48], "uv_size": [0.75, 0.25]},
								"south": {"uv": [20, 44], "uv_size": [1.75, 0.25]},
								"west": {"uv": [48, 19], "uv_size": [0.75, 0.25]},
								"up": {"uv": [34, 30], "uv_size": [1.75, 0.75]},
								"down": {"uv": [31, 34.75], "uv_size": [1.75, -0.75]}
							}
						},
						{
							"origin": [-0.46448, 9.86471, 8.71379],
							"size": [1.332, 0.144, 1.084],
							"uv": {
								"north": {"uv": [44, 42], "uv_size": [1.75, 0.25]},
								"east": {"uv": [49, 13], "uv_size": [0.75, 0.25]},
								"south": {"uv": [44, 43], "uv_size": [1.75, 0.25]},
								"west": {"uv": [14, 49], "uv_size": [0.75, 0.25]},
								"up": {"uv": [35, 15], "uv_size": [1.75, 0.75]},
								"down": {"uv": [16, 35.75], "uv_size": [1.75, -0.75]}
							}
						},
						{
							"origin": [-0.46448, 9.86471, -0.73221],
							"size": [1.332, 0.144, 7.488],
							"uv": {
								"north": {"uv": [44, 44], "uv_size": [1.75, 0.25]},
								"east": {"uv": [31, 0], "uv_size": [10, 0.25]},
								"south": {"uv": [0, 45], "uv_size": [1.75, 0.25]},
								"west": {"uv": [31, 1], "uv_size": [10, 0.25]},
								"up": {"uv": [4, 10], "uv_size": [1.75, 10]},
								"down": {"uv": [6, 20], "uv_size": [1.75, -10]}
							}
						},
						{
							"origin": [-0.17648, 10.00871, -0.17421],
							"size": [0.756, 0.144, 5.652],
							"uv": {
								"north": {"uv": [6, 47], "uv_size": [1, 0.25]},
								"east": {"uv": [34, 8], "uv_size": [7, 0.25]},
								"south": {"uv": [47, 6], "uv_size": [1, 0.25]},
								"west": {"uv": [34, 9], "uv_size": [7, 0.25]},
								"up": {"uv": [18, 21], "uv_size": [1, 7]},
								"down": {"uv": [19, 28], "uv_size": [1, -7]}
							}
						},
						{
							"origin": [-0.17648, 10.07017, 5.32942],
							"size": [0.756, 0.144, 0.144],
							"pivot": [0.20152, 10.03417, 5.40142],
							"rotation": [-45, 0, 0],
							"uv": {
								"north": {"uv": [7, 47], "uv_size": [1, 0.25]},
								"east": {"uv": [13, 50], "uv_size": [0.25, 0.25]},
								"south": {"uv": [47, 7], "uv_size": [1, 0.25]},
								"west": {"uv": [50, 13], "uv_size": [0.25, 0.25]},
								"up": {"uv": [47, 8], "uv_size": [1, 0.25]},
								"down": {"uv": [47, 9.25], "uv_size": [1, -0.25]}
							}
						},
						{
							"origin": [-0.17648, 10.07017, 4.75342],
							"size": [0.756, 0.144, 0.144],
							"pivot": [0.20152, 10.03417, 4.82542],
							"rotation": [-45, 0, 0],
							"uv": {
								"north": {"uv": [11, 47], "uv_size": [1, 0.25]},
								"east": {"uv": [14, 50], "uv_size": [0.25, 0.25]},
								"south": {"uv": [12, 47], "uv_size": [1, 0.25]},
								"west": {"uv": [50, 14], "uv_size": [0.25, 0.25]},
								"up": {"uv": [47, 12], "uv_size": [1, 0.25]},
								"down": {"uv": [13, 47.25], "uv_size": [1, -0.25]}
							}
						},
						{
							"origin": [-0.17648, 10.01436, 4.90179],
							"size": [0.756, 0.198, 0.576],
							"uv": {
								"north": {"uv": [47, 13], "uv_size": [1, 0.25]},
								"east": {"uv": [49, 14], "uv_size": [0.75, 0.25]},
								"south": {"uv": [14, 47], "uv_size": [1, 0.25]},
								"west": {"uv": [15, 49], "uv_size": [0.75, 0.25]},
								"up": {"uv": [42, 7], "uv_size": [1, 0.75]},
								"down": {"uv": [42, 20.75], "uv_size": [1, -0.75]}
							}
						},
						{
							"origin": [-0.17648, 10.15271, 4.32579],
							"size": [0.756, 0.072, 0.288],
							"uv": {
								"north": {"uv": [47, 24], "uv_size": [1, 0.25]},
								"east": {"uv": [17, 50], "uv_size": [0.25, 0.25]},
								"south": {"uv": [26, 47], "uv_size": [1, 0.25]},
								"west": {"uv": [50, 17], "uv_size": [0.25, 0.25]},
								"up": {"uv": [27, 47], "uv_size": [1, 0.25]},
								"down": {"uv": [28, 47.25], "uv_size": [1, -0.25]}
							}
						},
						{
							"origin": [-0.17648, 10.15271, 3.74979],
							"size": [0.756, 0.072, 0.288],
							"uv": {
								"north": {"uv": [47, 28], "uv_size": [1, 0.25]},
								"east": {"uv": [18, 50], "uv_size": [0.25, 0.25]},
								"south": {"uv": [29, 47], "uv_size": [1, 0.25]},
								"west": {"uv": [50, 18], "uv_size": [0.25, 0.25]},
								"up": {"uv": [47, 29], "uv_size": [1, 0.25]},
								"down": {"uv": [30, 47.25], "uv_size": [1, -0.25]}
							}
						},
						{
							"origin": [-0.17648, 10.15271, 3.17379],
							"size": [0.756, 0.072, 0.288],
							"uv": {
								"north": {"uv": [47, 30], "uv_size": [1, 0.25]},
								"east": {"uv": [19, 50], "uv_size": [0.25, 0.25]},
								"south": {"uv": [31, 47], "uv_size": [1, 0.25]},
								"west": {"uv": [50, 19], "uv_size": [0.25, 0.25]},
								"up": {"uv": [47, 31], "uv_size": [1, 0.25]},
								"down": {"uv": [32, 47.25], "uv_size": [1, -0.25]}
							}
						},
						{
							"origin": [-0.17648, 10.15271, 2.59779],
							"size": [0.756, 0.072, 0.288],
							"uv": {
								"north": {"uv": [47, 32], "uv_size": [1, 0.25]},
								"east": {"uv": [20, 50], "uv_size": [0.25, 0.25]},
								"south": {"uv": [33, 47], "uv_size": [1, 0.25]},
								"west": {"uv": [50, 20], "uv_size": [0.25, 0.25]},
								"up": {"uv": [47, 33], "uv_size": [1, 0.25]},
								"down": {"uv": [34, 47.25], "uv_size": [1, -0.25]}
							}
						},
						{
							"origin": [-0.17648, 10.15271, 2.02179],
							"size": [0.756, 0.072, 0.288],
							"uv": {
								"north": {"uv": [47, 36], "uv_size": [1, 0.25]},
								"east": {"uv": [22, 50], "uv_size": [0.25, 0.25]},
								"south": {"uv": [37, 47], "uv_size": [1, 0.25]},
								"west": {"uv": [50, 22], "uv_size": [0.25, 0.25]},
								"up": {"uv": [47, 37], "uv_size": [1, 0.25]},
								"down": {"uv": [38, 47.25], "uv_size": [1, -0.25]}
							}
						},
						{
							"origin": [-0.17648, 10.15271, 1.44579],
							"size": [0.756, 0.072, 0.288],
							"uv": {
								"north": {"uv": [47, 34], "uv_size": [1, 0.25]},
								"east": {"uv": [21, 50], "uv_size": [0.25, 0.25]},
								"south": {"uv": [35, 47], "uv_size": [1, 0.25]},
								"west": {"uv": [50, 21], "uv_size": [0.25, 0.25]},
								"up": {"uv": [47, 35], "uv_size": [1, 0.25]},
								"down": {"uv": [36, 47.25], "uv_size": [1, -0.25]}
							}
						},
						{
							"origin": [-0.17648, 10.15271, 0.86979],
							"size": [0.756, 0.072, 0.288],
							"uv": {
								"north": {"uv": [47, 38], "uv_size": [1, 0.25]},
								"east": {"uv": [23, 50], "uv_size": [0.25, 0.25]},
								"south": {"uv": [39, 47], "uv_size": [1, 0.25]},
								"west": {"uv": [50, 23], "uv_size": [0.25, 0.25]},
								"up": {"uv": [47, 39], "uv_size": [1, 0.25]},
								"down": {"uv": [40, 47.25], "uv_size": [1, -0.25]}
							}
						},
						{
							"origin": [-0.17648, 10.01436, -0.17421],
							"size": [0.756, 0.198, 0.576],
							"uv": {
								"north": {"uv": [47, 22], "uv_size": [1, 0.25]},
								"east": {"uv": [49, 15], "uv_size": [0.75, 0.25]},
								"south": {"uv": [47, 23], "uv_size": [1, 0.25]},
								"west": {"uv": [16, 49], "uv_size": [0.75, 0.25]},
								"up": {"uv": [42, 21], "uv_size": [1, 0.75]},
								"down": {"uv": [42, 22.75], "uv_size": [1, -0.75]}
							}
						},
						{
							"origin": [-0.17648, 10.07017, -0.32258],
							"size": [0.756, 0.144, 0.144],
							"pivot": [0.20152, 10.03417, -0.25058],
							"rotation": [-45, 0, 0],
							"uv": {
								"north": {"uv": [47, 18], "uv_size": [1, 0.25]},
								"east": {"uv": [16, 50], "uv_size": [0.25, 0.25]},
								"south": {"uv": [47, 19], "uv_size": [1, 0.25]},
								"west": {"uv": [50, 16], "uv_size": [0.25, 0.25]},
								"up": {"uv": [47, 20], "uv_size": [1, 0.25]},
								"down": {"uv": [47, 21.25], "uv_size": [1, -0.25]}
							}
						},
						{
							"origin": [-0.17648, 10.07017, 0.25342],
							"size": [0.756, 0.144, 0.144],
							"pivot": [0.20152, 10.03417, 0.32542],
							"rotation": [-45, 0, 0],
							"uv": {
								"north": {"uv": [15, 47], "uv_size": [1, 0.25]},
								"east": {"uv": [15, 50], "uv_size": [0.25, 0.25]},
								"south": {"uv": [47, 16], "uv_size": [1, 0.25]},
								"west": {"uv": [50, 15], "uv_size": [0.25, 0.25]},
								"up": {"uv": [17, 47], "uv_size": [1, 0.25]},
								"down": {"uv": [47, 17.25], "uv_size": [1, -0.25]}
							}
						}
					]
				},
				{
					"name": "bb",
					"parent": "tt",
					"pivot": [1.09587, 8.54954, 3.54791],
					"cubes": [
						{
							"origin": [-0.81213, 10.27279, 0.86565],
							"size": [0.324, 0.2, 2.052],
							"uv": {
								"north": {"uv": [49, 25], "uv_size": [0.5, 0.25]},
								"east": {"uv": [43, 25], "uv_size": [2.5, 0.25]},
								"south": {"uv": [26, 49], "uv_size": [0.5, 0.25]},
								"west": {"uv": [43, 26], "uv_size": [2.5, 0.25]},
								"up": {"uv": [5, 36], "uv_size": [0.5, 2.5]},
								"down": {"uv": [6, 38.5], "uv_size": [0.5, -2.5]}
							}
						},
						{
							"origin": [-0.81213, 10.27279, 2.86365],
							"size": [2.052, 0.266, 0.378],
							"uv": {
								"north": {"uv": [36, 10], "uv_size": [2.5, 0.5]},
								"east": {"uv": [47, 44], "uv_size": [0.5, 0.5]},
								"south": {"uv": [36, 16], "uv_size": [2.5, 0.5]},
								"west": {"uv": [45, 47], "uv_size": [0.5, 0.5]},
								"up": {"uv": [36, 17], "uv_size": [2.5, 0.5]},
								"down": {"uv": [36, 22.5], "uv_size": [2.5, -0.5]}
							}
						},
						{
							"origin": [0.89787, 10.86676, 2.93079],
							"size": [0.342, 0.094, 0.366],
							"pivot": [1.09587, 9.10476, 4.68279],
							"rotation": [15, 0, 0],
							"uv": {
								"north": {"uv": [49, 27], "uv_size": [0.5, 0.25]},
								"east": {"uv": [47, 45], "uv_size": [1, 0.25]},
								"south": {"uv": [28, 49], "uv_size": [0.5, 0.25]},
								"west": {"uv": [46, 47], "uv_size": [1, 0.25]},
								"up": {"uv": [12, 44], "uv_size": [0.5, 1]},
								"down": {"uv": [44, 13], "uv_size": [0.5, -1]}
							}
						},
						{
							"origin": [-0.81213, 10.86676, 2.93079],
							"size": [0.324, 0.094, 0.366],
							"pivot": [1.09587, 9.10476, 4.68279],
							"rotation": [15, 0, 0],
							"uv": {
								"north": {"uv": [49, 28], "uv_size": [0.5, 0.25]},
								"east": {"uv": [47, 46], "uv_size": [1, 0.25]},
								"south": {"uv": [29, 49], "uv_size": [0.5, 0.25]},
								"west": {"uv": [47, 47], "uv_size": [1, 0.25]},
								"up": {"uv": [13, 44], "uv_size": [0.5, 1]},
								"down": {"uv": [44, 14], "uv_size": [0.5, -1]}
							}
						},
						{
							"origin": [0.91587, 10.27279, 0.86565],
							"size": [0.324, 0.2, 2.052],
							"uv": {
								"north": {"uv": [49, 26], "uv_size": [0.5, 0.25]},
								"east": {"uv": [43, 27], "uv_size": [2.5, 0.25]},
								"south": {"uv": [27, 49], "uv_size": [0.5, 0.25]},
								"west": {"uv": [43, 30], "uv_size": [2.5, 0.25]},
								"up": {"uv": [16, 36], "uv_size": [0.5, 2.5]},
								"down": {"uv": [17, 38.5], "uv_size": [0.5, -2.5]}
							}
						},
						{
							"origin": [1.05818, 9.84081, 0.72761],
							"size": [0.3744, 0.6084, 1.053],
							"uv": {
								"north": {"uv": [36, 45], "uv_size": [0.5, 0.75]},
								"east": {"uv": [23, 40], "uv_size": [1.25, 0.75]},
								"south": {"uv": [45, 36], "uv_size": [0.5, 0.75]},
								"west": {"uv": [40, 23], "uv_size": [1.25, 0.75]},
								"up": {"uv": [17, 43], "uv_size": [0.5, 1.25]},
								"down": {"uv": [43, 22.25], "uv_size": [0.5, -1.25]}
							}
						},
						{
							"origin": [1.05818, 8.53077, 1.10739],
							"size": [0.3744, 0.4212, 2.925],
							"pivot": [1.05818, 8.69457, 3.68139],
							"rotation": [-37, 0, 0],
							"uv": {
								"north": {"uv": [47, 43], "uv_size": [0.5, 0.5]},
								"east": {"uv": [33, 23], "uv_size": [3.75, 0.5]},
								"south": {"uv": [44, 47], "uv_size": [0.5, 0.5]},
								"west": {"uv": [33, 24], "uv_size": [3.75, 0.5]},
								"up": {"uv": [33, 32], "uv_size": [0.5, 3.75]},
								"down": {"uv": [34, 6.75], "uv_size": [0.5, -3.75]}
							}
						},
						{
							"origin": [1.05818, 8.25734, -1.02502],
							"size": [0.3744, 0.4212, 0.7722],
							"pivot": [1.05818, 7.27454, 1.57238],
							"rotation": [-70, 0, 0],
							"uv": {
								"north": {"uv": [47, 42], "uv_size": [0.5, 0.5]},
								"east": {"uv": [8, 44], "uv_size": [1, 0.5]},
								"south": {"uv": [43, 47], "uv_size": [0.5, 0.5]},
								"west": {"uv": [9, 44], "uv_size": [1, 0.5]},
								"up": {"uv": [10, 44], "uv_size": [0.5, 1]},
								"down": {"uv": [11, 45], "uv_size": [0.5, -1]}
							}
						},
						{
							"origin": [1.05818, 8.42527, 0.91266],
							"size": [0.3744, 0.4212, 1.8018],
							"pivot": [1.05818, 7.44247, 2.73786],
							"rotation": [-37, 0, 0],
							"uv": {
								"north": {"uv": [47, 41], "uv_size": [0.5, 0.5]},
								"east": {"uv": [37, 25], "uv_size": [2.25, 0.5]},
								"south": {"uv": [42, 47], "uv_size": [0.5, 0.5]},
								"west": {"uv": [31, 37], "uv_size": [2.25, 0.5]},
								"up": {"uv": [18, 37], "uv_size": [0.5, 2.25]},
								"down": {"uv": [28, 39.25], "uv_size": [0.5, -2.25]}
							}
						},
						{
							"origin": [1.05818, 9.028, 4.12094],
							"size": [0.3744, 0.3744, 0.5616],
							"pivot": [1.05818, 6.337, 5.94614],
							"rotation": [20, 0, 0],
							"uv": {
								"north": {"uv": [47, 40], "uv_size": [0.5, 0.5]},
								"east": {"uv": [45, 33], "uv_size": [0.75, 0.5]},
								"south": {"uv": [41, 47], "uv_size": [0.5, 0.5]},
								"west": {"uv": [45, 34], "uv_size": [0.75, 0.5]},
								"up": {"uv": [35, 45], "uv_size": [0.5, 0.75]},
								"down": {"uv": [45, 35.75], "uv_size": [0.5, -0.75]}
							}
						},
						{
							"origin": [-1.04782, 9.84081, 0.72761],
							"size": [0.3744, 0.6084, 1.053],
							"uv": {
								"north": {"uv": [45, 39], "uv_size": [0.5, 0.75]},
								"east": {"uv": [40, 24], "uv_size": [1.25, 0.75]},
								"south": {"uv": [40, 45], "uv_size": [0.5, 0.75]},
								"west": {"uv": [40, 25], "uv_size": [1.25, 0.75]},
								"up": {"uv": [35, 43], "uv_size": [0.5, 1.25]},
								"down": {"uv": [36, 44.25], "uv_size": [0.5, -1.25]}
							}
						},
						{
							"origin": [-1.04782, 8.25734, -1.02502],
							"size": [0.3744, 0.4212, 0.7722],
							"pivot": [-1.04782, 7.27454, 1.57238],
							"rotation": [-70, 0, 0],
							"uv": {
								"north": {"uv": [3, 48], "uv_size": [0.5, 0.5]},
								"east": {"uv": [14, 44], "uv_size": [1, 0.5]},
								"south": {"uv": [48, 3], "uv_size": [0.5, 0.5]},
								"west": {"uv": [44, 14], "uv_size": [1, 0.5]},
								"up": {"uv": [15, 44], "uv_size": [0.5, 1]},
								"down": {"uv": [44, 16], "uv_size": [0.5, -1]}
							}
						},
						{
							"origin": [-1.04782, 8.53077, 1.10739],
							"size": [0.3744, 0.4212, 2.925],
							"pivot": [-1.04782, 8.69457, 3.68139],
							"rotation": [-37, 0, 0],
							"uv": {
								"north": {"uv": [2, 48], "uv_size": [0.5, 0.5]},
								"east": {"uv": [33, 25], "uv_size": [3.75, 0.5]},
								"south": {"uv": [48, 2], "uv_size": [0.5, 0.5]},
								"west": {"uv": [34, 7], "uv_size": [3.75, 0.5]},
								"up": {"uv": [26, 34], "uv_size": [0.5, 3.75]},
								"down": {"uv": [27, 37.75], "uv_size": [0.5, -3.75]}
							}
						},
						{
							"origin": [-1.04782, 8.42527, 0.91266],
							"size": [0.3744, 0.4212, 1.8018],
							"pivot": [-1.04782, 7.44247, 2.73786],
							"rotation": [-37, 0, 0],
							"uv": {
								"north": {"uv": [1, 48], "uv_size": [0.5, 0.5]},
								"east": {"uv": [37, 32], "uv_size": [2.25, 0.5]},
								"south": {"uv": [48, 1], "uv_size": [0.5, 0.5]},
								"west": {"uv": [36, 37], "uv_size": [2.25, 0.5]},
								"up": {"uv": [29, 37], "uv_size": [0.5, 2.25]},
								"down": {"uv": [34, 39.25], "uv_size": [0.5, -2.25]}
							}
						},
						{
							"origin": [-1.04782, 9.028, 4.12094],
							"size": [0.3744, 0.3744, 0.5616],
							"pivot": [-1.04782, 6.337, 5.94614],
							"rotation": [20, 0, 0],
							"uv": {
								"north": {"uv": [0, 48], "uv_size": [0.5, 0.5]},
								"east": {"uv": [45, 37], "uv_size": [0.75, 0.5]},
								"south": {"uv": [48, 0], "uv_size": [0.5, 0.5]},
								"west": {"uv": [38, 45], "uv_size": [0.75, 0.5]},
								"up": {"uv": [45, 38], "uv_size": [0.5, 0.75]},
								"down": {"uv": [39, 45.75], "uv_size": [0.5, -0.75]}
							}
						},
						{
							"origin": [-1.06413, 9.99306, 2.11156],
							"size": [2.502, 0.488, 0.488],
							"pivot": [-1.07853, 10.82596, 4.95505],
							"rotation": [30, 0, 0],
							"uv": {
								"north": {"uv": [9, 41], "uv_size": [3.25, 0.25]},
								"east": {"uv": [24, 50], "uv_size": [0.25, 0.25]},
								"south": {"uv": [41, 9], "uv_size": [3.25, 0.25]},
								"west": {"uv": [50, 24], "uv_size": [0.25, 0.25]},
								"up": {"uv": [41, 10], "uv_size": [3.25, 0.25]},
								"down": {"uv": [41, 11.25], "uv_size": [3.25, -0.25]}
							}
						}
					]
				},
				{
					"name": "muzzle_flash",
					"parent": "subata",
					"pivot": [0.20152, 8.90471, 10.61979]
				},
				{
					"name": "ammo_count_text_pos",
					"parent": "subata",
					"pivot": [-1.94848, 8.20471, 5.06979],
					"rotation": [0, 180, 0]
				},
				{
					"name": "ammo_count_text_pos2",
					"parent": "subata",
					"pivot": [-1.94848, 7.40471, 5.06979],
					"rotation": [0, 180, 0]
				},
				{
					"name": "shell",
					"parent": "subata",
					"pivot": [0.20152, 9.75471, 7.81979],
					"rotation": [0, 180, 0]
				},
				{
					"name": "additional_magazine",
					"parent": "rh_and_gun",
					"pivot": [0.0403, 4.9047, -1.7052],
					"rotation": [0, 180, 0]
				},
				{
					"name": "rh",
					"parent": "rh_and_gun",
					"pivot": [6, 0, 0]
				},
				{
					"name": "righthand_pos",
					"parent": "rh",
					"pivot": [0, 0, 0],
					"cubes": [
						{"origin": [4, 0, -2], "size": [4, 12, 4], "uv": [-4, -2]}
					]
				},
				{
					"name": "refit_extended_mag_view",
					"parent": "rh_and_gun",
					"pivot": [10, 0, -8],
					"rotation": [167.5, 60, 180]
				},
				{
					"name": "lf_and_mag",
					"parent": "root",
					"pivot": [0, 0, 0]
				},
				{
					"name": "magazine",
					"parent": "lf_and_mag",
					"pivot": [0.20152, 4.90471, -1.70521],
					"rotation": [0, 180, 0]
				},
				{
					"name": "mag_standard",
					"parent": "magazine",
					"pivot": [0.20152, 3.92671, -2.00721],
					"cubes": [
						{
							"origin": [-0.37448, 2.76651, -3.05772],
							"size": [1.152, 2.97, 2.826],
							"uv": {
								"north": {"uv": [12, 24], "uv_size": [1.5, 3.75]},
								"east": {"uv": [10, 2], "uv_size": [3.5, 3.75]},
								"south": {"uv": [14, 24], "uv_size": [1.5, 3.75]},
								"west": {"uv": [12, 10], "uv_size": [3.5, 3.75]},
								"up": {"uv": [2, 25], "uv_size": [1.5, 3.5]},
								"down": {"uv": [25, 11.5], "uv_size": [1.5, -3.5]}
							}
						},
						{
							"origin": [-0.17083, 2.76651, -3.26137],
							"size": [0.756, 2.97, 0.216],
							"uv": {
								"north": {"uv": [26, 27], "uv_size": [1, 3.75]},
								"east": {"uv": [21, 40], "uv_size": [0.25, 3.75]},
								"south": {"uv": [27, 27], "uv_size": [1, 3.75]},
								"west": {"uv": [22, 40], "uv_size": [0.25, 3.75]},
								"up": {"uv": [47, 1], "uv_size": [1, 0.25]},
								"down": {"uv": [2, 47.25], "uv_size": [1, -0.25]}
							}
						},
						{
							"origin": [-1.62007, 2.76651, -4.40872],
							"size": [0.288, 2.97, 0.288],
							"pivot": [-1.90807, 5.61051, -1.18672],
							"rotation": [0, -45, 0],
							"uv": {
								"north": {"uv": [17, 39], "uv_size": [0.25, 3.75]},
								"east": {"uv": [39, 33], "uv_size": [0.25, 3.75]},
								"south": {"uv": [39, 37], "uv_size": [0.25, 3.75]},
								"west": {"uv": [40, 2], "uv_size": [0.25, 3.75]},
								"up": {"uv": [11, 50], "uv_size": [0.25, 0.25]},
								"down": {"uv": [50, 11.25], "uv_size": [0.25, -0.25]}
							}
						},
						{
							"origin": [-2.36478, 2.76651, -4.40872],
							"size": [0.288, 2.97, 0.288],
							"pivot": [-2.65278, 5.61051, -1.18672],
							"rotation": [0, -45, 0],
							"uv": {
								"north": {"uv": [40, 10], "uv_size": [0.25, 3.75]},
								"east": {"uv": [40, 14], "uv_size": [0.25, 3.75]},
								"south": {"uv": [18, 40], "uv_size": [0.25, 3.75]},
								"west": {"uv": [20, 40], "uv_size": [0.25, 3.75]},
								"up": {"uv": [12, 50], "uv_size": [0.25, 0.25]},
								"down": {"uv": [50, 12.25], "uv_size": [0.25, -0.25]}
							}
						}
					]
				},
				{
					"name": "bone4",
					"parent": "mag_standard",
					"pivot": [-3.25218, 3.43431, -0.83593],
					"rotation": [10, 0, 0],
					"cubes": [
						{
							"origin": [-0.49544, 2.93337, -3.09984],
							"size": [1.39392, 0.6534, 1.49346],
							"uv": {
								"north": {"uv": [35, 4], "uv_size": [1.75, 0.75]},
								"east": {"uv": [5, 35], "uv_size": [1.75, 0.75]},
								"south": {"uv": [35, 5], "uv_size": [1.75, 0.75]},
								"west": {"uv": [35, 6], "uv_size": [1.75, 0.75]},
								"up": {"uv": [20, 28], "uv_size": [1.75, 1.75]},
								"down": {"uv": [22, 29.75], "uv_size": [1.75, -1.75]}
							}
						},
						{
							"origin": [-0.49544, 1.83981, -2.04732],
							"size": [1.39392, 0.6534, 1.18746],
							"pivot": [0.20152, 2.34076, -0.0927],
							"rotation": [-35, 0, 0],
							"uv": {
								"north": {"uv": [35, 11], "uv_size": [1.75, 0.75]},
								"east": {"uv": [37, 14], "uv_size": [1.5, 0.75]},
								"south": {"uv": [35, 12], "uv_size": [1.75, 0.75]},
								"west": {"uv": [37, 15], "uv_size": [1.5, 0.75]},
								"up": {"uv": [28, 29], "uv_size": [1.75, 1.5]},
								"down": {"uv": [30, 17.5], "uv_size": [1.75, -1.5]}
							}
						},
						{
							"origin": [-2.00261, 2.37537, -4.73455],
							"size": [0.34848, 1.2114, 0.34848],
							"pivot": [-2.35109, 3.43431, -0.83593],
							"rotation": [0, -45, 0],
							"uv": {
								"north": {"uv": [10, 42], "uv_size": [0.5, 1.5]},
								"east": {"uv": [11, 42], "uv_size": [0.5, 1.5]},
								"south": {"uv": [12, 42], "uv_size": [0.5, 1.5]},
								"west": {"uv": [42, 12], "uv_size": [0.5, 1.5]},
								"up": {"uv": [47, 2], "uv_size": [0.5, 0.5]},
								"down": {"uv": [3, 47.5], "uv_size": [0.5, -0.5]}
							}
						},
						{
							"origin": [-0.24902, 2.93337, -3.34626],
							"size": [0.91476, 0.6534, 0.26136],
							"uv": {
								"north": {"uv": [39, 22], "uv_size": [1.25, 0.75]},
								"east": {"uv": [49, 11], "uv_size": [0.25, 0.75]},
								"south": {"uv": [39, 26], "uv_size": [1.25, 0.75]},
								"west": {"uv": [12, 49], "uv_size": [0.25, 0.75]},
								"up": {"uv": [46, 26], "uv_size": [1.25, 0.25]},
								"down": {"uv": [46, 27.25], "uv_size": [1.25, -0.25]}
							}
						},
						{
							"origin": [-2.9037, 2.37537, -4.73455],
							"size": [0.34848, 1.2114, 0.34848],
							"pivot": [-3.25218, 3.43431, -0.83593],
							"rotation": [0, -45, 0],
							"uv": {
								"north": {"uv": [42, 14], "uv_size": [0.5, 1.5]},
								"east": {"uv": [42, 16], "uv_size": [0.5, 1.5]},
								"south": {"uv": [42, 18], "uv_size": [0.5, 1.5]},
								"west": {"uv": [19, 42], "uv_size": [0.5, 1.5]},
								"up": {"uv": [47, 3], "uv_size": [0.5, 0.5]},
								"down": {"uv": [47, 4.5], "uv_size": [0.5, -0.5]}
							}
						},
						{
							"origin": [-0.49544, 2.36997, -3.09984],
							"size": [1.39392, 0.5634, 2.75346],
							"uv": {
								"north": {"uv": [3, 35], "uv_size": [1.75, 0.75]},
								"east": {"uv": [29, 24], "uv_size": [3.5, 0.75]},
								"south": {"uv": [35, 3], "uv_size": [1.75, 0.75]},
								"west": {"uv": [29, 25], "uv_size": [3.5, 0.75]},
								"up": {"uv": [22, 20], "uv_size": [1.75, 3.5]},
								"down": {"uv": [23, 3.5], "uv_size": [1.75, -3.5]}
							}
						},
						{
							"origin": [-0.24902, 2.36997, -3.34626],
							"size": [0.91476, 0.5634, 0.26136],
							"uv": {
								"north": {"uv": [38, 28], "uv_size": [1.25, 0.75]},
								"east": {"uv": [49, 10], "uv_size": [0.25, 0.75]},
								"south": {"uv": [39, 6], "uv_size": [1.25, 0.75]},
								"west": {"uv": [11, 49], "uv_size": [0.25, 0.75]},
								"up": {"uv": [46, 25], "uv_size": [1.25, 0.25]},
								"down": {"uv": [26, 46.25], "uv_size": [1.25, -0.25]}
							}
						}
					]
				},
				{
					"name": "mag_extended_1",
					"parent": "magazine",
					"pivot": [0.20152, 3.12671, -2.00721],
					"cubes": [
						{
							"origin": [-0.37448, 1.96651, -3.05772],
							"size": [1.152, 3.77, 2.826],
							"uv": {
								"north": {"uv": [12, 24], "uv_size": [1.5, 3.75]},
								"east": {"uv": [10, 2], "uv_size": [3.5, 3.75]},
								"south": {"uv": [14, 24], "uv_size": [1.5, 3.75]},
								"west": {"uv": [12, 10], "uv_size": [3.5, 3.75]},
								"up": {"uv": [2, 25], "uv_size": [1.5, 3.5]},
								"down": {"uv": [25, 11.5], "uv_size": [1.5, -3.5]}
							}
						},
						{
							"origin": [-0.17083, 1.96651, -3.26137],
							"size": [0.756, 3.77, 0.216],
							"uv": {
								"north": {"uv": [26, 27], "uv_size": [1, 3.75]},
								"east": {"uv": [21, 40], "uv_size": [0.25, 3.75]},
								"south": {"uv": [27, 27], "uv_size": [1, 3.75]},
								"west": {"uv": [22, 40], "uv_size": [0.25, 3.75]},
								"up": {"uv": [47, 1], "uv_size": [1, 0.25]},
								"down": {"uv": [2, 47.25], "uv_size": [1, -0.25]}
							}
						},
						{
							"origin": [-1.62007, 1.96651, -4.40872],
							"size": [0.288, 3.77, 0.288],
							"pivot": [-1.90807, 4.81051, -1.18672],
							"rotation": [0, -45, 0],
							"uv": {
								"north": {"uv": [17, 39], "uv_size": [0.25, 3.75]},
								"east": {"uv": [39, 33], "uv_size": [0.25, 3.75]},
								"south": {"uv": [39, 37], "uv_size": [0.25, 3.75]},
								"west": {"uv": [40, 2], "uv_size": [0.25, 3.75]},
								"up": {"uv": [11, 50], "uv_size": [0.25, 0.25]},
								"down": {"uv": [50, 11.25], "uv_size": [0.25, -0.25]}
							}
						},
						{
							"origin": [-2.36478, 1.96651, -4.40872],
							"size": [0.288, 3.77, 0.288],
							"pivot": [-2.65278, 4.81051, -1.18672],
							"rotation": [0, -45, 0],
							"uv": {
								"north": {"uv": [40, 10], "uv_size": [0.25, 3.75]},
								"east": {"uv": [40, 14], "uv_size": [0.25, 3.75]},
								"south": {"uv": [18, 40], "uv_size": [0.25, 3.75]},
								"west": {"uv": [20, 40], "uv_size": [0.25, 3.75]},
								"up": {"uv": [12, 50], "uv_size": [0.25, 0.25]},
								"down": {"uv": [50, 12.25], "uv_size": [0.25, -0.25]}
							}
						}
					]
				},
				{
					"name": "bone3",
					"parent": "mag_extended_1",
					"pivot": [-3.25218, 2.63431, -0.83593],
					"rotation": [10, 0, 0],
					"cubes": [
						{
							"origin": [-0.49544, 2.13337, -3.09984],
							"size": [1.39392, 0.6534, 1.49346],
							"uv": {
								"north": {"uv": [35, 4], "uv_size": [1.75, 0.75]},
								"east": {"uv": [5, 35], "uv_size": [1.75, 0.75]},
								"south": {"uv": [35, 5], "uv_size": [1.75, 0.75]},
								"west": {"uv": [35, 6], "uv_size": [1.75, 0.75]},
								"up": {"uv": [20, 28], "uv_size": [1.75, 1.75]},
								"down": {"uv": [22, 29.75], "uv_size": [1.75, -1.75]}
							}
						},
						{
							"origin": [-0.49544, 1.03981, -2.04732],
							"size": [1.39392, 0.6534, 1.18746],
							"pivot": [0.20152, 1.54076, -0.0927],
							"rotation": [-35, 0, 0],
							"uv": {
								"north": {"uv": [35, 11], "uv_size": [1.75, 0.75]},
								"east": {"uv": [37, 14], "uv_size": [1.5, 0.75]},
								"south": {"uv": [35, 12], "uv_size": [1.75, 0.75]},
								"west": {"uv": [37, 15], "uv_size": [1.5, 0.75]},
								"up": {"uv": [28, 29], "uv_size": [1.75, 1.5]},
								"down": {"uv": [30, 17.5], "uv_size": [1.75, -1.5]}
							}
						},
						{
							"origin": [-2.00261, 1.57537, -4.73455],
							"size": [0.34848, 1.2114, 0.34848],
							"pivot": [-2.35109, 2.63431, -0.83593],
							"rotation": [0, -45, 0],
							"uv": {
								"north": {"uv": [10, 42], "uv_size": [0.5, 1.5]},
								"east": {"uv": [11, 42], "uv_size": [0.5, 1.5]},
								"south": {"uv": [12, 42], "uv_size": [0.5, 1.5]},
								"west": {"uv": [42, 12], "uv_size": [0.5, 1.5]},
								"up": {"uv": [47, 2], "uv_size": [0.5, 0.5]},
								"down": {"uv": [3, 47.5], "uv_size": [0.5, -0.5]}
							}
						},
						{
							"origin": [-0.24902, 2.13337, -3.34626],
							"size": [0.91476, 0.6534, 0.26136],
							"uv": {
								"north": {"uv": [39, 22], "uv_size": [1.25, 0.75]},
								"east": {"uv": [49, 11], "uv_size": [0.25, 0.75]},
								"south": {"uv": [39, 26], "uv_size": [1.25, 0.75]},
								"west": {"uv": [12, 49], "uv_size": [0.25, 0.75]},
								"up": {"uv": [46, 26], "uv_size": [1.25, 0.25]},
								"down": {"uv": [46, 27.25], "uv_size": [1.25, -0.25]}
							}
						},
						{
							"origin": [-2.9037, 1.57537, -4.73455],
							"size": [0.34848, 1.2114, 0.34848],
							"pivot": [-3.25218, 2.63431, -0.83593],
							"rotation": [0, -45, 0],
							"uv": {
								"north": {"uv": [42, 14], "uv_size": [0.5, 1.5]},
								"east": {"uv": [42, 16], "uv_size": [0.5, 1.5]},
								"south": {"uv": [42, 18], "uv_size": [0.5, 1.5]},
								"west": {"uv": [19, 42], "uv_size": [0.5, 1.5]},
								"up": {"uv": [47, 3], "uv_size": [0.5, 0.5]},
								"down": {"uv": [47, 4.5], "uv_size": [0.5, -0.5]}
							}
						},
						{
							"origin": [-0.49544, 1.56997, -3.09984],
							"size": [1.39392, 0.5634, 2.75346],
							"uv": {
								"north": {"uv": [3, 35], "uv_size": [1.75, 0.75]},
								"east": {"uv": [29, 24], "uv_size": [3.5, 0.75]},
								"south": {"uv": [35, 3], "uv_size": [1.75, 0.75]},
								"west": {"uv": [29, 25], "uv_size": [3.5, 0.75]},
								"up": {"uv": [22, 20], "uv_size": [1.75, 3.5]},
								"down": {"uv": [23, 3.5], "uv_size": [1.75, -3.5]}
							}
						},
						{
							"origin": [-0.24902, 1.56997, -3.34626],
							"size": [0.91476, 0.5634, 0.26136],
							"uv": {
								"north": {"uv": [38, 28], "uv_size": [1.25, 0.75]},
								"east": {"uv": [49, 10], "uv_size": [0.25, 0.75]},
								"south": {"uv": [39, 6], "uv_size": [1.25, 0.75]},
								"west": {"uv": [11, 49], "uv_size": [0.25, 0.75]},
								"up": {"uv": [46, 25], "uv_size": [1.25, 0.25]},
								"down": {"uv": [26, 46.25], "uv_size": [1.25, -0.25]}
							}
						}
					]
				},
				{
					"name": "mag_extended_2",
					"parent": "magazine",
					"pivot": [0.20152, 2.32671, -2.00721],
					"cubes": [
						{
							"origin": [-0.37448, 1.16651, -3.05772],
							"size": [1.152, 4.57, 2.826],
							"uv": {
								"north": {"uv": [12, 24], "uv_size": [1.5, 3.75]},
								"east": {"uv": [10, 2], "uv_size": [3.5, 3.75]},
								"south": {"uv": [14, 24], "uv_size": [1.5, 3.75]},
								"west": {"uv": [12, 10], "uv_size": [3.5, 3.75]},
								"up": {"uv": [2, 25], "uv_size": [1.5, 3.5]},
								"down": {"uv": [25, 11.5], "uv_size": [1.5, -3.5]}
							}
						},
						{
							"origin": [-0.17083, 1.16651, -3.26137],
							"size": [0.756, 4.57, 0.216],
							"uv": {
								"north": {"uv": [26, 27], "uv_size": [1, 3.75]},
								"east": {"uv": [21, 40], "uv_size": [0.25, 3.75]},
								"south": {"uv": [27, 27], "uv_size": [1, 3.75]},
								"west": {"uv": [22, 40], "uv_size": [0.25, 3.75]},
								"up": {"uv": [47, 1], "uv_size": [1, 0.25]},
								"down": {"uv": [2, 47.25], "uv_size": [1, -0.25]}
							}
						},
						{
							"origin": [-1.62007, 1.16651, -4.40872],
							"size": [0.288, 4.57, 0.288],
							"pivot": [-1.90807, 4.01051, -1.18672],
							"rotation": [0, -45, 0],
							"uv": {
								"north": {"uv": [17, 39], "uv_size": [0.25, 3.75]},
								"east": {"uv": [39, 33], "uv_size": [0.25, 3.75]},
								"south": {"uv": [39, 37], "uv_size": [0.25, 3.75]},
								"west": {"uv": [40, 2], "uv_size": [0.25, 3.75]},
								"up": {"uv": [11, 50], "uv_size": [0.25, 0.25]},
								"down": {"uv": [50, 11.25], "uv_size": [0.25, -0.25]}
							}
						},
						{
							"origin": [-2.36478, 1.16651, -4.40872],
							"size": [0.288, 4.57, 0.288],
							"pivot": [-2.65278, 4.01051, -1.18672],
							"rotation": [0, -45, 0],
							"uv": {
								"north": {"uv": [40, 10], "uv_size": [0.25, 3.75]},
								"east": {"uv": [40, 14], "uv_size": [0.25, 3.75]},
								"south": {"uv": [18, 40], "uv_size": [0.25, 3.75]},
								"west": {"uv": [20, 40], "uv_size": [0.25, 3.75]},
								"up": {"uv": [12, 50], "uv_size": [0.25, 0.25]},
								"down": {"uv": [50, 12.25], "uv_size": [0.25, -0.25]}
							}
						}
					]
				},
				{
					"name": "bone5",
					"parent": "mag_extended_2",
					"pivot": [-3.25218, 1.83431, -0.83593],
					"rotation": [10, 0, 0],
					"cubes": [
						{
							"origin": [-0.49544, 1.33337, -3.09984],
							"size": [1.39392, 0.6534, 1.49346],
							"uv": {
								"north": {"uv": [35, 4], "uv_size": [1.75, 0.75]},
								"east": {"uv": [5, 35], "uv_size": [1.75, 0.75]},
								"south": {"uv": [35, 5], "uv_size": [1.75, 0.75]},
								"west": {"uv": [35, 6], "uv_size": [1.75, 0.75]},
								"up": {"uv": [20, 28], "uv_size": [1.75, 1.75]},
								"down": {"uv": [22, 29.75], "uv_size": [1.75, -1.75]}
							}
						},
						{
							"origin": [-0.49544, 0.23981, -2.04732],
							"size": [1.39392, 0.6534, 1.18746],
							"pivot": [0.20152, 0.74076, -0.0927],
							"rotation": [-35, 0, 0],
							"uv": {
								"north": {"uv": [35, 11], "uv_size": [1.75, 0.75]},
								"east": {"uv": [37, 14], "uv_size": [1.5, 0.75]},
								"south": {"uv": [35, 12], "uv_size": [1.75, 0.75]},
								"west": {"uv": [37, 15], "uv_size": [1.5, 0.75]},
								"up": {"uv": [28, 29], "uv_size": [1.75, 1.5]},
								"down": {"uv": [30, 17.5], "uv_size": [1.75, -1.5]}
							}
						},
						{
							"origin": [-2.00261, 0.77537, -4.73455],
							"size": [0.34848, 1.2114, 0.34848],
							"pivot": [-2.35109, 1.83431, -0.83593],
							"rotation": [0, -45, 0],
							"uv": {
								"north": {"uv": [10, 42], "uv_size": [0.5, 1.5]},
								"east": {"uv": [11, 42], "uv_size": [0.5, 1.5]},
								"south": {"uv": [12, 42], "uv_size": [0.5, 1.5]},
								"west": {"uv": [42, 12], "uv_size": [0.5, 1.5]},
								"up": {"uv": [47, 2], "uv_size": [0.5, 0.5]},
								"down": {"uv": [3, 47.5], "uv_size": [0.5, -0.5]}
							}
						},
						{
							"origin": [-0.24902, 1.33337, -3.34626],
							"size": [0.91476, 0.6534, 0.26136],
							"uv": {
								"north": {"uv": [39, 22], "uv_size": [1.25, 0.75]},
								"east": {"uv": [49, 11], "uv_size": [0.25, 0.75]},
								"south": {"uv": [39, 26], "uv_size": [1.25, 0.75]},
								"west": {"uv": [12, 49], "uv_size": [0.25, 0.75]},
								"up": {"uv": [46, 26], "uv_size": [1.25, 0.25]},
								"down": {"uv": [46, 27.25], "uv_size": [1.25, -0.25]}
							}
						},
						{
							"origin": [-2.9037, 0.77537, -4.73455],
							"size": [0.34848, 1.2114, 0.34848],
							"pivot": [-3.25218, 1.83431, -0.83593],
							"rotation": [0, -45, 0],
							"uv": {
								"north": {"uv": [42, 14], "uv_size": [0.5, 1.5]},
								"east": {"uv": [42, 16], "uv_size": [0.5, 1.5]},
								"south": {"uv": [42, 18], "uv_size": [0.5, 1.5]},
								"west": {"uv": [19, 42], "uv_size": [0.5, 1.5]},
								"up": {"uv": [47, 3], "uv_size": [0.5, 0.5]},
								"down": {"uv": [47, 4.5], "uv_size": [0.5, -0.5]}
							}
						},
						{
							"origin": [-0.49544, 0.76997, -3.09984],
							"size": [1.39392, 0.5634, 2.75346],
							"uv": {
								"north": {"uv": [3, 35], "uv_size": [1.75, 0.75]},
								"east": {"uv": [29, 24], "uv_size": [3.5, 0.75]},
								"south": {"uv": [35, 3], "uv_size": [1.75, 0.75]},
								"west": {"uv": [29, 25], "uv_size": [3.5, 0.75]},
								"up": {"uv": [22, 20], "uv_size": [1.75, 3.5]},
								"down": {"uv": [23, 3.5], "uv_size": [1.75, -3.5]}
							}
						},
						{
							"origin": [-0.24902, 0.76997, -3.34626],
							"size": [0.91476, 0.5634, 0.26136],
							"uv": {
								"north": {"uv": [38, 28], "uv_size": [1.25, 0.75]},
								"east": {"uv": [49, 10], "uv_size": [0.25, 0.75]},
								"south": {"uv": [39, 6], "uv_size": [1.25, 0.75]},
								"west": {"uv": [11, 49], "uv_size": [0.25, 0.75]},
								"up": {"uv": [46, 25], "uv_size": [1.25, 0.25]},
								"down": {"uv": [26, 46.25], "uv_size": [1.25, -0.25]}
							}
						}
					]
				},
				{
					"name": "mag_extended_3",
					"parent": "magazine",
					"pivot": [0.20152, 1.52671, -2.00721],
					"cubes": [
						{
							"origin": [-0.37448, 0.36651, -3.05772],
							"size": [1.152, 5.37, 2.826],
							"uv": {
								"north": {"uv": [12, 24], "uv_size": [1.5, 3.75]},
								"east": {"uv": [10, 2], "uv_size": [3.5, 3.75]},
								"south": {"uv": [14, 24], "uv_size": [1.5, 3.75]},
								"west": {"uv": [12, 10], "uv_size": [3.5, 3.75]},
								"up": {"uv": [2, 25], "uv_size": [1.5, 3.5]},
								"down": {"uv": [25, 11.5], "uv_size": [1.5, -3.5]}
							}
						},
						{
							"origin": [-0.17083, 0.36651, -3.26137],
							"size": [0.756, 5.37, 0.216],
							"uv": {
								"north": {"uv": [26, 27], "uv_size": [1, 3.75]},
								"east": {"uv": [21, 40], "uv_size": [0.25, 3.75]},
								"south": {"uv": [27, 27], "uv_size": [1, 3.75]},
								"west": {"uv": [22, 40], "uv_size": [0.25, 3.75]},
								"up": {"uv": [47, 1], "uv_size": [1, 0.25]},
								"down": {"uv": [2, 47.25], "uv_size": [1, -0.25]}
							}
						},
						{
							"origin": [-1.62007, 0.36651, -4.40872],
							"size": [0.288, 5.37, 0.288],
							"pivot": [-1.90807, 3.21051, -1.18672],
							"rotation": [0, -45, 0],
							"uv": {
								"north": {"uv": [17, 39], "uv_size": [0.25, 3.75]},
								"east": {"uv": [39, 33], "uv_size": [0.25, 3.75]},
								"south": {"uv": [39, 37], "uv_size": [0.25, 3.75]},
								"west": {"uv": [40, 2], "uv_size": [0.25, 3.75]},
								"up": {"uv": [11, 50], "uv_size": [0.25, 0.25]},
								"down": {"uv": [50, 11.25], "uv_size": [0.25, -0.25]}
							}
						},
						{
							"origin": [-2.36478, 0.36651, -4.40872],
							"size": [0.288, 5.37, 0.288],
							"pivot": [-2.65278, 3.21051, -1.18672],
							"rotation": [0, -45, 0],
							"uv": {
								"north": {"uv": [40, 10], "uv_size": [0.25, 3.75]},
								"east": {"uv": [40, 14], "uv_size": [0.25, 3.75]},
								"south": {"uv": [18, 40], "uv_size": [0.25, 3.75]},
								"west": {"uv": [20, 40], "uv_size": [0.25, 3.75]},
								"up": {"uv": [12, 50], "uv_size": [0.25, 0.25]},
								"down": {"uv": [50, 12.25], "uv_size": [0.25, -0.25]}
							}
						}
					]
				},
				{
					"name": "bone6",
					"parent": "mag_extended_3",
					"pivot": [-3.25218, 1.03431, -0.83593],
					"rotation": [10, 0, 0],
					"cubes": [
						{
							"origin": [-0.49544, 0.53337, -3.09984],
							"size": [1.39392, 0.6534, 1.49346],
							"uv": {
								"north": {"uv": [35, 4], "uv_size": [1.75, 0.75]},
								"east": {"uv": [5, 35], "uv_size": [1.75, 0.75]},
								"south": {"uv": [35, 5], "uv_size": [1.75, 0.75]},
								"west": {"uv": [35, 6], "uv_size": [1.75, 0.75]},
								"up": {"uv": [20, 28], "uv_size": [1.75, 1.75]},
								"down": {"uv": [22, 29.75], "uv_size": [1.75, -1.75]}
							}
						},
						{
							"origin": [-0.49544, -0.56019, -2.04732],
							"size": [1.39392, 0.6534, 1.18746],
							"pivot": [0.20152, -0.05924, -0.0927],
							"rotation": [-35, 0, 0],
							"uv": {
								"north": {"uv": [35, 11], "uv_size": [1.75, 0.75]},
								"east": {"uv": [37, 14], "uv_size": [1.5, 0.75]},
								"south": {"uv": [35, 12], "uv_size": [1.75, 0.75]},
								"west": {"uv": [37, 15], "uv_size": [1.5, 0.75]},
								"up": {"uv": [28, 29], "uv_size": [1.75, 1.5]},
								"down": {"uv": [30, 17.5], "uv_size": [1.75, -1.5]}
							}
						},
						{
							"origin": [-2.00261, -0.02463, -4.73455],
							"size": [0.34848, 1.2114, 0.34848],
							"pivot": [-2.35109, 1.03431, -0.83593],
							"rotation": [0, -45, 0],
							"uv": {
								"north": {"uv": [10, 42], "uv_size": [0.5, 1.5]},
								"east": {"uv": [11, 42], "uv_size": [0.5, 1.5]},
								"south": {"uv": [12, 42], "uv_size": [0.5, 1.5]},
								"west": {"uv": [42, 12], "uv_size": [0.5, 1.5]},
								"up": {"uv": [47, 2], "uv_size": [0.5, 0.5]},
								"down": {"uv": [3, 47.5], "uv_size": [0.5, -0.5]}
							}
						},
						{
							"origin": [-0.24902, 0.53337, -3.34626],
							"size": [0.91476, 0.6534, 0.26136],
							"uv": {
								"north": {"uv": [39, 22], "uv_size": [1.25, 0.75]},
								"east": {"uv": [49, 11], "uv_size": [0.25, 0.75]},
								"south": {"uv": [39, 26], "uv_size": [1.25, 0.75]},
								"west": {"uv": [12, 49], "uv_size": [0.25, 0.75]},
								"up": {"uv": [46, 26], "uv_size": [1.25, 0.25]},
								"down": {"uv": [46, 27.25], "uv_size": [1.25, -0.25]}
							}
						},
						{
							"origin": [-2.9037, -0.02463, -4.73455],
							"size": [0.34848, 1.2114, 0.34848],
							"pivot": [-3.25218, 1.03431, -0.83593],
							"rotation": [0, -45, 0],
							"uv": {
								"north": {"uv": [42, 14], "uv_size": [0.5, 1.5]},
								"east": {"uv": [42, 16], "uv_size": [0.5, 1.5]},
								"south": {"uv": [42, 18], "uv_size": [0.5, 1.5]},
								"west": {"uv": [19, 42], "uv_size": [0.5, 1.5]},
								"up": {"uv": [47, 3], "uv_size": [0.5, 0.5]},
								"down": {"uv": [47, 4.5], "uv_size": [0.5, -0.5]}
							}
						},
						{
							"origin": [-0.49544, -0.03003, -3.09984],
							"size": [1.39392, 0.5634, 2.75346],
							"uv": {
								"north": {"uv": [3, 35], "uv_size": [1.75, 0.75]},
								"east": {"uv": [29, 24], "uv_size": [3.5, 0.75]},
								"south": {"uv": [35, 3], "uv_size": [1.75, 0.75]},
								"west": {"uv": [29, 25], "uv_size": [3.5, 0.75]},
								"up": {"uv": [22, 20], "uv_size": [1.75, 3.5]},
								"down": {"uv": [23, 3.5], "uv_size": [1.75, -3.5]}
							}
						},
						{
							"origin": [-0.24902, -0.03003, -3.34626],
							"size": [0.91476, 0.5634, 0.26136],
							"uv": {
								"north": {"uv": [38, 28], "uv_size": [1.25, 0.75]},
								"east": {"uv": [49, 10], "uv_size": [0.25, 0.75]},
								"south": {"uv": [39, 6], "uv_size": [1.25, 0.75]},
								"west": {"uv": [11, 49], "uv_size": [0.25, 0.75]},
								"up": {"uv": [46, 25], "uv_size": [1.25, 0.25]},
								"down": {"uv": [26, 46.25], "uv_size": [1.25, -0.25]}
							}
						}
					]
				},
				{
					"name": "lh",
					"parent": "lf_and_mag",
					"pivot": [-5.79848, -0.09529, 0.29479]
				},
				{
					"name": "pickaxe",
					"parent": "lh",
					"pivot": [-6, 10.5, 0]
				},
				{
					"name": "muzzle_pos",
					"parent": "pickaxe",
					"pivot": [-6, 10.5, -8]
				},
				{
					"name": "lefthand_pos",
					"parent": "lh",
					"pivot": [0, 0, 0],
					"cubes": [
						{"origin": [-8, 0, -2], "size": [4, 12, 4], "uv": [-4, -2]}
					]
				},
				{
					"name": "refit_scope_view",
					"parent": "root",
					"pivot": [8, 12, -6],
					"rotation": [0, 90, 0]
				},
				{
					"name": "refit_muzzle_view",
					"parent": "root",
					"pivot": [8, 12, -6],
					"rotation": [0, 90, 0]
				},
				{
					"name": "camera",
					"pivot": [3.9375, 12.6875, 15.25]
				}
			]
		}
	]
}