{
  "model": "deep_rock_galactic:ammo/drg_generic_ammo_geo",
  "texture": "deep_rock_galactic:ammo/uv/drg_generic_ammo",
  "slot": "deep_rock_galactic:ammo/slot/drg_generic_ammo_grenade",
  
  "entity": {
   
    "model": "deep_rock_galactic:ammo_entity/drg_grenade_ammo",
    
    "texture": "deep_rock_galactic:ammo_entity/drg_grenade_ammo_entity"
  },
 
  "particle": {
   
    "name": "smoke",
   
    "delta": [
      0,
      0,
      0
    ],
   
    "speed": 0,
    
    "life_time": 50,
    
    "count": 5
  }
}