{
  "materials": [
    {
      "item": {
        "tag": "forge:ingots/iron"
      },
      "count": 30
    },
    {
      "item":{
        "tag": "forge:ingots/copper"
      },
      "count":4
    },
    {
      "item":{
        "tag": "forge:ingots/gold"
      },
      "count":1
    },
    {
      "item":{
        "tag": "minecraft:oak_wood"
      },
      "count":2
    }
  ],
    "result": {
      "type": "gun",
      "id": "wemql_r:vsk"
  },
    "type": "tacz:gun_smith_table_crafting"
  }