{
	"format_version": "1.8.0",
	"animations": {
		"static_idle": {
			"loop": true,
			"bones": {
				"rh": {
					"rotation": {
						"0.0": {
							"post": [90, 20, -180],
							"lerp_mode": "catmullrom"
						}
					},
					"position": {
						"0.0": {
							"post": [-11, 4, 20],
							"lerp_mode": "catmullrom"
						}
					},
					"scale": {
						"0.0": {
							"post": [1, 1.5, 1],
							"lerp_mode": "catmullrom"
						}
					}
				},
				"lf": {
					"rotation": {
						"0.0": {
							"post": [82.95007, -36.19674, -154.01655],
							"lerp_mode": "catmullrom"
						}
					},
					"position": {
						"0.0": {
							"post": [18, 1, 7],
							"lerp_mode": "catmullrom"
						}
					},
					"scale": {
						"0.0": {
							"post": [1, 1.5, 1],
							"lerp_mode": "catmullrom"
						}
					}
				},
				"constraint": {
					"rotation": [0.2, 0.2, 0.2],
					"position": [0.2, 0.2, 0.2]
				},
				"pickaxe": {
					"scale": 0
				}
			}
		},
		"melee_bayonet_1": {
			"loop": true,
			"animation_length": 0.9583,
			"bones": {
				"rh": {
					"rotation": {
						"0.0": {
							"post": [90, 20, -180],
							"lerp_mode": "catmullrom"
						},
						"0.0417": {
							"post": [210.66963, 14.98539, -177.41193],
							"lerp_mode": "catmullrom"
						},
						"0.125": {
							"post": [52.59935, 0.88944, -172.22484],
							"lerp_mode": "catmullrom"
						},
						"0.2917": {
							"post": [52.59935, 0.88944, -172.22484],
							"lerp_mode": "catmullrom"
						},
						"0.5417": {
							"post": [52.59935, 0.88944, -172.22484],
							"lerp_mode": "catmullrom"
						},
						"0.7917": {
							"post": [90, 20, -180],
							"lerp_mode": "catmullrom"
						},
						"1.0": {
							"post": [90, 20, -180],
							"lerp_mode": "catmullrom"
						}
					},
					"position": {
						"0.0": {
							"post": [-11, 4, 20],
							"lerp_mode": "catmullrom"
						},
						"0.0417": {
							"post": [-11.71, 1.75, 4.67],
							"lerp_mode": "catmullrom"
						},
						"0.125": {
							"post": [-5.65, 10.36, 10.89],
							"lerp_mode": "catmullrom"
						},
						"0.3333": {
							"post": [-9.71, 8.75, 10.67],
							"lerp_mode": "catmullrom"
						},
						"0.5833": {
							"post": [-9.71, 8.75, 10.67],
							"lerp_mode": "catmullrom"
						},
						"0.75": {
							"post": [-11, 4, 20],
							"lerp_mode": "catmullrom"
						},
						"0.9583": {
							"post": [-11, 4, 20],
							"lerp_mode": "catmullrom"
						}
					},
					"scale": {
						"0.0": {
							"post": [1, 1.5, 1],
							"lerp_mode": "catmullrom"
						}
					}
				},
				"lf": {
					"rotation": {
						"0.0": {
							"post": [82.95007, -36.19674, -154.01655],
							"lerp_mode": "catmullrom"
						}
					},
					"position": {
						"0.0": {
							"post": [18, 1, 7],
							"lerp_mode": "catmullrom"
						}
					},
					"scale": {
						"0.0": {
							"post": [1, 1.5, 1],
							"lerp_mode": "catmullrom"
						}
					}
				},
				"constraint": {
					"rotation": [0.2, 0.2, 0.2],
					"position": [0.2, 0.2, 0.2]
				},
				"40mm": {
					"rotation": {
						"0.0": {
							"post": [0, 0, 0],
							"lerp_mode": "catmullrom"
						},
						"0.0833": {
							"post": [20.94102, -8.42106, 20.94102],
							"lerp_mode": "catmullrom"
						},
						"0.5": {
							"post": [20.94102, -8.42106, 20.94102],
							"lerp_mode": "catmullrom"
						},
						"0.7917": {
							"post": [0, 0, 0],
							"lerp_mode": "catmullrom"
						},
						"1.0": {
							"post": [0, 0, 0],
							"lerp_mode": "catmullrom"
						}
					},
					"position": {
						"0.0": {
							"post": [0, 0, 0],
							"lerp_mode": "catmullrom"
						},
						"0.0833": {
							"post": [1, -7, 0],
							"lerp_mode": "catmullrom"
						},
						"0.5": {
							"post": [1, -7, 0],
							"lerp_mode": "catmullrom"
						},
						"0.7083": {
							"post": [0, 0, 0],
							"lerp_mode": "catmullrom"
						},
						"0.9167": {
							"post": [0, 0, 0],
							"lerp_mode": "catmullrom"
						}
					}
				},
				"lf_and_mag": {
					"rotation": {
						"0.0": {
							"post": [0, 0, 0],
							"lerp_mode": "catmullrom"
						},
						"0.0833": {
							"post": [20.94102, -8.42106, 20.94102],
							"lerp_mode": "catmullrom"
						},
						"0.5": {
							"post": [20.94102, -8.42106, 20.94102],
							"lerp_mode": "catmullrom"
						},
						"0.7917": {
							"post": [0, 0, 0],
							"lerp_mode": "catmullrom"
						},
						"1.0": {
							"post": [0, 0, 0],
							"lerp_mode": "catmullrom"
						}
					},
					"position": {
						"0.0": {
							"post": [0, 0, 0],
							"lerp_mode": "catmullrom"
						},
						"0.0833": {
							"post": [0, -7, 0],
							"lerp_mode": "catmullrom"
						},
						"0.5": {
							"post": [0, -7, 0],
							"lerp_mode": "catmullrom"
						},
						"0.7083": {
							"post": [0, 0, 0],
							"lerp_mode": "catmullrom"
						},
						"0.9167": {
							"post": [0, 0, 0],
							"lerp_mode": "catmullrom"
						}
					}
				},
				"camera": {
					"rotation": {
						"0.0": {
							"post": [0, 0, 0],
							"lerp_mode": "catmullrom"
						},
						"0.0833": {
							"post": [-4.95744, 0.65182, 7.47178],
							"lerp_mode": "catmullrom"
						},
						"0.25": {
							"post": [16.68523, 5.09968, -9.47933],
							"lerp_mode": "catmullrom"
						},
						"0.5833": {
							"post": [16.69, 5.1, -9.48],
							"lerp_mode": "catmullrom"
						},
						"0.7917": {
							"post": [0, 0, 0],
							"lerp_mode": "catmullrom"
						}
					}
				},
				"pickaxe": {
					"rotation": {
						"0.0": [0, 0, 0],
						"0.4167": [0, 0, 0],
						"0.625": [-90, 0, 0]
					},
					"scale": {
						"0.0": {
							"post": [1, 0.4, 1],
							"lerp_mode": "catmullrom"
						},
						"0.0833": [1, 1, 1],
						"0.625": [1, 1, 1],
						"0.6667": {
							"pre": [0, 0, 0],
							"post": [0, 0, 0],
							"lerp_mode": "catmullrom"
						}
					}
				}
			}
		},
		"melee_bayonet_2": {
			"loop": true,
			"animation_length": 0.9583,
			"bones": {
				"rh": {
					"rotation": {
						"0.0": {
							"post": [90, 20, -180],
							"lerp_mode": "catmullrom"
						},
						"0.0417": {
							"post": [210.66963, 14.98539, -177.41193],
							"lerp_mode": "catmullrom"
						},
						"0.125": {
							"post": [52.59935, 0.88944, -172.22484],
							"lerp_mode": "catmullrom"
						},
						"0.2917": {
							"post": [52.59935, 0.88944, -172.22484],
							"lerp_mode": "catmullrom"
						},
						"0.5417": {
							"post": [52.59935, 0.88944, -172.22484],
							"lerp_mode": "catmullrom"
						},
						"0.7917": {
							"post": [90, 20, -180],
							"lerp_mode": "catmullrom"
						},
						"1.0": {
							"post": [90, 20, -180],
							"lerp_mode": "catmullrom"
						}
					},
					"position": {
						"0.0": {
							"post": [-11, 4, 20],
							"lerp_mode": "catmullrom"
						},
						"0.0417": {
							"post": [-11.71, 1.75, 4.67],
							"lerp_mode": "catmullrom"
						},
						"0.125": {
							"post": [-5.65, 10.36, 10.89],
							"lerp_mode": "catmullrom"
						},
						"0.3333": {
							"post": [-9.71, 8.75, 10.67],
							"lerp_mode": "catmullrom"
						},
						"0.5833": {
							"post": [-9.71, 8.75, 10.67],
							"lerp_mode": "catmullrom"
						},
						"0.75": {
							"post": [-11, 4, 20],
							"lerp_mode": "catmullrom"
						},
						"0.9583": {
							"post": [-11, 4, 20],
							"lerp_mode": "catmullrom"
						}
					},
					"scale": {
						"0.0": {
							"post": [1, 1.5, 1],
							"lerp_mode": "catmullrom"
						}
					}
				},
				"lf": {
					"rotation": {
						"0.0": {
							"post": [82.95007, -36.19674, -154.01655],
							"lerp_mode": "catmullrom"
						}
					},
					"position": {
						"0.0": {
							"post": [18, 1, 7],
							"lerp_mode": "catmullrom"
						}
					},
					"scale": {
						"0.0": {
							"post": [1, 1.5, 1],
							"lerp_mode": "catmullrom"
						}
					}
				},
				"constraint": {
					"rotation": [0.2, 0.2, 0.2],
					"position": [0.2, 0.2, 0.2]
				},
				"40mm": {
					"rotation": {
						"0.0": {
							"post": [0, 0, 0],
							"lerp_mode": "catmullrom"
						},
						"0.0833": {
							"post": [20.94102, -8.42106, 20.94102],
							"lerp_mode": "catmullrom"
						},
						"0.5": {
							"post": [20.94102, -8.42106, 20.94102],
							"lerp_mode": "catmullrom"
						},
						"0.7917": {
							"post": [0, 0, 0],
							"lerp_mode": "catmullrom"
						},
						"1.0": {
							"post": [0, 0, 0],
							"lerp_mode": "catmullrom"
						}
					},
					"position": {
						"0.0": {
							"post": [0, 0, 0],
							"lerp_mode": "catmullrom"
						},
						"0.0833": {
							"post": [1, -7, 0],
							"lerp_mode": "catmullrom"
						},
						"0.5": {
							"post": [1, -7, 0],
							"lerp_mode": "catmullrom"
						},
						"0.7083": {
							"post": [0, 0, 0],
							"lerp_mode": "catmullrom"
						},
						"0.9167": {
							"post": [0, 0, 0],
							"lerp_mode": "catmullrom"
						}
					}
				},
				"lf_and_mag": {
					"rotation": {
						"0.0": {
							"post": [0, 0, 0],
							"lerp_mode": "catmullrom"
						},
						"0.0833": {
							"post": [20.94102, -8.42106, 20.94102],
							"lerp_mode": "catmullrom"
						},
						"0.5": {
							"post": [20.94102, -8.42106, 20.94102],
							"lerp_mode": "catmullrom"
						},
						"0.7917": {
							"post": [0, 0, 0],
							"lerp_mode": "catmullrom"
						},
						"1.0": {
							"post": [0, 0, 0],
							"lerp_mode": "catmullrom"
						}
					},
					"position": {
						"0.0": {
							"post": [0, 0, 0],
							"lerp_mode": "catmullrom"
						},
						"0.0833": {
							"post": [0, -7, 0],
							"lerp_mode": "catmullrom"
						},
						"0.5": {
							"post": [0, -7, 0],
							"lerp_mode": "catmullrom"
						},
						"0.7083": {
							"post": [0, 0, 0],
							"lerp_mode": "catmullrom"
						},
						"0.9167": {
							"post": [0, 0, 0],
							"lerp_mode": "catmullrom"
						}
					}
				},
				"camera": {
					"rotation": {
						"0.0": {
							"post": [0, 0, 0],
							"lerp_mode": "catmullrom"
						},
						"0.0833": {
							"post": [-4.95744, 0.65182, 7.47178],
							"lerp_mode": "catmullrom"
						},
						"0.25": {
							"post": [16.68523, 5.09968, -9.47933],
							"lerp_mode": "catmullrom"
						},
						"0.5833": {
							"post": [16.69, 5.1, -9.48],
							"lerp_mode": "catmullrom"
						},
						"0.7917": {
							"post": [0, 0, 0],
							"lerp_mode": "catmullrom"
						}
					}
				},
				"pickaxe": {
					"rotation": {
						"0.0": [0, 0, 0],
						"0.4167": [0, 0, 0],
						"0.625": [-90, 0, 0]
					},
					"scale": {
						"0.0": {
							"post": [1, 0.4, 1],
							"lerp_mode": "catmullrom"
						},
						"0.0833": [1, 1, 1],
						"0.625": [1, 1, 1],
						"0.6667": {
							"pre": [0, 0, 0],
							"post": [0, 0, 0],
							"lerp_mode": "catmullrom"
						}
					}
				}
			}
		},
		"melee_bayonet_3": {
			"loop": true,
			"animation_length": 0.9583,
			"bones": {
				"rh": {
					"rotation": {
						"0.0": {
							"post": [90, 20, -180],
							"lerp_mode": "catmullrom"
						},
						"0.0417": {
							"post": [210.66963, 14.98539, -177.41193],
							"lerp_mode": "catmullrom"
						},
						"0.125": {
							"post": [52.59935, 0.88944, -172.22484],
							"lerp_mode": "catmullrom"
						},
						"0.2917": {
							"post": [52.59935, 0.88944, -172.22484],
							"lerp_mode": "catmullrom"
						},
						"0.5417": {
							"post": [52.59935, 0.88944, -172.22484],
							"lerp_mode": "catmullrom"
						},
						"0.7917": {
							"post": [90, 20, -180],
							"lerp_mode": "catmullrom"
						},
						"1.0": {
							"post": [90, 20, -180],
							"lerp_mode": "catmullrom"
						}
					},
					"position": {
						"0.0": {
							"post": [-11, 4, 20],
							"lerp_mode": "catmullrom"
						},
						"0.0417": {
							"post": [-11.71, 1.75, 4.67],
							"lerp_mode": "catmullrom"
						},
						"0.125": {
							"post": [-5.65, 10.36, 10.89],
							"lerp_mode": "catmullrom"
						},
						"0.3333": {
							"post": [-9.71, 8.75, 10.67],
							"lerp_mode": "catmullrom"
						},
						"0.5833": {
							"post": [-9.71, 8.75, 10.67],
							"lerp_mode": "catmullrom"
						},
						"0.75": {
							"post": [-11, 4, 20],
							"lerp_mode": "catmullrom"
						},
						"0.9583": {
							"post": [-11, 4, 20],
							"lerp_mode": "catmullrom"
						}
					},
					"scale": {
						"0.0": {
							"post": [1, 1.5, 1],
							"lerp_mode": "catmullrom"
						}
					}
				},
				"lf": {
					"rotation": {
						"0.0": {
							"post": [82.95007, -36.19674, -154.01655],
							"lerp_mode": "catmullrom"
						}
					},
					"position": {
						"0.0": {
							"post": [18, 1, 7],
							"lerp_mode": "catmullrom"
						}
					},
					"scale": {
						"0.0": {
							"post": [1, 1.5, 1],
							"lerp_mode": "catmullrom"
						}
					}
				},
				"constraint": {
					"rotation": [0.2, 0.2, 0.2],
					"position": [0.2, 0.2, 0.2]
				},
				"40mm": {
					"rotation": {
						"0.0": {
							"post": [0, 0, 0],
							"lerp_mode": "catmullrom"
						},
						"0.0833": {
							"post": [20.94102, -8.42106, 20.94102],
							"lerp_mode": "catmullrom"
						},
						"0.5": {
							"post": [20.94102, -8.42106, 20.94102],
							"lerp_mode": "catmullrom"
						},
						"0.7917": {
							"post": [0, 0, 0],
							"lerp_mode": "catmullrom"
						},
						"1.0": {
							"post": [0, 0, 0],
							"lerp_mode": "catmullrom"
						}
					},
					"position": {
						"0.0": {
							"post": [0, 0, 0],
							"lerp_mode": "catmullrom"
						},
						"0.0833": {
							"post": [1, -7, 0],
							"lerp_mode": "catmullrom"
						},
						"0.5": {
							"post": [1, -7, 0],
							"lerp_mode": "catmullrom"
						},
						"0.7083": {
							"post": [0, 0, 0],
							"lerp_mode": "catmullrom"
						},
						"0.9167": {
							"post": [0, 0, 0],
							"lerp_mode": "catmullrom"
						}
					}
				},
				"lf_and_mag": {
					"rotation": {
						"0.0": {
							"post": [0, 0, 0],
							"lerp_mode": "catmullrom"
						},
						"0.0833": {
							"post": [20.94102, -8.42106, 20.94102],
							"lerp_mode": "catmullrom"
						},
						"0.5": {
							"post": [20.94102, -8.42106, 20.94102],
							"lerp_mode": "catmullrom"
						},
						"0.7917": {
							"post": [0, 0, 0],
							"lerp_mode": "catmullrom"
						},
						"1.0": {
							"post": [0, 0, 0],
							"lerp_mode": "catmullrom"
						}
					},
					"position": {
						"0.0": {
							"post": [0, 0, 0],
							"lerp_mode": "catmullrom"
						},
						"0.0833": {
							"post": [0, -7, 0],
							"lerp_mode": "catmullrom"
						},
						"0.5": {
							"post": [0, -7, 0],
							"lerp_mode": "catmullrom"
						},
						"0.7083": {
							"post": [0, 0, 0],
							"lerp_mode": "catmullrom"
						},
						"0.9167": {
							"post": [0, 0, 0],
							"lerp_mode": "catmullrom"
						}
					}
				},
				"camera": {
					"rotation": {
						"0.0": {
							"post": [0, 0, 0],
							"lerp_mode": "catmullrom"
						},
						"0.0833": {
							"post": [-4.95744, 0.65182, 7.47178],
							"lerp_mode": "catmullrom"
						},
						"0.25": {
							"post": [16.68523, 5.09968, -9.47933],
							"lerp_mode": "catmullrom"
						},
						"0.5833": {
							"post": [16.69, 5.1, -9.48],
							"lerp_mode": "catmullrom"
						},
						"0.7917": {
							"post": [0, 0, 0],
							"lerp_mode": "catmullrom"
						}
					}
				},
				"pickaxe": {
					"rotation": {
						"0.0": [0, 0, 0],
						"0.4167": [0, 0, 0],
						"0.625": [-90, 0, 0]
					},
					"scale": {
						"0.0": {
							"post": [1, 0.4, 1],
							"lerp_mode": "catmullrom"
						},
						"0.0833": [1, 1, 1],
						"0.625": [1, 1, 1],
						"0.6667": {
							"pre": [0, 0, 0],
							"post": [0, 0, 0],
							"lerp_mode": "catmullrom"
						}
					}
				}
			}
		},
		"inspect_empty": {
			"loop": true,
			"animation_length": 5.0833,
			"bones": {
				"rh": {
					"rotation": {
						"0.0": {
							"post": [90, 20, -180],
							"lerp_mode": "catmullrom"
						}
					},
					"position": {
						"0.0": {
							"post": [-11, 4, 20],
							"lerp_mode": "catmullrom"
						}
					},
					"scale": {
						"0.0": {
							"post": [1, 1.5, 1],
							"lerp_mode": "catmullrom"
						}
					}
				},
				"lf": {
					"rotation": {
						"0.0": {
							"post": [82.95007, -36.19674, -154.01655],
							"lerp_mode": "catmullrom"
						}
					},
					"position": {
						"0.0": {
							"post": [18, 1, 7],
							"lerp_mode": "catmullrom"
						},
						"0.2917": [18, 1, 11],
						"3.9167": [18, 1, 11],
						"4.2083": {
							"pre": [18, 1, 7],
							"post": [18, 1, 7],
							"lerp_mode": "catmullrom"
						}
					},
					"scale": {
						"0.0": {
							"post": [1, 1.5, 1],
							"lerp_mode": "catmullrom"
						}
					}
				},
				"constraint": {
					"rotation": [0.2, 0.2, 0.2],
					"position": [0.2, 0.2, 0.2]
				},
				"root": {
					"rotation": {
						"0.0": [0, 0, 0],
						"0.1667": {
							"pre": [-3.95432, -0.35524, -7.5593],
							"post": [-3.95432, -0.35524, -7.5593],
							"lerp_mode": "catmullrom"
						},
						"0.4167": {
							"post": [-18.77487, -14.73938, -42.6554],
							"lerp_mode": "catmullrom"
						},
						"0.6667": {
							"post": [-21.52657, -15.87239, -40.05886],
							"lerp_mode": "catmullrom"
						},
						"0.75": {
							"post": [-20.25861, -16.23715, -41.02775],
							"lerp_mode": "catmullrom"
						},
						"1.0833": {
							"post": [-20.53075, -15.90496, -40.04584],
							"lerp_mode": "catmullrom"
						},
						"1.25": {
							"post": [-20.31, -15.97, -40.25],
							"lerp_mode": "catmullrom"
						},
						"1.3333": {
							"post": [-19.50129, -18.05893, -44.38906],
							"lerp_mode": "catmullrom"
						},
						"1.4167": {
							"post": [-19.4, -17.79, -43.96],
							"lerp_mode": "catmullrom"
						},
						"1.8333": {
							"post": [-19.4, -17.79, -43.96],
							"lerp_mode": "catmullrom"
						},
						"1.9167": {
							"post": [-15.98698, -18.90273, -47.17888],
							"lerp_mode": "catmullrom"
						},
						"2.25": {
							"post": [-24.36432, -1.6775, -11.65337],
							"lerp_mode": "catmullrom"
						},
						"2.4167": {
							"post": [-23.46652, 12.24383, 43.25953],
							"lerp_mode": "catmullrom"
						},
						"2.5": {
							"post": [-25.38254, 14.43725, 52.36102],
							"lerp_mode": "catmullrom"
						},
						"2.6667": {
							"post": [-29.00682, 14.71279, 56.6102],
							"lerp_mode": "catmullrom"
						},
						"2.75": {
							"post": [-29.89, 14.81, 57.05],
							"lerp_mode": "catmullrom"
						},
						"2.8333": {
							"post": [-31.3227, 15.39962, 56.65147],
							"lerp_mode": "catmullrom"
						},
						"3.0833": {
							"post": [-30.7885, 14.41418, 55.14586],
							"lerp_mode": "catmullrom"
						},
						"3.3333": {
							"post": [-30.6349, 15.48634, 57.33607],
							"lerp_mode": "catmullrom"
						},
						"3.6667": {
							"post": [-31.25052, 14.70508, 55.68418],
							"lerp_mode": "catmullrom"
						},
						"4.0833": {
							"post": [-26.67396, -0.07821, 27.51275],
							"lerp_mode": "catmullrom"
						},
						"4.1667": {
							"post": [-11.69726, 0.58548, 26.88017],
							"lerp_mode": "catmullrom"
						},
						"4.3333": {
							"post": [-4.92613, 0.4648, 9.54116],
							"lerp_mode": "catmullrom"
						},
						"4.5": {
							"post": [-0.48719, -2.12151, -6.94069],
							"lerp_mode": "catmullrom"
						},
						"4.6667": [1.07546, -0.05235, 0.39954],
						"4.8333": [-0.95, 0, 1.64],
						"4.9167": [0, 0, 0],
						"5.0833": [0, 0, 0]
					},
					"position": {
						"0.0": [0, 0, 0],
						"0.1667": {
							"pre": [-0.3, -0.65, 0],
							"post": [-0.3, -0.65, 0],
							"lerp_mode": "catmullrom"
						},
						"0.4167": {
							"post": [-0.6, 0.8, -0.75],
							"lerp_mode": "catmullrom"
						},
						"0.5": {
							"post": [-0.6, 1.2, -1.35],
							"lerp_mode": "catmullrom"
						},
						"0.6667": {
							"post": [-0.6, 0.835, -1.59],
							"lerp_mode": "catmullrom"
						},
						"0.9167": {
							"post": [-0.6, 0.55, -1.6],
							"lerp_mode": "catmullrom"
						},
						"1.0833": {
							"post": [-0.6, 0.98, -1.6],
							"lerp_mode": "catmullrom"
						},
						"1.3333": {
							"post": [-0.6, 3.105, -1.6],
							"lerp_mode": "catmullrom"
						},
						"1.6667": {
							"post": [-0.6, 3.33, -1.6],
							"lerp_mode": "catmullrom"
						},
						"1.8333": {
							"post": [-0.6, 2.7, -1.6],
							"lerp_mode": "catmullrom"
						},
						"1.9167": {
							"post": [-0.45, -0.64, -0.8],
							"lerp_mode": "catmullrom"
						},
						"2.25": {
							"post": [0.7, -4.11016, 1.5],
							"lerp_mode": "catmullrom"
						},
						"2.4167": [1.425, -3.36328, 0.64141],
						"2.5833": {
							"pre": [1.87422, -2.99297, 0.30938],
							"post": [1.87422, -2.99297, 0.30938],
							"lerp_mode": "catmullrom"
						},
						"2.75": {
							"post": [2.02656, -3.34531, 0.68047],
							"lerp_mode": "catmullrom"
						},
						"2.8333": {
							"post": [2.02656, -3.96641, 1.22516],
							"lerp_mode": "catmullrom"
						},
						"2.9167": {
							"post": [1.9975, -4.26297, 1.14094],
							"lerp_mode": "catmullrom"
						},
						"3.1667": {
							"post": [1.81, -4.12625, 1.26938],
							"lerp_mode": "catmullrom"
						},
						"3.5833": {
							"post": [1.83, -3.89797, 1.35781],
							"lerp_mode": "catmullrom"
						},
						"4.0": {
							"post": [1.81, -5.45562, 0.44],
							"lerp_mode": "catmullrom"
						},
						"4.1667": {
							"post": [1.6, -6.10031, -1.06],
							"lerp_mode": "catmullrom"
						},
						"4.3333": {
							"post": [1.08, -4.20469, -4.00109],
							"lerp_mode": "catmullrom"
						},
						"4.4167": {
							"post": [0.52, -0.355, -4.04109],
							"lerp_mode": "catmullrom"
						},
						"4.6667": {
							"post": [0, -0.3, 0.95],
							"lerp_mode": "catmullrom"
						},
						"4.75": [0, 0.02, -0.14],
						"4.9167": [0, 0.12, 0.08],
						"5.0833": [0, 0, 0]
					}
				}
			},
			"sound_effects": {
				"0.0": {
					"effect": "tacz:ak47/ak47_inspect_over"
				},
				"1.9167": {
					"effect": "tacz:ak47/ak47_inspect_mvt"
				},
				"4.4167": {
					"effect": "tacz:ak47/ak47_inspect_raise_grab"
				}
			}
		},
		"draw": {
			"animation_length": 1.125,
			"bones": {
				"root": {
					"rotation": {
						"0.0": [22.5, -22.5, 32.5],
						"0.1667": {
							"pre": [16.81, -14.77, 27.74],
							"post": [16.81, -14.77, 27.74],
							"lerp_mode": "catmullrom"
						},
						"0.25": {
							"post": [10.38725, -13.74806, 10.06185],
							"lerp_mode": "catmullrom"
						},
						"0.4167": {
							"post": [-0.88995, -1.54338, 7.15196],
							"lerp_mode": "catmullrom"
						},
						"0.5833": [1.10685, 1.42586, -1.99731],
						"0.6667": {
							"pre": [0.39065, 0.294, 2.28025],
							"post": [0.39065, 0.294, 2.28025],
							"lerp_mode": "catmullrom"
						},
						"0.75": {
							"post": [0.03946, 0.20234, -1.89002],
							"lerp_mode": "catmullrom"
						},
						"0.9167": {
							"post": [0.03, 0.12, 0.67],
							"lerp_mode": "catmullrom"
						},
						"1.125": [0, 0, 0]
					},
					"position": {
						"0.0": {
							"post": [-5, -14, 0],
							"lerp_mode": "catmullrom"
						},
						"0.25": {
							"post": [-3.79, -7.23, -0.38],
							"lerp_mode": "catmullrom"
						},
						"0.4583": {
							"post": [-0.3, -0.975, -0.6],
							"lerp_mode": "catmullrom"
						},
						"0.6667": {
							"post": [0.01, -0.3, 0.5],
							"lerp_mode": "catmullrom"
						},
						"0.7917": [-0.01, -0.07, -0.32],
						"1.0": {
							"pre": [0, 0, 0],
							"post": [0, 0, 0],
							"lerp_mode": "catmullrom"
						}
					}
				},
				"rh": {
					"rotation": {
						"0.0": {
							"post": [90, 20, -180],
							"lerp_mode": "catmullrom"
						}
					},
					"position": {
						"0.0": {
							"post": [-11, 4, 20],
							"lerp_mode": "catmullrom"
						}
					},
					"scale": {
						"0.0": {
							"post": [1, 1.5, 1],
							"lerp_mode": "catmullrom"
						}
					}
				},
				"lf": {
					"rotation": {
						"0.0": {
							"post": [82.95007, -36.19674, -154.01655],
							"lerp_mode": "catmullrom"
						}
					},
					"position": {
						"0.0": {
							"post": [18, 1, 7],
							"lerp_mode": "catmullrom"
						}
					},
					"scale": {
						"0.0": {
							"post": [1, 1.5, 1],
							"lerp_mode": "catmullrom"
						}
					}
				}
			}
		},
		"reload_tactical": {
			"animation_length": 1.5833,
			"bones": {
				"root": {
					"rotation": {
						"0.0": {
							"post": [0, 0, 0],
							"lerp_mode": "catmullrom"
						},
						"0.1667": {
							"post": [13.26924, 2.06428, 14.86051],
							"lerp_mode": "catmullrom"
						},
						"0.2917": {
							"post": [19.26924, 2.06428, 14.86051],
							"lerp_mode": "catmullrom"
						},
						"0.375": {
							"post": [-7.73076, 2.06428, 14.86051],
							"lerp_mode": "catmullrom"
						},
						"0.7083": {
							"post": [-7.73076, 2.06428, 14.86051],
							"lerp_mode": "catmullrom"
						},
						"0.75": {
							"post": [8.62086, 2.06428, 14.86051],
							"lerp_mode": "catmullrom"
						},
						"0.9583": {
							"post": [-7.73076, 2.06428, 14.86051],
							"lerp_mode": "catmullrom"
						},
						"1.0417": {
							"post": [-20.73076, 2.06428, 14.86051],
							"lerp_mode": "catmullrom"
						},
						"1.125": {
							"post": [-27.73076, 2.06428, 14.86051],
							"lerp_mode": "catmullrom"
						},
						"1.2917": {
							"post": [10.98483, -0.34834, -4.01212],
							"lerp_mode": "catmullrom"
						},
						"1.4167": {
							"post": [0, 0, 0],
							"lerp_mode": "catmullrom"
						},
						"1.5833": {
							"post": [0, 0, 0],
							"lerp_mode": "catmullrom"
						}
					},
					"position": {
						"0.0": {
							"post": [0, 0, 0],
							"lerp_mode": "catmullrom"
						},
						"1.4167": {
							"post": [0, 0, 0],
							"lerp_mode": "catmullrom"
						},
						"1.5833": {
							"post": [0, 0, 0],
							"lerp_mode": "catmullrom"
						}
					}
				},
				"kk": {
					"rotation": {
						"0.1667": [0, 0, 0],
						"0.25": [-71, 0, 0],
						"1.125": [-71, 0, 0],
						"1.25": [0, 0, 0]
					}
				},
				"qd": {
					"rotation": {
						"0.0": [0, 0, 0],
						"0.1667": [0, 0, 0],
						"0.2917": [45, 0, 0],
						"1.0": [45, 0, 0],
						"1.0417": [0, 0, 0]
					}
				},
				"kk2": {
					"rotation": {
						"0.0": [0, 0, 0],
						"0.1667": [0, 0, 0],
						"0.2917": [71, 0, 0],
						"0.3333": [75, 0, 0],
						"0.375": [70.75, 0, 0],
						"0.4167": [68.27, 0, 0],
						"0.4583": [75.78, 0, 0],
						"0.5417": [71, 0, 0],
						"0.7083": [71, 0, 0],
						"0.75": [90, 0, 0],
						"0.7917": [74.33, 0, 0],
						"0.8333": [73.66, 0, 0],
						"0.875": [71.5, 0, 0],
						"1.0": [71, 0, 0],
						"1.25": [0, 0, 0]
					}
				},
				"rh": {
					"rotation": {
						"0.0": {
							"post": [90, 20, -180],
							"lerp_mode": "catmullrom"
						}
					},
					"position": {
						"0.0": {
							"post": [-11, 4, 20],
							"lerp_mode": "catmullrom"
						}
					},
					"scale": {
						"0.0": {
							"post": [1, 1.5, 1],
							"lerp_mode": "catmullrom"
						}
					}
				},
				"lf": {
					"rotation": {
						"0.0": {
							"post": [82.95007, -36.19674, -154.01655],
							"lerp_mode": "catmullrom"
						},
						"0.1667": {
							"post": [95.98475, -55.30641, -179.317],
							"lerp_mode": "catmullrom"
						},
						"0.2083": {
							"post": [110.41388, -60.28945, -184.26516],
							"lerp_mode": "catmullrom"
						},
						"0.2917": {
							"post": [80.03119, 43.752, -160.95026],
							"lerp_mode": "catmullrom"
						},
						"0.625": [127.03715, 54.48774, -285.61918],
						"0.75": [121.43302, 47.86255, -292.79688],
						"0.8333": [121.43302, 47.86255, -292.79688],
						"1.0": {
							"pre": [97.9151, -42.67945, -179.49851],
							"post": [97.9151, -42.67945, -179.49851],
							"lerp_mode": "catmullrom"
						},
						"1.0417": {
							"post": [114.18205, -51.8608, -188.69055],
							"lerp_mode": "catmullrom"
						},
						"1.125": {
							"post": [108.03826, -53.6652, -180.97878],
							"lerp_mode": "catmullrom"
						},
						"1.3333": {
							"post": [94.53535, -27.48928, -181.05449],
							"lerp_mode": "catmullrom"
						},
						"1.5": {
							"post": [82.95007, -36.19674, -154.01655],
							"lerp_mode": "catmullrom"
						}
					},
					"position": {
						"0.0": {
							"post": [18, 1, 7],
							"lerp_mode": "catmullrom"
						},
						"0.1667": {
							"post": [20.5, 4.38, 17.7525],
							"lerp_mode": "catmullrom"
						},
						"0.2917": {
							"post": [20.55, 4.74, 16.79],
							"lerp_mode": "catmullrom"
						},
						"0.625": {
							"post": [19.17542, 5.26518, 12.78838],
							"lerp_mode": "catmullrom"
						},
						"0.75": {
							"post": [19.16, 5.99, 11.69],
							"lerp_mode": "catmullrom"
						},
						"0.8333": {
							"post": [19.16, 5.99, 11.69],
							"lerp_mode": "catmullrom"
						},
						"1.0": {
							"post": [21.06702, 6.93077, 7.6037],
							"lerp_mode": "catmullrom"
						},
						"1.125": {
							"post": [21.06702, 6.93077, 7.6037],
							"lerp_mode": "catmullrom"
						},
						"1.3333": {
							"post": [17.89, 3.91, 12.5],
							"lerp_mode": "catmullrom"
						},
						"1.5": {
							"post": [18, 1, 7],
							"lerp_mode": "catmullrom"
						}
					},
					"scale": {
						"0.0": {
							"post": [1, 1.5, 1],
							"lerp_mode": "catmullrom"
						},
						"1.5": {
							"post": [1, 1.5, 1],
							"lerp_mode": "catmullrom"
						}
					}
				},
				"camera": {
					"rotation": {
						"0.0": {
							"post": [0, 0, 0],
							"lerp_mode": "catmullrom"
						},
						"0.1667": {
							"post": [0, 0, 0],
							"lerp_mode": "catmullrom"
						},
						"0.25": {
							"post": [7.92313, -1.10984, 7.92314],
							"lerp_mode": "catmullrom"
						},
						"0.3333": {
							"post": [0, 0, -2],
							"lerp_mode": "catmullrom"
						},
						"0.7083": {
							"post": [0.12, 0.09, -1.16],
							"lerp_mode": "catmullrom"
						},
						"0.75": {
							"post": [4.19334, 0.09074, -0.96122],
							"lerp_mode": "catmullrom"
						},
						"0.9583": {
							"post": [0, 0, 0],
							"lerp_mode": "catmullrom"
						},
						"1.125": {
							"post": [-6.98469, -0.54984, -0.9105],
							"lerp_mode": "catmullrom"
						},
						"1.25": {
							"post": [0, 0, 0],
							"lerp_mode": "catmullrom"
						},
						"1.3333": {
							"post": [1, 0, 0],
							"lerp_mode": "catmullrom"
						},
						"1.4167": {
							"post": [-1, 0, 0],
							"lerp_mode": "catmullrom"
						},
						"1.5417": {
							"post": [0, 0, 0],
							"lerp_mode": "catmullrom"
						}
					}
				},
				"mag": {
					"scale": {
						"0.0": [0, 0, 0],
						"0.7083": [0, 0, 0],
						"0.75": [1, 1, 1]
					}
				}
			}
		},
		"reload_empty": {
			"animation_length": 1.5833,
			"bones": {
				"root": {
					"rotation": {
						"0.0": {
							"post": [0, 0, 0],
							"lerp_mode": "catmullrom"
						},
						"0.1667": {
							"post": [13.26924, 2.06428, 14.86051],
							"lerp_mode": "catmullrom"
						},
						"0.2917": {
							"post": [19.26924, 2.06428, 14.86051],
							"lerp_mode": "catmullrom"
						},
						"0.375": {
							"post": [-7.73076, 2.06428, 14.86051],
							"lerp_mode": "catmullrom"
						},
						"0.7083": {
							"post": [-7.73076, 2.06428, 14.86051],
							"lerp_mode": "catmullrom"
						},
						"0.75": {
							"post": [8.62086, 2.06428, 14.86051],
							"lerp_mode": "catmullrom"
						},
						"0.9583": {
							"post": [-7.73076, 2.06428, 14.86051],
							"lerp_mode": "catmullrom"
						},
						"1.0417": {
							"post": [-20.73076, 2.06428, 14.86051],
							"lerp_mode": "catmullrom"
						},
						"1.125": {
							"post": [-27.73076, 2.06428, 14.86051],
							"lerp_mode": "catmullrom"
						},
						"1.2917": {
							"post": [10.98483, -0.34834, -4.01212],
							"lerp_mode": "catmullrom"
						},
						"1.4167": {
							"post": [0, 0, 0],
							"lerp_mode": "catmullrom"
						},
						"1.5833": {
							"post": [0, 0, 0],
							"lerp_mode": "catmullrom"
						}
					},
					"position": {
						"0.0": {
							"post": [0, 0, 0],
							"lerp_mode": "catmullrom"
						},
						"1.4167": {
							"post": [0, 0, 0],
							"lerp_mode": "catmullrom"
						},
						"1.5833": {
							"post": [0, 0, 0],
							"lerp_mode": "catmullrom"
						}
					}
				},
				"kk": {
					"rotation": {
						"0.0": [0, 0, 0],
						"0.1667": [0, 0, 0],
						"0.25": [-71, 0, 0],
						"1.125": [-71, 0, 0],
						"1.25": [0, 0, 0]
					}
				},
				"qd": {
					"rotation": {
						"0.0": [0, 0, 0],
						"0.1667": [0, 0, 0],
						"0.2917": [45, 0, 0],
						"1.0": [45, 0, 0],
						"1.0417": [0, 0, 0]
					}
				},
				"kk2": {
					"rotation": {
						"0.0": [0, 0, 0],
						"0.1667": [0, 0, 0],
						"0.2917": [71, 0, 0],
						"0.3333": [75, 0, 0],
						"0.375": [70.75, 0, 0],
						"0.4167": [68.27, 0, 0],
						"0.4583": [75.78, 0, 0],
						"0.5417": [71, 0, 0],
						"0.7083": [71, 0, 0],
						"0.75": [90, 0, 0],
						"0.7917": [74.33, 0, 0],
						"0.8333": [73.66, 0, 0],
						"0.875": [71.5, 0, 0],
						"1.0": [71, 0, 0],
						"1.25": [0, 0, 0]
					}
				},
				"rh": {
					"rotation": {
						"0.0": {
							"post": [90, 20, -180],
							"lerp_mode": "catmullrom"
						}
					},
					"position": {
						"0.0": {
							"post": [-11, 4, 20],
							"lerp_mode": "catmullrom"
						}
					},
					"scale": {
						"0.0": {
							"post": [1, 1.5, 1],
							"lerp_mode": "catmullrom"
						}
					}
				},
				"lf": {
					"rotation": {
						"0.0": {
							"post": [82.95007, -36.19674, -154.01655],
							"lerp_mode": "catmullrom"
						},
						"0.1667": {
							"post": [95.98475, -55.30641, -179.317],
							"lerp_mode": "catmullrom"
						},
						"0.2083": {
							"post": [110.41388, -60.28945, -184.26516],
							"lerp_mode": "catmullrom"
						},
						"0.2917": {
							"post": [80.03119, 43.752, -160.95026],
							"lerp_mode": "catmullrom"
						},
						"0.625": [127.03715, 54.48774, -285.61918],
						"0.75": [121.43302, 47.86255, -292.79688],
						"0.8333": [121.43302, 47.86255, -292.79688],
						"1.0": {
							"pre": [97.9151, -42.67945, -179.49851],
							"post": [97.9151, -42.67945, -179.49851],
							"lerp_mode": "catmullrom"
						},
						"1.0417": {
							"post": [114.18205, -51.8608, -188.69055],
							"lerp_mode": "catmullrom"
						},
						"1.125": {
							"post": [108.03826, -53.6652, -180.97878],
							"lerp_mode": "catmullrom"
						},
						"1.3333": {
							"post": [94.53535, -27.48928, -181.05449],
							"lerp_mode": "catmullrom"
						},
						"1.5": {
							"post": [82.95007, -36.19674, -154.01655],
							"lerp_mode": "catmullrom"
						}
					},
					"position": {
						"0.0": {
							"post": [18, 1, 7],
							"lerp_mode": "catmullrom"
						},
						"0.1667": {
							"post": [20.5, 4.38, 17.7525],
							"lerp_mode": "catmullrom"
						},
						"0.2917": {
							"post": [20.55, 4.74, 16.79],
							"lerp_mode": "catmullrom"
						},
						"0.625": {
							"post": [19.17542, 5.26518, 12.78838],
							"lerp_mode": "catmullrom"
						},
						"0.75": {
							"post": [19.16, 5.99, 11.69],
							"lerp_mode": "catmullrom"
						},
						"0.8333": {
							"post": [19.16, 5.99, 11.69],
							"lerp_mode": "catmullrom"
						},
						"1.0": {
							"post": [21.06702, 6.93077, 7.6037],
							"lerp_mode": "catmullrom"
						},
						"1.125": {
							"post": [21.06702, 6.93077, 7.6037],
							"lerp_mode": "catmullrom"
						},
						"1.3333": {
							"post": [17.89, 3.91, 12.5],
							"lerp_mode": "catmullrom"
						},
						"1.5": {
							"post": [18, 1, 7],
							"lerp_mode": "catmullrom"
						}
					},
					"scale": {
						"0.0": {
							"post": [1, 1.5, 1],
							"lerp_mode": "catmullrom"
						},
						"1.5": {
							"post": [1, 1.5, 1],
							"lerp_mode": "catmullrom"
						}
					}
				},
				"mag": {
					"scale": {
						"0.0": [0, 0, 0],
						"0.7083": [0, 0, 0],
						"0.75": [1, 1, 1]
					}
				},
				"camera": {
					"rotation": {
						"0.0": {
							"post": [0, 0, 0],
							"lerp_mode": "catmullrom"
						},
						"0.1667": {
							"post": [0, 0, 0],
							"lerp_mode": "catmullrom"
						},
						"0.25": {
							"post": [7.92313, -1.10984, 7.92314],
							"lerp_mode": "catmullrom"
						},
						"0.3333": {
							"post": [0, 0, -2],
							"lerp_mode": "catmullrom"
						},
						"0.7083": {
							"post": [0.12, 0.09, -1.16],
							"lerp_mode": "catmullrom"
						},
						"0.75": {
							"post": [4.19334, 0.09074, -0.96122],
							"lerp_mode": "catmullrom"
						},
						"0.9583": {
							"post": [0, 0, 0],
							"lerp_mode": "catmullrom"
						},
						"1.125": {
							"post": [-6.98469, -0.54984, -0.9105],
							"lerp_mode": "catmullrom"
						},
						"1.25": {
							"post": [0, 0, 0],
							"lerp_mode": "catmullrom"
						},
						"1.3333": {
							"post": [1, 0, 0],
							"lerp_mode": "catmullrom"
						},
						"1.4167": {
							"post": [-1, 0, 0],
							"lerp_mode": "catmullrom"
						},
						"1.5417": {
							"post": [0, 0, 0],
							"lerp_mode": "catmullrom"
						}
					}
				}
			}
		},
		"shoot": {
			"animation_length": 0.875,
			"bones": {
				"root": {
					"rotation": {
						"0.0": {
							"post": [0, 0, 0],
							"lerp_mode": "catmullrom"
						},
						"0.125": {
							"post": [-16, 0, 0],
							"lerp_mode": "catmullrom"
						},
						"0.2917": {
							"post": [0.26625, 0.0093, 0.5883],
							"lerp_mode": "catmullrom"
						},
						"0.3333": {
							"post": [0.05, 0.15, -0.175],
							"lerp_mode": "catmullrom"
						},
						"0.4167": {
							"post": [-0.175, 0.13, -0.265],
							"lerp_mode": "catmullrom"
						},
						"0.5": {
							"post": [0, -0.075, 0.35],
							"lerp_mode": "catmullrom"
						},
						"0.5833": {
							"post": [0.05, -0.075, 0.24],
							"lerp_mode": "catmullrom"
						},
						"0.6667": {
							"post": [0.15, -0.05, -0.3],
							"lerp_mode": "catmullrom"
						},
						"0.75": {
							"post": [0.03, 0, -0.065],
							"lerp_mode": "catmullrom"
						},
						"0.875": {
							"post": [0, 0, 0],
							"lerp_mode": "catmullrom"
						}
					},
					"position": {
						"0.0": {
							"post": [0, 0, 0],
							"lerp_mode": "catmullrom"
						},
						"0.0417": {
							"post": [0, 0.81, 7.3125],
							"lerp_mode": "catmullrom"
						},
						"0.125": {
							"post": [0, 2.4375, 12.75],
							"lerp_mode": "catmullrom"
						},
						"0.25": {
							"post": [0, -0.00156, -0.09609],
							"lerp_mode": "catmullrom"
						},
						"0.3333": {
							"post": [0, -0.075, 0.05703],
							"lerp_mode": "catmullrom"
						},
						"0.4583": {
							"post": [0, 0.005, 0.04],
							"lerp_mode": "catmullrom"
						},
						"0.5": {
							"post": [0, 0.05, 0],
							"lerp_mode": "catmullrom"
						},
						"0.625": {
							"post": [0, 0.03, 0],
							"lerp_mode": "catmullrom"
						},
						"0.7083": {
							"post": [0, 0, 0],
							"lerp_mode": "catmullrom"
						},
						"0.8333": {
							"post": [0, 0, 0],
							"lerp_mode": "catmullrom"
						}
					}
				},
				"camera": {
					"rotation": {
						"0.0": {
							"post": [0, 0, 0],
							"lerp_mode": "catmullrom"
						},
						"0.0417": {
							"post": [-10, 0, 0.7],
							"lerp_mode": "catmullrom"
						},
						"0.1667": {
							"post": [0, 0, -0.15],
							"lerp_mode": "catmullrom"
						},
						"0.25": {
							"post": [0, 0, 0.125],
							"lerp_mode": "catmullrom"
						},
						"0.3333": {
							"post": [0, 0, -0.075],
							"lerp_mode": "catmullrom"
						},
						"0.4167": {
							"post": [0, 0, 0],
							"lerp_mode": "catmullrom"
						}
					}
				}
			}
		},
		"inspect": {
			"animation_length": 4.5,
			"bones": {
				"rh": {
					"rotation": {
						"0.0": {
							"post": [90, 20, -180],
							"lerp_mode": "catmullrom"
						}
					},
					"position": {
						"0.0": {
							"post": [-11, 4, 20],
							"lerp_mode": "catmullrom"
						}
					},
					"scale": {
						"0.0": {
							"post": [1, 1.5, 1],
							"lerp_mode": "catmullrom"
						}
					}
				},
				"lf": {
					"rotation": {
						"0.0": {
							"post": [82.95007, -36.19674, -154.01655],
							"lerp_mode": "catmullrom"
						},
						"0.5": {
							"post": [125.70052, -22.51681, -189.44677],
							"lerp_mode": "catmullrom"
						},
						"0.5833": {
							"post": [103.55968, -21.64983, -189.01782],
							"lerp_mode": "catmullrom"
						},
						"3.625": {
							"post": [103.55968, -21.64983, -189.01782],
							"lerp_mode": "catmullrom"
						},
						"3.75": {
							"post": [104.51, -21.04, -191.62],
							"lerp_mode": "catmullrom"
						},
						"3.8333": {
							"post": [126.50773, -21.04349, -191.62187],
							"lerp_mode": "catmullrom"
						},
						"3.9583": {
							"post": [126.50773, -21.04349, -191.62187],
							"lerp_mode": "catmullrom"
						},
						"4.0833": {
							"post": [107.33477, -21.46067, -174.73514],
							"lerp_mode": "catmullrom"
						},
						"4.25": {
							"post": [82.95007, -36.19674, -154.01655],
							"lerp_mode": "catmullrom"
						},
						"4.5": {
							"post": [82.95007, -36.19674, -154.01655],
							"lerp_mode": "catmullrom"
						}
					},
					"position": {
						"0.0": {
							"post": [18, 1, 7],
							"lerp_mode": "catmullrom"
						},
						"0.5": {
							"post": [15.5, 1.63, 7.6275],
							"lerp_mode": "catmullrom"
						},
						"3.625": {
							"post": [15.5, 1.63, 7.63],
							"lerp_mode": "catmullrom"
						},
						"3.8333": {
							"post": [15.5, 1.63, 7.6275],
							"lerp_mode": "catmullrom"
						},
						"3.9583": {
							"post": [15.5, 1.63, 7.6275],
							"lerp_mode": "catmullrom"
						},
						"4.25": {
							"post": [18, 1, 7],
							"lerp_mode": "catmullrom"
						},
						"4.5": {
							"post": [18, 1, 7],
							"lerp_mode": "catmullrom"
						}
					},
					"scale": {
						"0.0": {
							"post": [1, 1.5, 1],
							"lerp_mode": "catmullrom"
						},
						"4.25": {
							"post": [1, 1.5, 1],
							"lerp_mode": "catmullrom"
						},
						"4.5": {
							"post": [1, 1.5, 1],
							"lerp_mode": "catmullrom"
						}
					}
				},
				"root": {
					"rotation": {
						"0.0": {
							"post": [0, 0, 0],
							"lerp_mode": "catmullrom"
						},
						"0.5": {
							"post": [0, 0, 0],
							"lerp_mode": "catmullrom"
						},
						"0.5833": {
							"post": [17, 0, 0],
							"lerp_mode": "catmullrom"
						},
						"0.625": {
							"post": [22.69, 0, 0],
							"lerp_mode": "catmullrom"
						},
						"0.75": {
							"post": [17, 0, 0],
							"lerp_mode": "catmullrom"
						},
						"1.4167": {
							"post": [-13.26238, -5.68828, 21.18447],
							"lerp_mode": "catmullrom"
						},
						"3.1667": {
							"post": [-13.26238, -5.68828, 21.18447],
							"lerp_mode": "catmullrom"
						},
						"3.7917": {
							"post": [6.7, -3.46, 9.61],
							"lerp_mode": "catmullrom"
						},
						"3.8333": {
							"post": [1.42194, -3.31616, 9.2109],
							"lerp_mode": "catmullrom"
						},
						"3.9583": {
							"post": [6.7, -3.46, 9.61],
							"lerp_mode": "catmullrom"
						},
						"4.25": {
							"post": [0, 0, 0],
							"lerp_mode": "catmullrom"
						},
						"4.5": {
							"post": [0, 0, 0],
							"lerp_mode": "catmullrom"
						}
					},
					"position": {
						"0.0": {
							"post": [0, 0, 0],
							"lerp_mode": "catmullrom"
						},
						"0.5": {
							"post": [0, 0, 0],
							"lerp_mode": "catmullrom"
						},
						"0.5833": {
							"post": [0, -1.6875, 0],
							"lerp_mode": "catmullrom"
						},
						"0.75": {
							"post": [0, -1.6875, 0],
							"lerp_mode": "catmullrom"
						},
						"1.4167": {
							"post": [0.375, 5.065, 4],
							"lerp_mode": "catmullrom"
						},
						"3.1667": {
							"post": [0.375, 5.065, 4],
							"lerp_mode": "catmullrom"
						},
						"3.7917": {
							"post": [0, 0.2, 0],
							"lerp_mode": "catmullrom"
						},
						"3.9583": {
							"post": [0, 0.2, 0],
							"lerp_mode": "catmullrom"
						},
						"4.25": {
							"post": [0, 0, 0],
							"lerp_mode": "catmullrom"
						},
						"4.5": {
							"post": [0, 0, 0],
							"lerp_mode": "catmullrom"
						}
					}
				},
				"kk": {
					"rotation": {
						"0.0": [0, 0, 0],
						"0.5": [0, 0, 0],
						"0.5833": [-107, 0, 0],
						"0.7083": [-126, 0, 0],
						"0.875": [-110, 0, 0],
						"1.0417": [-118, 0, 0],
						"1.1667": [-105, 0, 0],
						"3.75": [-105, 0, 0],
						"3.875": [0, 0, 0]
					}
				},
				"qd": {
					"rotation": {
						"0.5": [0, 0, 0],
						"0.5833": [58, 0, 0],
						"3.75": [58, 0, 0],
						"3.8333": [0, 0, 0]
					}
				},
				"kk2": {
					"rotation": {
						"0.0": [0, 0, 0],
						"0.5": [0, 0, 0],
						"0.7083": [75, 0, 0],
						"0.9167": [88, 0, 0],
						"1.0833": [84, 0, 0],
						"1.2083": [79, 0, 0],
						"3.75": [79, 0, 0],
						"3.875": [0, 0, 0]
					}
				},
				"camera": {
					"rotation": {
						"0.5": {
							"pre": [0, 0, 0],
							"post": [0, 0, 0],
							"lerp_mode": "catmullrom"
						},
						"0.5833": {
							"post": [4, 0, 0],
							"lerp_mode": "catmullrom"
						},
						"0.7083": {
							"post": [0, 0, 0],
							"lerp_mode": "catmullrom"
						},
						"1.4583": {
							"post": [5, 18, 0],
							"lerp_mode": "catmullrom"
						},
						"3.0833": {
							"post": [5, 18, 0],
							"lerp_mode": "catmullrom"
						},
						"3.8333": {
							"post": [0, 0, 0],
							"lerp_mode": "catmullrom"
						},
						"3.9167": {
							"post": [0, 0, 0],
							"lerp_mode": "catmullrom"
						},
						"3.9583": {
							"post": [-4, 0, 0],
							"lerp_mode": "catmullrom"
						},
						"4.3333": {
							"post": [0, 0, 0],
							"lerp_mode": "catmullrom"
						}
					}
				}
			}
		}
	}
}