{
	"format_version": "1.8.0",
	"animations": {
		"static_bolt_caught": {
			"animation_length": 0.625,
			"bones": {
				"lh": {
					"rotation": [5.34527, -14.76689, -182.66399],
					"position": [11.75, 0, 15.75],
					"scale": [1, 1.5, 1]
				},
				"lefthand_pos": {
					"scale": 1
				},
				"rh": {
					"rotation": [90, 15, -180],
					"position": [-11.27843, 2.8125, 19.05368],
					"scale": [1, 1.5, 1]
				},
				"tt": {
					"position": [0, 0, 2.5]
				},
				"ds": {
					"position": [0, 0, 2.4375]
				}
			}
		},
		"static_idle": {
			"loop": true,
			"bones": {
				"lh": {
					"rotation": [5.34527, -14.76689, -182.66399],
					"position": [11.75, 0, 15.75],
					"scale": [1, 1.5, 1]
				},
				"lefthand_pos": {
					"scale": 1
				},
				"rh": {
					"rotation": [90, 15, -180],
					"position": [-11.27843, 2.8125, 19.05368],
					"scale": [1, 1.5, 1]
				},
				"constraint": {
					"rotation": [0.2, 0.2, 0.2],
					"position": [0.2, 0.2, 0.2]
				},
				"pickaxe": {
					"scale": 0
				}
			}
		},
		"melee_bayonet_1": {
			"loop": true,
			"animation_length": 1,
			"bones": {
				"lh": {
					"rotation": {
						"0.0": [5.34527, -14.76689, -182.66399],
						"0.0417": {
							"pre": [210.66963, 14.98539, -177.41193],
							"post": [210.66963, 14.98539, -177.41193],
							"lerp_mode": "catmullrom"
						},
						"0.125": {
							"post": [52.43273, -5.06514, -167.65982],
							"lerp_mode": "catmullrom"
						},
						"0.2917": {
							"post": [52.43273, -5.06514, -167.65982],
							"lerp_mode": "catmullrom"
						},
						"0.5417": {
							"post": [52.43273, -5.06514, -167.65982],
							"lerp_mode": "catmullrom"
						},
						"0.7917": {
							"post": [5.34527, -14.76689, -182.66399],
							"lerp_mode": "catmullrom"
						},
						"1.0": {
							"post": [5.34527, -14.76689, -182.66399],
							"lerp_mode": "catmullrom"
						}
					},
					"position": {
						"0.0": [11.75, 0, 15.75],
						"0.0417": {
							"pre": [18.29, -3.25, 4.67],
							"post": [18.29, -3.25, 4.67],
							"lerp_mode": "catmullrom"
						},
						"0.125": {
							"post": [14.35, 5.36, 14.89],
							"lerp_mode": "catmullrom"
						},
						"0.3333": {
							"post": [14.21, 4.07, 14.8],
							"lerp_mode": "catmullrom"
						},
						"0.5833": {
							"post": [14.21, 4.07, 14.8],
							"lerp_mode": "catmullrom"
						},
						"0.75": {
							"post": [11.75, 0, 15.75],
							"lerp_mode": "catmullrom"
						},
						"0.9583": {
							"post": [11.75, 0, 15.75],
							"lerp_mode": "catmullrom"
						}
					},
					"scale": [1, 1.5, 1]
				},
				"lefthand_pos": {
					"scale": 1
				},
				"rh": {
					"rotation": [90, 15, -180],
					"position": [-11.27843, 2.8125, 19.05368],
					"scale": [1, 1.5, 1]
				},
				"constraint": {
					"rotation": [0.2, 0.2, 0.2],
					"position": [0.2, 0.2, 0.2]
				},
				"magazine": {
					"rotation": {
						"0.0": {
							"post": [0, 0, 0],
							"lerp_mode": "catmullrom"
						},
						"0.0833": {
							"post": [-17.06488, 10.58927, 30.90686],
							"lerp_mode": "catmullrom"
						},
						"0.4167": {
							"post": [-17.06488, 10.58927, 30.90686],
							"lerp_mode": "catmullrom"
						},
						"0.625": {
							"post": [0, 0, 0],
							"lerp_mode": "catmullrom"
						}
					},
					"position": {
						"0.0": {
							"post": [0, 0, 0],
							"lerp_mode": "catmullrom"
						},
						"0.0833": {
							"post": [-1.77592, -1.55928, 5.86061],
							"lerp_mode": "catmullrom"
						},
						"0.4167": {
							"post": [-1.77592, -1.55928, 5.86061],
							"lerp_mode": "catmullrom"
						},
						"0.625": {
							"post": [0, 0, 0],
							"lerp_mode": "catmullrom"
						}
					}
				},
				"rh_and_gun": {
					"rotation": {
						"0.0": {
							"post": [0, 0, 0],
							"lerp_mode": "catmullrom"
						},
						"0.0833": {
							"post": [-17.06488, 10.58927, 30.90686],
							"lerp_mode": "catmullrom"
						},
						"0.4167": {
							"post": [-17.06488, 10.58927, 30.90686],
							"lerp_mode": "catmullrom"
						},
						"0.625": {
							"post": [0, 0, 0],
							"lerp_mode": "catmullrom"
						}
					},
					"position": {
						"0.0": {
							"post": [0, 0, 0],
							"lerp_mode": "catmullrom"
						},
						"0.0833": {
							"post": [-4, -1, 5],
							"lerp_mode": "catmullrom"
						},
						"0.4167": {
							"post": [-4, -1, 5],
							"lerp_mode": "catmullrom"
						},
						"0.625": {
							"post": [0, 0, 0],
							"lerp_mode": "catmullrom"
						}
					}
				},
				"camera": {
					"rotation": {
						"0.0": {
							"post": [0, 0, 0],
							"lerp_mode": "catmullrom"
						},
						"0.125": {
							"post": [-4.99527, 0.21782, 2.4905],
							"lerp_mode": "catmullrom"
						},
						"0.2083": {
							"post": [12.48848, -0.54094, 2.44081],
							"lerp_mode": "catmullrom"
						},
						"0.3333": {
							"post": [12.48848, -0.54094, 2.44081],
							"lerp_mode": "catmullrom"
						},
						"0.5": {
							"post": [0, 0, 0],
							"lerp_mode": "catmullrom"
						}
					},
					"position": {
						"0.0": {
							"post": [0, 0, 0],
							"lerp_mode": "catmullrom"
						}
					}
				},
				"pickaxe": {
					"rotation": {
						"0.0": [0, 0, 0],
						"0.125": [0, 0, 0],
						"0.2083": [-57.5, 0, 0],
						"0.5417": [32.5, 0, 0],
						"0.7083": [175, 0, 0]
					},
					"scale": {
						"0.0": {
							"post": [1, 0.6, 1],
							"lerp_mode": "catmullrom"
						},
						"0.0833": [1, 0.6, 1],
						"0.5833": [1, 1, 1],
						"0.625": {
							"pre": [0, 0, 0],
							"post": [0, 0, 0],
							"lerp_mode": "catmullrom"
						}
					}
				}
			}
		},
		"melee_bayonet_2": {
			"loop": true,
			"animation_length": 1,
			"bones": {
				"lh": {
					"rotation": {
						"0.0": [5.34527, -14.76689, -182.66399],
						"0.0417": {
							"pre": [210.66963, 14.98539, -177.41193],
							"post": [210.66963, 14.98539, -177.41193],
							"lerp_mode": "catmullrom"
						},
						"0.125": {
							"post": [52.43273, -5.06514, -167.65982],
							"lerp_mode": "catmullrom"
						},
						"0.2917": {
							"post": [52.43273, -5.06514, -167.65982],
							"lerp_mode": "catmullrom"
						},
						"0.5417": {
							"post": [52.43273, -5.06514, -167.65982],
							"lerp_mode": "catmullrom"
						},
						"0.7917": {
							"post": [5.34527, -14.76689, -182.66399],
							"lerp_mode": "catmullrom"
						},
						"1.0": {
							"post": [5.34527, -14.76689, -182.66399],
							"lerp_mode": "catmullrom"
						}
					},
					"position": {
						"0.0": [11.75, 0, 15.75],
						"0.0417": {
							"pre": [18.29, -3.25, 4.67],
							"post": [18.29, -3.25, 4.67],
							"lerp_mode": "catmullrom"
						},
						"0.125": {
							"post": [14.35, 5.36, 14.89],
							"lerp_mode": "catmullrom"
						},
						"0.3333": {
							"post": [14.21, 4.07, 14.8],
							"lerp_mode": "catmullrom"
						},
						"0.5833": {
							"post": [14.21, 4.07, 14.8],
							"lerp_mode": "catmullrom"
						},
						"0.75": {
							"post": [11.75, 0, 15.75],
							"lerp_mode": "catmullrom"
						},
						"0.9583": {
							"post": [11.75, 0, 15.75],
							"lerp_mode": "catmullrom"
						}
					},
					"scale": [1, 1.5, 1]
				},
				"lefthand_pos": {
					"scale": 1
				},
				"rh": {
					"rotation": [90, 15, -180],
					"position": [-11.27843, 2.8125, 19.05368],
					"scale": [1, 1.5, 1]
				},
				"constraint": {
					"rotation": [0.2, 0.2, 0.2],
					"position": [0.2, 0.2, 0.2]
				},
				"magazine": {
					"rotation": {
						"0.0": {
							"post": [0, 0, 0],
							"lerp_mode": "catmullrom"
						},
						"0.0833": {
							"post": [-17.06488, 10.58927, 30.90686],
							"lerp_mode": "catmullrom"
						},
						"0.4167": {
							"post": [-17.06488, 10.58927, 30.90686],
							"lerp_mode": "catmullrom"
						},
						"0.625": {
							"post": [0, 0, 0],
							"lerp_mode": "catmullrom"
						}
					},
					"position": {
						"0.0": {
							"post": [0, 0, 0],
							"lerp_mode": "catmullrom"
						},
						"0.0833": {
							"post": [-1.77592, -1.55928, 5.86061],
							"lerp_mode": "catmullrom"
						},
						"0.4167": {
							"post": [-1.77592, -1.55928, 5.86061],
							"lerp_mode": "catmullrom"
						},
						"0.625": {
							"post": [0, 0, 0],
							"lerp_mode": "catmullrom"
						}
					}
				},
				"rh_and_gun": {
					"rotation": {
						"0.0": {
							"post": [0, 0, 0],
							"lerp_mode": "catmullrom"
						},
						"0.0833": {
							"post": [-17.06488, 10.58927, 30.90686],
							"lerp_mode": "catmullrom"
						},
						"0.4167": {
							"post": [-17.06488, 10.58927, 30.90686],
							"lerp_mode": "catmullrom"
						},
						"0.625": {
							"post": [0, 0, 0],
							"lerp_mode": "catmullrom"
						}
					},
					"position": {
						"0.0": {
							"post": [0, 0, 0],
							"lerp_mode": "catmullrom"
						},
						"0.0833": {
							"post": [-4, -1, 5],
							"lerp_mode": "catmullrom"
						},
						"0.4167": {
							"post": [-4, -1, 5],
							"lerp_mode": "catmullrom"
						},
						"0.625": {
							"post": [0, 0, 0],
							"lerp_mode": "catmullrom"
						}
					}
				},
				"camera": {
					"rotation": {
						"0.0": {
							"post": [0, 0, 0],
							"lerp_mode": "catmullrom"
						},
						"0.125": {
							"post": [-4.99527, 0.21782, 2.4905],
							"lerp_mode": "catmullrom"
						},
						"0.2083": {
							"post": [12.48848, -0.54094, 2.44081],
							"lerp_mode": "catmullrom"
						},
						"0.3333": {
							"post": [12.48848, -0.54094, 2.44081],
							"lerp_mode": "catmullrom"
						},
						"0.5": {
							"post": [0, 0, 0],
							"lerp_mode": "catmullrom"
						}
					},
					"position": {
						"0.0": {
							"post": [0, 0, 0],
							"lerp_mode": "catmullrom"
						}
					}
				},
				"pickaxe": {
					"rotation": {
						"0.0": [0, 0, 0],
						"0.125": [0, 0, 0],
						"0.2083": [-57.5, 0, 0],
						"0.5417": [32.5, 0, 0],
						"0.7083": [175, 0, 0]
					},
					"scale": {
						"0.0": {
							"post": [1, 0.6, 1],
							"lerp_mode": "catmullrom"
						},
						"0.0833": [1, 0.6, 1],
						"0.5833": [1, 1, 1],
						"0.625": {
							"pre": [0, 0, 0],
							"post": [0, 0, 0],
							"lerp_mode": "catmullrom"
						}
					}
				}
			}
		},
		"melee_bayonet_3": {
			"loop": true,
			"animation_length": 1,
			"bones": {
				"lh": {
					"rotation": {
						"0.0": [5.34527, -14.76689, -182.66399],
						"0.0417": {
							"pre": [210.66963, 14.98539, -177.41193],
							"post": [210.66963, 14.98539, -177.41193],
							"lerp_mode": "catmullrom"
						},
						"0.125": {
							"post": [52.43273, -5.06514, -167.65982],
							"lerp_mode": "catmullrom"
						},
						"0.2917": {
							"post": [52.43273, -5.06514, -167.65982],
							"lerp_mode": "catmullrom"
						},
						"0.5417": {
							"post": [52.43273, -5.06514, -167.65982],
							"lerp_mode": "catmullrom"
						},
						"0.7917": {
							"post": [5.34527, -14.76689, -182.66399],
							"lerp_mode": "catmullrom"
						},
						"1.0": {
							"post": [5.34527, -14.76689, -182.66399],
							"lerp_mode": "catmullrom"
						}
					},
					"position": {
						"0.0": [11.75, 0, 15.75],
						"0.0417": {
							"pre": [18.29, -3.25, 4.67],
							"post": [18.29, -3.25, 4.67],
							"lerp_mode": "catmullrom"
						},
						"0.125": {
							"post": [14.35, 5.36, 14.89],
							"lerp_mode": "catmullrom"
						},
						"0.3333": {
							"post": [14.21, 4.07, 14.8],
							"lerp_mode": "catmullrom"
						},
						"0.5833": {
							"post": [14.21, 4.07, 14.8],
							"lerp_mode": "catmullrom"
						},
						"0.75": {
							"post": [11.75, 0, 15.75],
							"lerp_mode": "catmullrom"
						},
						"0.9583": {
							"post": [11.75, 0, 15.75],
							"lerp_mode": "catmullrom"
						}
					},
					"scale": [1, 1.5, 1]
				},
				"lefthand_pos": {
					"scale": 1
				},
				"rh": {
					"rotation": [90, 15, -180],
					"position": [-11.27843, 2.8125, 19.05368],
					"scale": [1, 1.5, 1]
				},
				"constraint": {
					"rotation": [0.2, 0.2, 0.2],
					"position": [0.2, 0.2, 0.2]
				},
				"magazine": {
					"rotation": {
						"0.0": {
							"post": [0, 0, 0],
							"lerp_mode": "catmullrom"
						},
						"0.0833": {
							"post": [-17.06488, 10.58927, 30.90686],
							"lerp_mode": "catmullrom"
						},
						"0.4167": {
							"post": [-17.06488, 10.58927, 30.90686],
							"lerp_mode": "catmullrom"
						},
						"0.625": {
							"post": [0, 0, 0],
							"lerp_mode": "catmullrom"
						}
					},
					"position": {
						"0.0": {
							"post": [0, 0, 0],
							"lerp_mode": "catmullrom"
						},
						"0.0833": {
							"post": [-1.77592, -1.55928, 5.86061],
							"lerp_mode": "catmullrom"
						},
						"0.4167": {
							"post": [-1.77592, -1.55928, 5.86061],
							"lerp_mode": "catmullrom"
						},
						"0.625": {
							"post": [0, 0, 0],
							"lerp_mode": "catmullrom"
						}
					}
				},
				"rh_and_gun": {
					"rotation": {
						"0.0": {
							"post": [0, 0, 0],
							"lerp_mode": "catmullrom"
						},
						"0.0833": {
							"post": [-17.06488, 10.58927, 30.90686],
							"lerp_mode": "catmullrom"
						},
						"0.4167": {
							"post": [-17.06488, 10.58927, 30.90686],
							"lerp_mode": "catmullrom"
						},
						"0.625": {
							"post": [0, 0, 0],
							"lerp_mode": "catmullrom"
						}
					},
					"position": {
						"0.0": {
							"post": [0, 0, 0],
							"lerp_mode": "catmullrom"
						},
						"0.0833": {
							"post": [-4, -1, 5],
							"lerp_mode": "catmullrom"
						},
						"0.4167": {
							"post": [-4, -1, 5],
							"lerp_mode": "catmullrom"
						},
						"0.625": {
							"post": [0, 0, 0],
							"lerp_mode": "catmullrom"
						}
					}
				},
				"camera": {
					"rotation": {
						"0.0": {
							"post": [0, 0, 0],
							"lerp_mode": "catmullrom"
						},
						"0.125": {
							"post": [-4.99527, 0.21782, 2.4905],
							"lerp_mode": "catmullrom"
						},
						"0.2083": {
							"post": [12.48848, -0.54094, 2.44081],
							"lerp_mode": "catmullrom"
						},
						"0.3333": {
							"post": [12.48848, -0.54094, 2.44081],
							"lerp_mode": "catmullrom"
						},
						"0.5": {
							"post": [0, 0, 0],
							"lerp_mode": "catmullrom"
						}
					},
					"position": {
						"0.0": {
							"post": [0, 0, 0],
							"lerp_mode": "catmullrom"
						}
					}
				},
				"pickaxe": {
					"rotation": {
						"0.0": [0, 0, 0],
						"0.125": [0, 0, 0],
						"0.2083": [-57.5, 0, 0],
						"0.5417": [32.5, 0, 0],
						"0.7083": [175, 0, 0]
					},
					"scale": {
						"0.0": {
							"post": [1, 0.6, 1],
							"lerp_mode": "catmullrom"
						},
						"0.0833": [1, 0.6, 1],
						"0.5833": [1, 1, 1],
						"0.625": {
							"pre": [0, 0, 0],
							"post": [0, 0, 0],
							"lerp_mode": "catmullrom"
						}
					}
				}
			}
		},
		"reload_empty": {
			"animation_length": 1.5,
			"bones": {
				"lh": {
					"rotation": {
						"0.0": [5.34527, -14.76689, -182.66399],
						"0.125": [100.05396, -5.90852, -181.0456],
						"0.25": [120.34527, -14.76689, -182.66399],
						"0.3333": [115.01437, -13.36153, -192.57581],
						"0.4167": [120.10173, -15.38534, -177.9302],
						"0.625": {
							"pre": [46.0498, 51.60565, -235.94479],
							"post": [46.0498, 51.60565, -235.94479],
							"lerp_mode": "catmullrom"
						},
						"0.7917": [86.16763, -9.6278, -170.21439],
						"1.0": [86.59448, -9.78563, -172.74565],
						"1.0833": [85.74847, -9.45155, -167.68564],
						"1.5": {
							"pre": [5.34527, -14.76689, -182.66399],
							"post": [5.34527, -14.76689, -182.66399],
							"lerp_mode": "catmullrom"
						}
					},
					"position": {
						"0.0": [11.75, 0, 15.75],
						"0.25": [12.59998, 10.93538, 17.35789],
						"0.5417": [12.59998, 10.93538, 17.35789],
						"0.7917": [10.08924, 1.75886, 15.57107],
						"1.0": [10.08924, 1.75886, 15.57107],
						"1.0833": [10.08924, 1.75886, 15.57107],
						"1.5": {
							"pre": [11.75, 0, 15.75],
							"post": [11.75, 0, 15.75],
							"lerp_mode": "catmullrom"
						}
					},
					"scale": {
						"0.0": [1, 1.5, 1],
						"1.5": {
							"pre": [1, 1.5, 1],
							"post": [1, 1.5, 1],
							"lerp_mode": "catmullrom"
						}
					}
				},
				"lefthand_pos": {
					"scale": 1
				},
				"rh": {
					"rotation": [90, 15, -180],
					"position": [-11.27843, 2.8125, 19.05368],
					"scale": [1, 1.5, 1]
				},
				"root": {
					"rotation": {
						"0.0": {
							"post": [0, 0, 0],
							"lerp_mode": "catmullrom"
						},
						"0.2917": {
							"post": [0, 0, 57],
							"lerp_mode": "catmullrom"
						},
						"0.3333": {
							"post": [12, 0, 61.39815],
							"lerp_mode": "catmullrom"
						},
						"0.5417": {
							"post": [0, 0, 57],
							"lerp_mode": "catmullrom"
						},
						"0.7917": {
							"post": [0, 0, -38],
							"lerp_mode": "catmullrom"
						},
						"0.875": {
							"post": [0, 0, -38],
							"lerp_mode": "catmullrom"
						},
						"0.9167": {
							"post": [-8, 0, -38],
							"lerp_mode": "catmullrom"
						},
						"1.0": {
							"post": [0, 0, -38],
							"lerp_mode": "catmullrom"
						},
						"1.25": {
							"post": [0, 0, 0],
							"lerp_mode": "catmullrom"
						},
						"1.5": {
							"post": [0, 0, 0],
							"lerp_mode": "catmullrom"
						}
					},
					"position": {
						"0.0": {
							"post": [0, 0, 0],
							"lerp_mode": "catmullrom"
						},
						"0.2917": {
							"post": [-4.94642, 0.96103, 0],
							"lerp_mode": "catmullrom"
						},
						"0.3333": {
							"post": [-6.895, -0.105, 0],
							"lerp_mode": "catmullrom"
						},
						"0.5417": {
							"post": [-4.94642, 0.96103, 0],
							"lerp_mode": "catmullrom"
						},
						"0.7917": {
							"post": [-1.34848, 0.91852, 0],
							"lerp_mode": "catmullrom"
						},
						"0.875": {
							"post": [-1.35, 0.92, 0],
							"lerp_mode": "catmullrom"
						},
						"0.9167": {
							"post": [-1.69294, 1.35894, 0.07828],
							"lerp_mode": "catmullrom"
						},
						"1.0": {
							"post": [-1.35, 0.92, 0],
							"lerp_mode": "catmullrom"
						},
						"1.25": {
							"post": [0, 0, 0],
							"lerp_mode": "catmullrom"
						},
						"1.5": {
							"post": [0, 0, 0],
							"lerp_mode": "catmullrom"
						}
					}
				},
				"lh_and_mag": {
					"rotation": {
						"0.0": [0, 0, 0],
						"0.7917": [0, 0, -21],
						"0.875": [0, 0, 0],
						"0.9167": [0, 0, 0]
					},
					"position": {
						"0.0": [0, 0, 0],
						"0.7917": [6.45986, -15.92471, 0],
						"0.875": [0, -3.5, 0],
						"0.9167": [0, 0, 0]
					}
				},
				"magazine": {
					"position": [0, 0, 0],
					"scale": {
						"0.0": [0, 0, 0],
						"0.75": [0, 0, 0],
						"0.7917": [1, 1, 1]
					}
				},
				"additional_magazine": {
					"rotation": {
						"0.25": [0, 0, 0],
						"0.4167": {
							"pre": [-38.71975, -3.40487, -9.40804],
							"post": [-38.71975, -3.40487, -9.40804],
							"lerp_mode": "catmullrom"
						},
						"0.5833": {
							"post": [-73.73499, -9.93191, -14.48174],
							"lerp_mode": "catmullrom"
						},
						"0.9167": {
							"post": [-96.23499, -9.93191, -14.48174],
							"lerp_mode": "catmullrom"
						}
					},
					"position": {
						"0.25": [0, 0, 0],
						"0.4167": {
							"pre": [1.77094, -9.96375, -1.01047],
							"post": [1.77094, -9.96375, -1.01047],
							"lerp_mode": "catmullrom"
						},
						"0.5833": {
							"post": [8.15654, -21.57987, -6.20539],
							"lerp_mode": "catmullrom"
						},
						"0.9167": {
							"post": [18.9656, -33.65792, -14.66253],
							"lerp_mode": "catmullrom"
						}
					},
					"scale": {
						"0.5833": [1, 1, 1],
						"0.625": [0, 0, 0]
					}
				},
				"tt": {
					"position": {
						"0.0": [0, 0, 2.5],
						"0.9167": [0, 0, 2.5],
						"0.9583": [0, 0, 0]
					}
				},
				"ds": {
					"position": {
						"0.0": [0, 0, 2.4375],
						"0.9167": [0, 0, 2.44],
						"0.9583": [0, 0, 0]
					}
				},
				"camera": {
					"rotation": {
						"0.0": {
							"post": [0, 0, 0],
							"lerp_mode": "catmullrom"
						},
						"0.25": {
							"post": [0, 0, 0],
							"lerp_mode": "catmullrom"
						},
						"0.3333": {
							"post": [-1.9886, 0.26135, 2.9932],
							"lerp_mode": "catmullrom"
						},
						"0.5": {
							"post": [0, 0, 0],
							"lerp_mode": "catmullrom"
						},
						"0.9167": {
							"post": [0, 0, 0],
							"lerp_mode": "catmullrom"
						},
						"0.9583": {
							"post": [-2.9886, -0.26135, -4.99318],
							"lerp_mode": "catmullrom"
						},
						"1.0417": {
							"post": [0, 0, 0],
							"lerp_mode": "catmullrom"
						},
						"1.5": {
							"post": [0, 0, 0],
							"lerp_mode": "catmullrom"
						}
					},
					"position": {
						"0.0": {
							"post": [0, 0, 0],
							"lerp_mode": "catmullrom"
						}
					}
				}
			}
		},
		"shoot": {
			"animation_length": 0.6667,
			"bones": {
				"root": {
					"rotation": {
						"0.0": [0, 0, 0],
						"0.0417": [-20.96, -1.31, -2.73],
						"0.0833": [-6.13, -0.48, -0.4],
						"0.125": [1.78, -0.86, -0.94],
						"0.1667": [1, 0.02, -0.19],
						"0.2083": [0.48, 0.23, 0.09],
						"0.25": [-0.31, 0.03, 0.22],
						"0.2917": [-0.7, -0.1, 0.25],
						"0.3333": [-0.51, -0.03, 0.21],
						"0.375": [-0.19, 0.07, 0.16],
						"0.4167": [0.07, 0.13, 0.09],
						"0.4583": [0.09, 0.11, 0.06],
						"0.5": [0.05, 0.06, 0.03],
						"0.5417": [0.02, 0.02, 0.01],
						"0.5833": [0, 0, 0],
						"0.6667": [0, 0, 0]
					},
					"position": {
						"0.0": [0, 0, 0],
						"0.0417": [0, -0.12, 1.17],
						"0.0833": [0, 0.15, 0.39],
						"0.125": [0, 0.03, -0.23],
						"0.1667": [0, -0.08, 0.01],
						"0.2083": [0, -0.1, 0.1],
						"0.25": [0.01, -0.05, 0.13],
						"0.2917": [0.01, -0.02, 0.13],
						"0.3333": [0.01, -0.01, 0.07],
						"0.375": [0, -0.01, 0.02],
						"0.4167": [0, 0, -0.02],
						"0.4583": [0, 0, -0.02],
						"0.5": [0, 0, -0.01],
						"0.5417": [0, 0, 0],
						"0.5833": [0, 0, 0],
						"0.6667": [0, 0, 0]
					}
				},
				"tt": {
					"position": {
						"0.0": [0, 0, 0],
						"0.0417": [0, 0, 2.5625],
						"0.125": [0, 0, 0]
					}
				},
				"ds": {
					"position": {
						"0.0": [0, 0, 0],
						"0.0417": [0, 0, 2.375],
						"0.125": [0, 0, 0]
					}
				},
				"camera": {
					"rotation": {
						"0.0": [0, 0, 0],
						"0.0417": [0, 0, -0.7],
						"0.0833": [0, 0, 0.41],
						"0.125": [0, 0, -0.3],
						"0.1667": [0, 0, 0.23],
						"0.2083": [0, 0, 0.31],
						"0.25": [0, 0, -0.07],
						"0.2917": [0, 0, -0.16],
						"0.3333": [0, 0, -0.06],
						"0.375": [0, 0, 0]
					}
				}
			}
		},
		"reload_tactical": {
			"animation_length": 1.5,
			"bones": {
				"lh": {
					"rotation": {
						"0.0": [5.34527, -14.76689, -182.66399],
						"0.25": [98.88776, -18.56007, -178.04286],
						"0.375": [97.1906, -19.25983, -172.8094],
						"0.5417": {
							"pre": [111.21748, 61.3375, -161.18979],
							"post": [111.21748, 61.3375, -161.18979],
							"lerp_mode": "catmullrom"
						},
						"0.7917": [85.74847, -9.45155, -167.68564],
						"1.0": [85.74847, -9.45155, -167.68564],
						"1.0833": [85.74847, -9.45155, -167.68564],
						"1.5": {
							"pre": [5.34527, -14.76689, -182.66399],
							"post": [5.34527, -14.76689, -182.66399],
							"lerp_mode": "catmullrom"
						}
					},
					"position": {
						"0.0": [11.75, 0, 15.75],
						"0.25": [12.59998, 10.93538, 21.67039],
						"0.2917": [12.52, 12.36, 22.29],
						"0.3333": [12.45, 13.4, 22.9],
						"0.375": [12.37, 13.9475, 23.5175],
						"0.7917": [10.08924, 1.75886, 15.57107],
						"1.0": [10.08924, 1.75886, 15.57107],
						"1.0833": [10.08924, 1.75886, 15.57107],
						"1.5": {
							"pre": [11.75, 0, 15.75],
							"post": [11.75, 0, 15.75],
							"lerp_mode": "catmullrom"
						}
					},
					"scale": {
						"0.0": [1, 1.5, 1],
						"1.5": {
							"pre": [1, 1.5, 1],
							"post": [1, 1.5, 1],
							"lerp_mode": "catmullrom"
						}
					}
				},
				"lefthand_pos": {
					"scale": 1
				},
				"rh": {
					"rotation": [90, 15, -180],
					"position": [-11.27843, 2.8125, 19.05368],
					"scale": [1, 1.5, 1]
				},
				"root": {
					"rotation": {
						"0.0": {
							"post": [0, 0, 0],
							"lerp_mode": "catmullrom"
						},
						"0.25": {
							"post": [0, 0, 57],
							"lerp_mode": "catmullrom"
						},
						"0.3333": {
							"post": [-6, 0, 57],
							"lerp_mode": "catmullrom"
						},
						"0.5": {
							"post": [0, 0, 57],
							"lerp_mode": "catmullrom"
						},
						"0.7917": {
							"post": [0, 0, -38],
							"lerp_mode": "catmullrom"
						},
						"0.875": {
							"post": [0, 0, -38],
							"lerp_mode": "catmullrom"
						},
						"0.9167": {
							"post": [-8, 0, -38],
							"lerp_mode": "catmullrom"
						},
						"1.0": {
							"post": [0, 0, -38],
							"lerp_mode": "catmullrom"
						},
						"1.25": {
							"post": [0, 0, 0],
							"lerp_mode": "catmullrom"
						},
						"1.5": {
							"post": [0, 0, 0],
							"lerp_mode": "catmullrom"
						}
					},
					"position": {
						"0.0": {
							"post": [0, 0, 0],
							"lerp_mode": "catmullrom"
						},
						"0.25": {
							"post": [-4.94642, 0.96103, 0],
							"lerp_mode": "catmullrom"
						},
						"0.3333": {
							"post": [-5.00479, 0.92442, 0.62158],
							"lerp_mode": "catmullrom"
						},
						"0.5": {
							"post": [-4.94642, 0.96103, 0],
							"lerp_mode": "catmullrom"
						},
						"0.7917": {
							"post": [-1.34848, 0.91852, 0],
							"lerp_mode": "catmullrom"
						},
						"0.875": {
							"post": [-1.35, 0.92, 0],
							"lerp_mode": "catmullrom"
						},
						"0.9167": {
							"post": [-1.69294, 1.35894, 0.07828],
							"lerp_mode": "catmullrom"
						},
						"1.0": {
							"post": [-1.35, 0.92, 0],
							"lerp_mode": "catmullrom"
						},
						"1.25": {
							"post": [0, 0, 0],
							"lerp_mode": "catmullrom"
						},
						"1.5": {
							"post": [0, 0, 0],
							"lerp_mode": "catmullrom"
						}
					}
				},
				"lh_and_mag": {
					"rotation": {
						"0.0": [0, 0, 0],
						"0.7917": [0, 0, -21],
						"0.875": [0, 0, 0],
						"0.9167": [0, 0, 0]
					},
					"position": {
						"0.0": [0, 0, 0],
						"0.7917": [6.45986, -15.92471, 0],
						"0.875": [0, -3.5, 0],
						"0.9167": [0, 0, 0]
					}
				},
				"magazine": {
					"position": [0, 0, 0],
					"scale": {
						"0.0": [0, 0, 0],
						"0.75": [0, 0, 0],
						"0.7917": [1, 1, 1]
					}
				},
				"additional_magazine": {
					"rotation": {
						"0.25": [0, 0, 0],
						"0.4167": {
							"pre": [-38.71975, -3.40487, -9.40804],
							"post": [-38.71975, -3.40487, -9.40804],
							"lerp_mode": "catmullrom"
						},
						"0.5833": {
							"post": [-73.73499, -9.93191, -14.48174],
							"lerp_mode": "catmullrom"
						},
						"0.9167": {
							"post": [-96.23499, -9.93191, -14.48174],
							"lerp_mode": "catmullrom"
						}
					},
					"position": {
						"0.25": [0, 0, 0],
						"0.4167": {
							"pre": [1.77094, -9.96375, -1.01047],
							"post": [1.77094, -9.96375, -1.01047],
							"lerp_mode": "catmullrom"
						},
						"0.5833": {
							"post": [8.15654, -21.57987, -6.20539],
							"lerp_mode": "catmullrom"
						},
						"0.9167": {
							"post": [18.9656, -33.65792, -14.66253],
							"lerp_mode": "catmullrom"
						}
					},
					"scale": {
						"0.5833": [1, 1, 1],
						"0.625": [0, 0, 0]
					}
				},
				"tt": {
					"position": {
						"0.25": [0, 0, 0],
						"0.3333": [0, 0, 2.5],
						"0.9167": [0, 0, 2.5],
						"0.9583": [0, 0, 0]
					}
				},
				"ds": {
					"position": {
						"0.25": [0, 0, 0],
						"0.3333": [0, 0, 2.4375],
						"0.9167": [0, 0, 2.44],
						"0.9583": [0, 0, 0]
					}
				},
				"camera": {
					"rotation": {
						"0.0": {
							"post": [0, 0, 0],
							"lerp_mode": "catmullrom"
						},
						"0.25": {
							"post": [0, 0, 0],
							"lerp_mode": "catmullrom"
						},
						"0.3333": {
							"post": [-1.9886, 0.26135, 2.9932],
							"lerp_mode": "catmullrom"
						},
						"0.5": {
							"post": [0, 0, 0],
							"lerp_mode": "catmullrom"
						},
						"0.9167": {
							"post": [0, 0, 0],
							"lerp_mode": "catmullrom"
						},
						"0.9583": {
							"post": [-2.9886, -0.26135, -4.99318],
							"lerp_mode": "catmullrom"
						},
						"1.0417": {
							"post": [0, 0, 0],
							"lerp_mode": "catmullrom"
						},
						"1.5": {
							"post": [0, 0, 0],
							"lerp_mode": "catmullrom"
						}
					},
					"position": {
						"0.0": {
							"post": [0, 0, 0],
							"lerp_mode": "catmullrom"
						}
					}
				}
			}
		},
		"put_away": {
			"animation_length": 0.4583,
			"bones": {
				"root": {
					"rotation": {
						"0.0": [0, 0, 0],
						"0.0417": [0.13, -0.48, 2.81],
						"0.0833": [2.19, -3.57, 9.1],
						"0.125": [6.11, -8.14, 8.67],
						"0.1667": [11.36, -14.05, 6.9],
						"0.2083": [16.24, -19.23, 6.01],
						"0.25": [24.37, -26.23, 9.31],
						"0.2917": [27.05, -28.35, 10.87]
					},
					"position": {
						"0.0": [0, 0, 0],
						"0.0417": [-0.08, 0.02, 0.06],
						"0.0833": [-0.5, -0.28, 0.19],
						"0.125": [-0.97, -1.02, 0.04],
						"0.1667": [-1.59, -2.04, -0.15],
						"0.2083": [-2.32, -3.11, 0],
						"0.25": [-4.33, -5.49, 2.05],
						"0.2917": [-5.08, -6.34, 2.92]
					},
					"scale": 1
				},
				"camera": {
					"rotation": {
						"0.0": [0, 0, 0],
						"0.0417": [0, 0, -0.1],
						"0.0833": [0, 0, -0.4],
						"0.125": [0, 0, -0.53],
						"0.1667": [0, 0, -0.58],
						"0.2083": [0, 0, -0.5],
						"0.25": [0, 0, -0.13],
						"0.2917": [0, 0, 0]
					}
				}
			}
		},
		"run": {
			"animation_length": 0.7917,
			"bones": {
				"root": {
					"rotation": {
						"0.0": {
							"post": [-68.73, -5.5, -3.14],
							"lerp_mode": "catmullrom"
						},
						"0.0833": {
							"post": [-69.36, -9.11, -3.81],
							"lerp_mode": "catmullrom"
						},
						"0.1667": {
							"post": [-69.45, -10.1, -3.75],
							"lerp_mode": "catmullrom"
						},
						"0.2917": {
							"post": [-67.68, -8.15, -1.7],
							"lerp_mode": "catmullrom"
						},
						"0.4167": {
							"post": [-70.77, -9.63, -3.74],
							"lerp_mode": "catmullrom"
						},
						"0.5833": {
							"post": [-69.68, -1.04, -1.42],
							"lerp_mode": "catmullrom"
						},
						"0.6667": {
							"post": [-68.98, 0.57, -0.8],
							"lerp_mode": "catmullrom"
						},
						"0.7917": {
							"post": [-68.73, -5.5, -3.14],
							"lerp_mode": "catmullrom"
						}
					},
					"position": {
						"0.0": {
							"post": [-3.64, -0.38, -0.64],
							"lerp_mode": "catmullrom"
						},
						"0.0833": {
							"post": [-3.66, -0.87, -0.64],
							"lerp_mode": "catmullrom"
						},
						"0.2083": {
							"post": [-3.64, -1.38, -0.64],
							"lerp_mode": "catmullrom"
						},
						"0.3333": {
							"post": [-3.19, -0.39, -0.64],
							"lerp_mode": "catmullrom"
						},
						"0.4167": {
							"post": [-3.14, -0.23, -0.64],
							"lerp_mode": "catmullrom"
						},
						"0.5417": {
							"post": [-3.74, -1.42, -0.64],
							"lerp_mode": "catmullrom"
						},
						"0.6667": {
							"post": [-3.89, -1.46, -0.64],
							"lerp_mode": "catmullrom"
						},
						"0.7917": {
							"post": [-3.64, -0.38, -0.64],
							"lerp_mode": "catmullrom"
						}
					}
				}
			}
		},
		"run_start": {
			"animation_length": 0.4167,
			"bones": {
				"root": {
					"rotation": {
						"0.0": {
							"post": [0, 0, 0],
							"lerp_mode": "catmullrom"
						},
						"0.0417": {
							"post": [5.79, -1.19, 9.23],
							"lerp_mode": "catmullrom"
						},
						"0.125": {
							"post": [1.73, -2.05, 11.57],
							"lerp_mode": "catmullrom"
						},
						"0.25": {
							"post": [-59.98, -5.5, -3.14],
							"lerp_mode": "catmullrom"
						},
						"0.4167": {
							"post": [-68.73, -5.5, -3.14],
							"lerp_mode": "catmullrom"
						}
					},
					"position": {
						"0.0": {
							"post": [0, 0, 0],
							"lerp_mode": "catmullrom"
						},
						"0.0417": {
							"post": [0.17, -1.58, -0.79],
							"lerp_mode": "catmullrom"
						},
						"0.125": {
							"post": [-0.09, -2.83, -1.45],
							"lerp_mode": "catmullrom"
						},
						"0.1667": {
							"post": [-1.13, -2.25, -1.28],
							"lerp_mode": "catmullrom"
						},
						"0.2083": {
							"post": [-2.54, -1.06, -0.83],
							"lerp_mode": "catmullrom"
						},
						"0.25": {
							"post": [-3.57, -0.3775, -0.51],
							"lerp_mode": "catmullrom"
						},
						"0.3333": {
							"post": [-3.83, -0.1025, -0.47],
							"lerp_mode": "catmullrom"
						},
						"0.4167": {
							"post": [-3.64, -0.38, -0.64],
							"lerp_mode": "catmullrom"
						}
					}
				}
			}
		},
		"run_hold": {
			"loop": true,
			"bones": {
				"root": {
					"rotation": [-68.73314, -5.50468, -3.14473],
					"position": [-3.64, -0.38, -0.64]
				}
			}
		},
		"run_end": {
			"animation_length": 0.6667,
			"bones": {
				"root": {
					"rotation": {
						"0.0": {
							"post": [-68.73, -5.5, -3.14],
							"lerp_mode": "catmullrom"
						},
						"0.0833": {
							"post": [-36.44, -2.32, 5.59],
							"lerp_mode": "catmullrom"
						},
						"0.2083": {
							"post": [-3.66, 0.81, 12.47],
							"lerp_mode": "catmullrom"
						},
						"0.2917": {
							"post": [2.4, 1, 5.92],
							"lerp_mode": "catmullrom"
						},
						"0.3333": {
							"post": [1.03, 0.62, 0.91],
							"lerp_mode": "catmullrom"
						},
						"0.4167": {
							"post": [0.28, 0.35, -2.3],
							"lerp_mode": "catmullrom"
						},
						"0.5": {
							"post": [0.23, 0.09, -1.23],
							"lerp_mode": "catmullrom"
						},
						"0.5833": {
							"post": [-0.02, -0.02, 0.14],
							"lerp_mode": "catmullrom"
						},
						"0.6667": {
							"post": [0, 0, 0],
							"lerp_mode": "catmullrom"
						}
					},
					"position": {
						"0.0": {
							"post": [-3.64, -0.38, -0.64],
							"lerp_mode": "catmullrom"
						},
						"0.0833": {
							"post": [-1.47, -2.08, -1.96],
							"lerp_mode": "catmullrom"
						},
						"0.1667": {
							"post": [-0.5, -2.5, -2.25],
							"lerp_mode": "catmullrom"
						},
						"0.2083": {
							"post": [-0.17, -2.06, -1.84],
							"lerp_mode": "catmullrom"
						},
						"0.2917": {
							"post": [-0.01, -0.24, -0.23],
							"lerp_mode": "catmullrom"
						},
						"0.3333": {
							"post": [0.02, 0.37, 0.3],
							"lerp_mode": "catmullrom"
						},
						"0.4167": {
							"post": [0.06, 0.47, 0.4],
							"lerp_mode": "catmullrom"
						},
						"0.4583": {
							"post": [0.05, 0.22, 0.18],
							"lerp_mode": "catmullrom"
						},
						"0.5417": {
							"post": [0.02, -0.02, -0.03],
							"lerp_mode": "catmullrom"
						},
						"0.6667": {
							"post": [0, 0, 0],
							"lerp_mode": "catmullrom"
						}
					}
				}
			}
		},
		"inspect_empty": {
			"animation_length": 4.5417,
			"bones": {
				"subata": {
					"position": [0, 0.75, 0]
				},
				"root": {
					"rotation": {
						"0.0": {
							"post": [0, 0, 0],
							"lerp_mode": "catmullrom"
						},
						"0.2083": {
							"post": [-15.30902, -2.26482, -10.8535],
							"lerp_mode": "catmullrom"
						},
						"0.2917": {
							"post": [-19.87196, -3.17785, -17.95906],
							"lerp_mode": "catmullrom"
						},
						"0.4167": {
							"post": [-21.02, -3.65, -14.43],
							"lerp_mode": "catmullrom"
						},
						"0.5": {
							"post": [-22.61825, -4.52968, -16.70733],
							"lerp_mode": "catmullrom"
						},
						"0.6667": {
							"post": [-22.75, -4.41, -17.665],
							"lerp_mode": "catmullrom"
						},
						"0.8333": {
							"post": [-22.62, -4.53, -17.96],
							"lerp_mode": "catmullrom"
						},
						"1.0417": {
							"post": [-21.83419, -7.56045, -25.65573],
							"lerp_mode": "catmullrom"
						},
						"1.25": {
							"post": [-21.78, -7.76, -26.34],
							"lerp_mode": "catmullrom"
						},
						"1.5": {
							"post": [-21.78, -7.74, -26.81],
							"lerp_mode": "catmullrom"
						},
						"1.7083": {
							"post": [-21.8, -7.68, -27.385],
							"lerp_mode": "catmullrom"
						},
						"2.0": {
							"post": [-21.83419, -7.56045, -25.65573],
							"lerp_mode": "catmullrom"
						},
						"2.0833": {
							"post": [-21.83419, -7.56045, -14.65573],
							"lerp_mode": "catmullrom"
						},
						"2.2917": {
							"post": [-24.9445, 7.90002, 43.15984],
							"lerp_mode": "catmullrom"
						},
						"2.4167": {
							"post": [-24.9445, 7.90002, 59.65984],
							"lerp_mode": "catmullrom"
						},
						"2.5417": {
							"post": [-24.95, 7.88, 61.47],
							"lerp_mode": "catmullrom"
						},
						"2.6667": {
							"post": [-24.96, 7.86, 60.99],
							"lerp_mode": "catmullrom"
						},
						"2.9167": {
							"post": [-25, 7.75, 61.77],
							"lerp_mode": "catmullrom"
						},
						"3.1667": {
							"post": [-24.9445, 7.90002, 61.65984],
							"lerp_mode": "catmullrom"
						},
						"3.3333": {
							"post": [-24.22873, 9.9815, 70.7622],
							"lerp_mode": "catmullrom"
						},
						"3.5833": {
							"post": [-24.16, 10.35, 71.62],
							"lerp_mode": "catmullrom"
						},
						"3.8333": {
							"post": [-23.86, 10.06, 70.09],
							"lerp_mode": "catmullrom"
						},
						"4.0": {
							"post": [-21.22873, 8.4815, 60.2622],
							"lerp_mode": "catmullrom"
						},
						"4.1667": {
							"post": [-2.67436, -2.84081, 26.11685],
							"lerp_mode": "catmullrom"
						},
						"4.2917": {
							"post": [2.37, -2.9, 0.4],
							"lerp_mode": "catmullrom"
						},
						"4.4167": {
							"post": [0, 0, 1.25],
							"lerp_mode": "catmullrom"
						},
						"4.5": {
							"post": [0, 0, 0.5],
							"lerp_mode": "catmullrom"
						},
						"4.5833": {
							"post": [0, 0, 0],
							"lerp_mode": "catmullrom"
						}
					},
					"position": {
						"0.0": {
							"post": [0, 0, 0],
							"lerp_mode": "catmullrom"
						},
						"0.2083": {
							"post": [0.34, 0.6, -1.65],
							"lerp_mode": "catmullrom"
						},
						"0.2917": {
							"post": [0.67385, 0.3, -0.8],
							"lerp_mode": "catmullrom"
						},
						"0.4583": {
							"post": [0.67385, 0.4, -1],
							"lerp_mode": "catmullrom"
						},
						"2.0417": {
							"post": [0.67385, 0.39886, -0.7],
							"lerp_mode": "catmullrom"
						},
						"2.4167": {
							"post": [-1.07086, -0.3546, -1.4],
							"lerp_mode": "catmullrom"
						},
						"3.9583": {
							"post": [-1.07086, -0.3546, -1.4],
							"lerp_mode": "catmullrom"
						},
						"4.2917": {
							"post": [0, -0.3, -0.7],
							"lerp_mode": "catmullrom"
						},
						"4.4583": {
							"post": [0.1, 0, 0.3],
							"lerp_mode": "catmullrom"
						},
						"4.5417": {
							"post": [0, 0, 0],
							"lerp_mode": "catmullrom"
						}
					}
				},
				"lh": {
					"rotation": [19.09362, 6.06692, -196.97872],
					"position": [18.4375, 3, 18.875],
					"scale": 0
				},
				"magazine": {
					"rotation": [0, 0, 0],
					"position": [0, 0.75, 0],
					"scale": 1
				},
				"rh": {
					"rotation": [90, 15, -180],
					"position": [-11.27843, 2.8125, 19.05368],
					"scale": [1, 1.5, 1]
				},
				"additional_magazine": {
					"scale": 0
				},
				"camera": {
					"rotation": {
						"0.0": {
							"post": [0, 0, 0],
							"lerp_mode": "catmullrom"
						},
						"0.2917": {
							"post": [-1.5, 0.25, 0],
							"lerp_mode": "catmullrom"
						},
						"0.8333": {
							"post": [-1.5, 0.25, 0],
							"lerp_mode": "catmullrom"
						},
						"1.1667": {
							"post": [-1, 0.25, 0],
							"lerp_mode": "catmullrom"
						},
						"2.0": {
							"post": [-1, 0, 0],
							"lerp_mode": "catmullrom"
						},
						"2.5": {
							"post": [0, -0.5, 0],
							"lerp_mode": "catmullrom"
						},
						"3.1667": {
							"post": [0, -0.5, 0],
							"lerp_mode": "catmullrom"
						},
						"3.5": {
							"post": [0.5, -0.5, 0],
							"lerp_mode": "catmullrom"
						},
						"4.0833": {
							"post": [0.5, -0.5, 0],
							"lerp_mode": "catmullrom"
						},
						"4.5833": {
							"post": [0, 0, 0],
							"lerp_mode": "catmullrom"
						}
					}
				}
			},
			"sound_effects": {
				"0.0": {
					"effect": "deep_rock_galactic:bulldog/move3"
				},
				"1.9583": {
					"effect": "deep_rock_galactic:bulldog/move3"
				},
				"4.0": {
					"effect": "deep_rock_galactic:bulldog/move3"
				}
			}
		},
		"inspect": {
			"animation_length": 4.5417,
			"bones": {
				"subata": {
					"position": [0, 0.75, 0]
				},
				"root": {
					"rotation": {
						"0.0": {
							"post": [0, 0, 0],
							"lerp_mode": "catmullrom"
						},
						"0.2083": {
							"post": [-15.30902, -2.26482, -10.8535],
							"lerp_mode": "catmullrom"
						},
						"0.2917": {
							"post": [-19.87196, -3.17785, -17.95906],
							"lerp_mode": "catmullrom"
						},
						"0.4167": {
							"post": [-21.02, -3.65, -14.43],
							"lerp_mode": "catmullrom"
						},
						"0.5": {
							"post": [-22.61825, -4.52968, -16.70733],
							"lerp_mode": "catmullrom"
						},
						"0.6667": {
							"post": [-22.75, -4.41, -17.665],
							"lerp_mode": "catmullrom"
						},
						"0.8333": {
							"post": [-22.62, -4.53, -17.96],
							"lerp_mode": "catmullrom"
						},
						"1.0417": {
							"post": [-21.83419, -7.56045, -25.65573],
							"lerp_mode": "catmullrom"
						},
						"1.25": {
							"post": [-21.78, -7.76, -26.34],
							"lerp_mode": "catmullrom"
						},
						"1.5": {
							"post": [-21.78, -7.74, -26.81],
							"lerp_mode": "catmullrom"
						},
						"1.7083": {
							"post": [-21.8, -7.68, -27.385],
							"lerp_mode": "catmullrom"
						},
						"2.0": {
							"post": [-21.83419, -7.56045, -25.65573],
							"lerp_mode": "catmullrom"
						},
						"2.0833": {
							"post": [-21.83419, -7.56045, -14.65573],
							"lerp_mode": "catmullrom"
						},
						"2.2917": {
							"post": [-24.9445, 7.90002, 43.15984],
							"lerp_mode": "catmullrom"
						},
						"2.4167": {
							"post": [-24.9445, 7.90002, 59.65984],
							"lerp_mode": "catmullrom"
						},
						"2.5417": {
							"post": [-24.95, 7.88, 61.47],
							"lerp_mode": "catmullrom"
						},
						"2.6667": {
							"post": [-24.96, 7.86, 60.99],
							"lerp_mode": "catmullrom"
						},
						"2.9167": {
							"post": [-25, 7.75, 61.77],
							"lerp_mode": "catmullrom"
						},
						"3.1667": {
							"post": [-24.9445, 7.90002, 61.65984],
							"lerp_mode": "catmullrom"
						},
						"3.3333": {
							"post": [-24.22873, 9.9815, 70.7622],
							"lerp_mode": "catmullrom"
						},
						"3.5833": {
							"post": [-24.16, 10.35, 71.62],
							"lerp_mode": "catmullrom"
						},
						"3.8333": {
							"post": [-23.86, 10.06, 70.09],
							"lerp_mode": "catmullrom"
						},
						"4.0": {
							"post": [-21.22873, 8.4815, 60.2622],
							"lerp_mode": "catmullrom"
						},
						"4.1667": {
							"post": [-2.67436, -2.84081, 26.11685],
							"lerp_mode": "catmullrom"
						},
						"4.2917": {
							"post": [2.37, -2.9, 0.4],
							"lerp_mode": "catmullrom"
						},
						"4.4167": {
							"post": [0, 0, 1.25],
							"lerp_mode": "catmullrom"
						},
						"4.5": {
							"post": [0, 0, 0.5],
							"lerp_mode": "catmullrom"
						},
						"4.5833": {
							"post": [0, 0, 0],
							"lerp_mode": "catmullrom"
						}
					},
					"position": {
						"0.0": {
							"post": [0, 0, 0],
							"lerp_mode": "catmullrom"
						},
						"0.2083": {
							"post": [0.34, 0.6, -1.65],
							"lerp_mode": "catmullrom"
						},
						"0.2917": {
							"post": [0.67385, 0.3, -0.8],
							"lerp_mode": "catmullrom"
						},
						"0.4583": {
							"post": [0.67385, 0.4, -1],
							"lerp_mode": "catmullrom"
						},
						"2.0417": {
							"post": [0.67385, 0.39886, -0.7],
							"lerp_mode": "catmullrom"
						},
						"2.4167": {
							"post": [-1.07086, -0.3546, -1.4],
							"lerp_mode": "catmullrom"
						},
						"3.9583": {
							"post": [-1.07086, -0.3546, -1.4],
							"lerp_mode": "catmullrom"
						},
						"4.2917": {
							"post": [0, -0.3, -0.7],
							"lerp_mode": "catmullrom"
						},
						"4.4583": {
							"post": [0.1, 0, 0.3],
							"lerp_mode": "catmullrom"
						},
						"4.5417": {
							"post": [0, 0, 0],
							"lerp_mode": "catmullrom"
						}
					}
				},
				"lh": {
					"rotation": [19.09362, 6.06692, -196.97872],
					"position": [18.4375, 3, 18.875],
					"scale": 0
				},
				"magazine": {
					"rotation": [0, 0, 0],
					"position": [0, 0, 0],
					"scale": 1
				},
				"rh": {
					"rotation": [90, 15, -180],
					"position": [-11.27843, 2.8125, 19.05368],
					"scale": [1, 1.5, 1]
				},
				"additional_magazine": {
					"scale": 0
				},
				"camera": {
					"rotation": {
						"0.0": {
							"post": [0, 0, 0],
							"lerp_mode": "catmullrom"
						},
						"0.2917": {
							"post": [-1.5, 0.25, 0],
							"lerp_mode": "catmullrom"
						},
						"0.8333": {
							"post": [-1.5, 0.25, 0],
							"lerp_mode": "catmullrom"
						},
						"1.1667": {
							"post": [-1, 0.25, 0],
							"lerp_mode": "catmullrom"
						},
						"2.0": {
							"post": [-1, 0, 0],
							"lerp_mode": "catmullrom"
						},
						"2.5": {
							"post": [0, -0.5, 0],
							"lerp_mode": "catmullrom"
						},
						"3.1667": {
							"post": [0, -0.5, 0],
							"lerp_mode": "catmullrom"
						},
						"3.5": {
							"post": [0.5, -0.5, 0],
							"lerp_mode": "catmullrom"
						},
						"4.0833": {
							"post": [0.5, -0.5, 0],
							"lerp_mode": "catmullrom"
						},
						"4.5833": {
							"post": [0, 0, 0],
							"lerp_mode": "catmullrom"
						}
					}
				}
			},
			"sound_effects": {
				"0.0": {
					"effect": "deep_rock_galactic:bulldog/move3"
				},
				"1.9583": {
					"effect": "deep_rock_galactic:bulldog/move3"
				},
				"4.0": {
					"effect": "deep_rock_galactic:bulldog/move3"
				}
			}
		}
	}
}