{
	"format_version": "1.8.0",
	"animations": {
		"reload_empty": {
			"animation_length": 2.6667,
			"bones": {
				"QDD": {
					"rotation": {
						"0.0": {
							"post": [0, 0, 0],
							"lerp_mode": "catmullrom"
						},
						"0.3333": {
							"post": [0, 0, 0],
							"lerp_mode": "catmullrom"
						},
						"0.4167": {
							"post": [53, 0, 0],
							"lerp_mode": "catmullrom"
						},
						"1.8333": {
							"post": [53, 0, 0],
							"lerp_mode": "catmullrom"
						},
						"2.0": {
							"post": [0, 0, 0],
							"lerp_mode": "catmullrom"
						}
					}
				},
				"magazine": {
					"rotation": {
						"0.75": {
							"pre": [0, 0, 0],
							"post": [0, 0, 0],
							"lerp_mode": "catmullrom"
						},
						"0.7917": {
							"post": [0, 45.39, 0],
							"lerp_mode": "catmullrom"
						},
						"0.875": {
							"post": [0, 78.2, 0],
							"lerp_mode": "catmullrom"
						},
						"0.9583": {
							"post": [0, 57.46, 0],
							"lerp_mode": "catmullrom"
						},
						"1.125": {
							"post": [0, 0, 0],
							"lerp_mode": "catmullrom"
						},
						"1.25": {
							"post": [0, 0, 0],
							"lerp_mode": "catmullrom"
						}
					},
					"position": {
						"0.75": {
							"pre": [0, 0, 0],
							"post": [0, 0, 0],
							"lerp_mode": "catmullrom"
						},
						"0.8333": {
							"post": [12.2725, -0.58, 5.8175],
							"lerp_mode": "catmullrom"
						},
						"0.875": {
							"post": [24.98, -0.57, 5.68],
							"lerp_mode": "catmullrom"
						},
						"0.9583": {
							"post": [0.52, -7.4, 15.99],
							"lerp_mode": "catmullrom"
						},
						"1.0": {
							"post": [1.69, -7.38, 14.15],
							"lerp_mode": "catmullrom"
						},
						"1.125": {
							"post": [0, 0, 3],
							"lerp_mode": "catmullrom"
						},
						"1.25": {
							"post": [0, 0, 0],
							"lerp_mode": "catmullrom"
						}
					},
					"scale": {
						"0.8333": [1, 1, 1],
						"0.875": [0, 0, 0],
						"0.9583": [0, 0, 0],
						"1.0": [1, 1, 1]
					}
				},
				"lefthand_pos": {
					"scale": [1, 1.5, 1]
				},
				"righthand_and_gun": {
					"rotation": {
						"0.0": {
							"post": [0, 0, 0],
							"lerp_mode": "catmullrom"
						},
						"0.0833": {
							"post": [-10, 0, 0],
							"lerp_mode": "catmullrom"
						},
						"0.25": {
							"post": [-14, 0, 0],
							"lerp_mode": "catmullrom"
						},
						"0.3333": {
							"post": [26, 0, 0],
							"lerp_mode": "catmullrom"
						},
						"0.375": {
							"post": [26, 0, 0],
							"lerp_mode": "catmullrom"
						},
						"0.75": {
							"post": [28.87161, 29.45523, 112.35389],
							"lerp_mode": "catmullrom"
						},
						"0.875": {
							"post": [37.89311, 14.9318, 135.76331],
							"lerp_mode": "catmullrom"
						},
						"1.0833": {
							"post": [28.87161, 29.45523, 112.35389],
							"lerp_mode": "catmullrom"
						},
						"1.1667": {
							"post": [28.87161, 29.45523, 112.35389],
							"lerp_mode": "catmullrom"
						},
						"1.4167": {
							"post": [28.87161, 29.45523, 112.35389],
							"lerp_mode": "catmullrom"
						},
						"1.75": {
							"post": [26, 0, 0],
							"lerp_mode": "catmullrom"
						},
						"1.8333": {
							"post": [30, 0, 0],
							"lerp_mode": "catmullrom"
						},
						"1.9167": {
							"post": [-44, 0, 0],
							"lerp_mode": "catmullrom"
						},
						"2.0": {
							"post": [-52, 0, 0],
							"lerp_mode": "catmullrom"
						},
						"2.2083": {
							"post": [0, 0, 0],
							"lerp_mode": "catmullrom"
						},
						"2.5417": {
							"post": [0, 0, 0],
							"lerp_mode": "catmullrom"
						}
					},
					"position": {
						"0.0": {
							"post": [0, 0, 0],
							"lerp_mode": "catmullrom"
						},
						"0.0833": {
							"post": [0, 4.5625, 0],
							"lerp_mode": "catmullrom"
						},
						"0.25": {
							"post": [0, 5.3125, 0],
							"lerp_mode": "catmullrom"
						},
						"0.3333": {
							"post": [0, -6.1275, 0],
							"lerp_mode": "catmullrom"
						},
						"0.375": {
							"post": [0, -6.6275, -0.25],
							"lerp_mode": "catmullrom"
						},
						"0.5833": {
							"post": [-14.315, 2.5, 2.38],
							"lerp_mode": "catmullrom"
						},
						"0.75": {
							"post": [-15.375, 12.5575, 4.75],
							"lerp_mode": "catmullrom"
						},
						"0.875": {
							"post": [-15.37, 12.7475, 5.25],
							"lerp_mode": "catmullrom"
						},
						"1.0833": {
							"post": [-15.375, 12.5575, 4.75],
							"lerp_mode": "catmullrom"
						},
						"1.1667": {
							"post": [-15.375, 12.5575, 4.75],
							"lerp_mode": "catmullrom"
						},
						"1.4167": {
							"post": [-15.375, 12.5575, 4.75],
							"lerp_mode": "catmullrom"
						},
						"1.75": {
							"post": [0, -6.6275, -0.25],
							"lerp_mode": "catmullrom"
						},
						"1.8333": {
							"post": [0, -8.4425, -0.25],
							"lerp_mode": "catmullrom"
						},
						"1.9167": {
							"post": [0, 18.935, 1.8125],
							"lerp_mode": "catmullrom"
						},
						"2.0": {
							"post": [0, 21.19, 3.185],
							"lerp_mode": "catmullrom"
						},
						"2.2083": {
							"post": [0, 0, 0],
							"lerp_mode": "catmullrom"
						},
						"2.5417": {
							"post": [0, 0, 0],
							"lerp_mode": "catmullrom"
						}
					}
				},
				"root": {
					"rotation": {
						"0.0": {
							"post": [0, 0, 0],
							"lerp_mode": "catmullrom"
						},
						"1.25": {
							"post": [0, 0, 0],
							"lerp_mode": "catmullrom"
						},
						"1.3333": {
							"post": [0, 0, -9],
							"lerp_mode": "catmullrom"
						},
						"2.375": {
							"post": [0, 0, 0],
							"lerp_mode": "catmullrom"
						}
					},
					"position": {
						"0.0": {
							"post": [0, 0, 0],
							"lerp_mode": "catmullrom"
						},
						"1.25": {
							"post": [0, 0, 0],
							"lerp_mode": "catmullrom"
						},
						"1.3333": {
							"post": [-1.125, 0.8125, 0],
							"lerp_mode": "catmullrom"
						},
						"1.5": {
							"post": [0, 0, 0],
							"lerp_mode": "catmullrom"
						},
						"2.1667": {
							"post": [0, 0, 0],
							"lerp_mode": "catmullrom"
						},
						"2.375": {
							"post": [0, 0, 0],
							"lerp_mode": "catmullrom"
						}
					}
				},
				"righthand_pos": {
					"rotation": [90, 15, -180],
					"position": [1.80704, 0.625, 28.73965],
					"scale": [1, 1.5, 1]
				},
				"camera": {
					"rotation": {
						"0.0": {
							"post": [0, 0, 0],
							"lerp_mode": "catmullrom"
						},
						"0.2917": {
							"post": [0, 0, 0],
							"lerp_mode": "catmullrom"
						},
						"0.4167": {
							"post": [2.5, 0, 0],
							"lerp_mode": "catmullrom"
						},
						"0.4583": {
							"post": [2.5, 0, 0],
							"lerp_mode": "catmullrom"
						},
						"0.6667": {
							"post": [0, 0, 0],
							"lerp_mode": "catmullrom"
						},
						"0.8333": {
							"post": [0, 0, 2],
							"lerp_mode": "catmullrom"
						},
						"0.875": {
							"post": [0, 0, 2],
							"lerp_mode": "catmullrom"
						},
						"0.9583": {
							"post": [1, 0, 0],
							"lerp_mode": "catmullrom"
						},
						"1.125": {
							"post": [0, 0, 0],
							"lerp_mode": "catmullrom"
						},
						"1.2083": {
							"post": [0, 0, 0],
							"lerp_mode": "catmullrom"
						},
						"1.25": {
							"post": [0, 0, 0],
							"lerp_mode": "catmullrom"
						},
						"1.3333": {
							"post": [2.5, 0, 0],
							"lerp_mode": "catmullrom"
						},
						"1.5833": {
							"post": [0, 0, 0],
							"lerp_mode": "catmullrom"
						},
						"1.8333": {
							"post": [0, 0, 0],
							"lerp_mode": "catmullrom"
						},
						"1.9583": {
							"post": [-3, 0, 0],
							"lerp_mode": "catmullrom"
						},
						"2.0": {
							"post": [-3, 0, 0],
							"lerp_mode": "catmullrom"
						},
						"2.2083": {
							"post": [0, 0, 0],
							"lerp_mode": "catmullrom"
						}
					},
					"position": [0, 0, 0]
				},
				"lf": {
					"rotation": {
						"0.0": {
							"post": [30.47889, -13.13803, 144.19906],
							"lerp_mode": "catmullrom"
						},
						"0.25": {
							"post": [30.47889, -13.13803, 144.19906],
							"lerp_mode": "catmullrom"
						},
						"0.6667": {
							"post": [30.47889, -13.13803, 144.19906],
							"lerp_mode": "catmullrom"
						},
						"0.9583": {
							"post": [45.66174, -32.02185, 197.94722],
							"lerp_mode": "catmullrom"
						},
						"1.0833": [115.64551, -19.8632, 133.74142],
						"1.125": [124.1705, -14.42332, 138.91427],
						"1.2083": [119.31913, -20.30372, 153.98686],
						"1.5": {
							"pre": [30.47889, -13.13803, 144.19906],
							"post": [30.47889, -13.13803, 144.19906],
							"lerp_mode": "catmullrom"
						}
					},
					"position": {
						"0.0": {
							"post": [17.82002, 2.52492, 21.77],
							"lerp_mode": "catmullrom"
						},
						"0.25": {
							"post": [17.82002, 2.52492, 21.77],
							"lerp_mode": "catmullrom"
						},
						"0.6667": {
							"post": [17.82002, 2.52492, 21.77],
							"lerp_mode": "catmullrom"
						},
						"1.0": [16.04, -0.66, 21.89],
						"1.0833": [15.82, 1.52, 21.77],
						"1.125": [13.61, 1.42, 18.77],
						"1.2083": [9.86, 1.54, 18.77],
						"1.25": [7.94, 1.56, 18.82],
						"1.5": {
							"pre": [17.82002, 2.52492, 21.77],
							"post": [17.82002, 2.52492, 21.77],
							"lerp_mode": "catmullrom"
						}
					}
				}
			}
		},
		"reload_tactical": {
			"animation_length": 2.6667,
			"bones": {
				"QDD": {
					"rotation": {
						"0.0": {
							"post": [0, 0, 0],
							"lerp_mode": "catmullrom"
						},
						"0.3333": {
							"post": [0, 0, 0],
							"lerp_mode": "catmullrom"
						},
						"0.4167": {
							"post": [53, 0, 0],
							"lerp_mode": "catmullrom"
						},
						"1.8333": {
							"post": [53, 0, 0],
							"lerp_mode": "catmullrom"
						},
						"2.0": {
							"post": [0, 0, 0],
							"lerp_mode": "catmullrom"
						}
					}
				},
				"magazine": {
					"rotation": {
						"0.75": {
							"pre": [0, 0, 0],
							"post": [0, 0, 0],
							"lerp_mode": "catmullrom"
						},
						"0.7917": {
							"post": [0, 45.39, 0],
							"lerp_mode": "catmullrom"
						},
						"0.875": {
							"post": [0, 78.2, 0],
							"lerp_mode": "catmullrom"
						},
						"0.9583": {
							"post": [0, 57.46, 0],
							"lerp_mode": "catmullrom"
						},
						"1.125": {
							"post": [0, 0, 0],
							"lerp_mode": "catmullrom"
						},
						"1.25": {
							"post": [0, 0, 0],
							"lerp_mode": "catmullrom"
						}
					},
					"position": {
						"0.75": {
							"pre": [0, 0, 0],
							"post": [0, 0, 0],
							"lerp_mode": "catmullrom"
						},
						"0.8333": {
							"post": [12.2725, -0.58, 5.8175],
							"lerp_mode": "catmullrom"
						},
						"0.875": {
							"post": [24.98, -0.57, 5.68],
							"lerp_mode": "catmullrom"
						},
						"0.9583": {
							"post": [0.52, -7.4, 15.99],
							"lerp_mode": "catmullrom"
						},
						"1.0": {
							"post": [1.69, -7.38, 14.15],
							"lerp_mode": "catmullrom"
						},
						"1.125": {
							"post": [0, 0, 3],
							"lerp_mode": "catmullrom"
						},
						"1.25": {
							"post": [0, 0, 0],
							"lerp_mode": "catmullrom"
						}
					},
					"scale": {
						"0.8333": [1, 1, 1],
						"0.875": [0, 0, 0],
						"0.9583": [0, 0, 0],
						"1.0": [1, 1, 1]
					}
				},
				"lefthand_pos": {
					"scale": [1, 1.5, 1]
				},
				"righthand_and_gun": {
					"rotation": {
						"0.0": {
							"post": [0, 0, 0],
							"lerp_mode": "catmullrom"
						},
						"0.0833": {
							"post": [-10, 0, 0],
							"lerp_mode": "catmullrom"
						},
						"0.25": {
							"post": [-14, 0, 0],
							"lerp_mode": "catmullrom"
						},
						"0.3333": {
							"post": [26, 0, 0],
							"lerp_mode": "catmullrom"
						},
						"0.375": {
							"post": [26, 0, 0],
							"lerp_mode": "catmullrom"
						},
						"0.75": {
							"post": [28.87161, 29.45523, 112.35389],
							"lerp_mode": "catmullrom"
						},
						"0.875": {
							"post": [37.89311, 14.9318, 135.76331],
							"lerp_mode": "catmullrom"
						},
						"1.0833": {
							"post": [28.87161, 29.45523, 112.35389],
							"lerp_mode": "catmullrom"
						},
						"1.1667": {
							"post": [28.87161, 29.45523, 112.35389],
							"lerp_mode": "catmullrom"
						},
						"1.4167": {
							"post": [28.87161, 29.45523, 112.35389],
							"lerp_mode": "catmullrom"
						},
						"1.75": {
							"post": [26, 0, 0],
							"lerp_mode": "catmullrom"
						},
						"1.8333": {
							"post": [30, 0, 0],
							"lerp_mode": "catmullrom"
						},
						"1.9167": {
							"post": [-44, 0, 0],
							"lerp_mode": "catmullrom"
						},
						"2.0": {
							"post": [-52, 0, 0],
							"lerp_mode": "catmullrom"
						},
						"2.2083": {
							"post": [0, 0, 0],
							"lerp_mode": "catmullrom"
						},
						"2.5417": {
							"post": [0, 0, 0],
							"lerp_mode": "catmullrom"
						}
					},
					"position": {
						"0.0": {
							"post": [0, 0, 0],
							"lerp_mode": "catmullrom"
						},
						"0.0833": {
							"post": [0, 4.5625, 0],
							"lerp_mode": "catmullrom"
						},
						"0.25": {
							"post": [0, 5.3125, 0],
							"lerp_mode": "catmullrom"
						},
						"0.3333": {
							"post": [0, -6.1275, 0],
							"lerp_mode": "catmullrom"
						},
						"0.375": {
							"post": [0, -6.6275, -0.25],
							"lerp_mode": "catmullrom"
						},
						"0.5833": {
							"post": [-14.315, 2.5, 2.38],
							"lerp_mode": "catmullrom"
						},
						"0.75": {
							"post": [-15.375, 12.5575, 4.75],
							"lerp_mode": "catmullrom"
						},
						"0.875": {
							"post": [-15.37, 12.7475, 5.25],
							"lerp_mode": "catmullrom"
						},
						"1.0833": {
							"post": [-15.375, 12.5575, 4.75],
							"lerp_mode": "catmullrom"
						},
						"1.1667": {
							"post": [-15.375, 12.5575, 4.75],
							"lerp_mode": "catmullrom"
						},
						"1.4167": {
							"post": [-15.375, 12.5575, 4.75],
							"lerp_mode": "catmullrom"
						},
						"1.75": {
							"post": [0, -6.6275, -0.25],
							"lerp_mode": "catmullrom"
						},
						"1.8333": {
							"post": [0, -8.4425, -0.25],
							"lerp_mode": "catmullrom"
						},
						"1.9167": {
							"post": [0, 18.935, 1.8125],
							"lerp_mode": "catmullrom"
						},
						"2.0": {
							"post": [0, 21.19, 3.185],
							"lerp_mode": "catmullrom"
						},
						"2.2083": {
							"post": [0, 0, 0],
							"lerp_mode": "catmullrom"
						},
						"2.5417": {
							"post": [0, 0, 0],
							"lerp_mode": "catmullrom"
						}
					}
				},
				"root": {
					"rotation": {
						"0.0": {
							"post": [0, 0, 0],
							"lerp_mode": "catmullrom"
						},
						"1.25": {
							"post": [0, 0, 0],
							"lerp_mode": "catmullrom"
						},
						"1.3333": {
							"post": [0, 0, -9],
							"lerp_mode": "catmullrom"
						},
						"2.4167": {
							"post": [0, 0, 0],
							"lerp_mode": "catmullrom"
						}
					},
					"position": {
						"0.0": {
							"post": [0, 0, 0],
							"lerp_mode": "catmullrom"
						},
						"1.25": {
							"post": [0, 0, 0],
							"lerp_mode": "catmullrom"
						},
						"1.3333": {
							"post": [-1.125, 0.8125, 0],
							"lerp_mode": "catmullrom"
						},
						"1.5": {
							"post": [0, 0, 0],
							"lerp_mode": "catmullrom"
						},
						"2.1667": {
							"post": [0, 0, 0],
							"lerp_mode": "catmullrom"
						},
						"2.4167": {
							"post": [0, 0, 0],
							"lerp_mode": "catmullrom"
						}
					}
				},
				"righthand_pos": {
					"rotation": [90, 15, -180],
					"position": [1.80704, 0.625, 28.73965],
					"scale": [1, 1.5, 1]
				},
				"camera": {
					"rotation": {
						"0.0": {
							"post": [0, 0, 0],
							"lerp_mode": "catmullrom"
						},
						"0.2917": {
							"post": [0, 0, 0],
							"lerp_mode": "catmullrom"
						},
						"0.4167": {
							"post": [2.5, 0, 0],
							"lerp_mode": "catmullrom"
						},
						"0.4583": {
							"post": [2.5, 0, 0],
							"lerp_mode": "catmullrom"
						},
						"0.6667": {
							"post": [0, 0, 0],
							"lerp_mode": "catmullrom"
						},
						"0.8333": {
							"post": [0, 0, 2],
							"lerp_mode": "catmullrom"
						},
						"0.875": {
							"post": [0, 0, 2],
							"lerp_mode": "catmullrom"
						},
						"0.9583": {
							"post": [1, 0, 0],
							"lerp_mode": "catmullrom"
						},
						"1.125": {
							"post": [0, 0, 0],
							"lerp_mode": "catmullrom"
						},
						"1.2083": {
							"post": [0, 0, 0],
							"lerp_mode": "catmullrom"
						},
						"1.25": {
							"post": [0, 0, 0],
							"lerp_mode": "catmullrom"
						},
						"1.3333": {
							"post": [2.5, 0, 0],
							"lerp_mode": "catmullrom"
						},
						"1.5833": {
							"post": [0, 0, 0],
							"lerp_mode": "catmullrom"
						},
						"1.8333": {
							"post": [0, 0, 0],
							"lerp_mode": "catmullrom"
						},
						"1.9583": {
							"post": [-3, 0, 0],
							"lerp_mode": "catmullrom"
						},
						"2.0": {
							"post": [-3, 0, 0],
							"lerp_mode": "catmullrom"
						},
						"2.2083": {
							"post": [0, 0, 0],
							"lerp_mode": "catmullrom"
						}
					},
					"position": [0, 0, 0]
				},
				"lf": {
					"rotation": {
						"0.0": {
							"post": [30.47889, -13.13803, 144.19906],
							"lerp_mode": "catmullrom"
						},
						"0.25": {
							"post": [30.47889, -13.13803, 144.19906],
							"lerp_mode": "catmullrom"
						},
						"0.6667": {
							"post": [30.47889, -13.13803, 144.19906],
							"lerp_mode": "catmullrom"
						},
						"0.9583": {
							"post": [45.66174, -32.02185, 197.94722],
							"lerp_mode": "catmullrom"
						},
						"1.0833": [115.64551, -19.8632, 133.74142],
						"1.125": [124.1705, -14.42332, 138.91427],
						"1.2083": [119.31913, -20.30372, 153.98686],
						"1.5": {
							"pre": [30.47889, -13.13803, 144.19906],
							"post": [30.47889, -13.13803, 144.19906],
							"lerp_mode": "catmullrom"
						}
					},
					"position": {
						"0.0": {
							"post": [17.82002, 2.52492, 21.77],
							"lerp_mode": "catmullrom"
						},
						"0.25": {
							"post": [17.82002, 2.52492, 21.77],
							"lerp_mode": "catmullrom"
						},
						"0.6667": {
							"post": [17.82002, 2.52492, 21.77],
							"lerp_mode": "catmullrom"
						},
						"1.0": [16.04, -0.66, 21.89],
						"1.0833": [15.82, 1.52, 21.77],
						"1.125": [13.61, 1.42, 18.77],
						"1.2083": [9.86, 1.54, 18.77],
						"1.25": [7.94, 1.56, 18.82],
						"1.5": {
							"pre": [17.82002, 2.52492, 21.77],
							"post": [17.82002, 2.52492, 21.77],
							"lerp_mode": "catmullrom"
						}
					}
				}
			}
		},
		"put_away": {
			"animation_length": 0.5,
			"bones": {
				"root": {
					"rotation": {
						"0.0": {
							"post": [0, 0, 0],
							"lerp_mode": "catmullrom"
						},
						"0.0833": {
							"post": [18.5, 0, 0],
							"lerp_mode": "catmullrom"
						},
						"0.25": {
							"post": [-29, 0, 0],
							"lerp_mode": "catmullrom"
						},
						"0.4583": {
							"post": [34.5, 0, 0],
							"lerp_mode": "catmullrom"
						}
					},
					"position": {
						"0.0": {
							"post": [0, 0, 0],
							"lerp_mode": "catmullrom"
						},
						"0.0833": {
							"post": [-0.25, -0.5, -0.4375],
							"lerp_mode": "catmullrom"
						},
						"0.1667": {
							"post": [-1.84, -6.34, -2.43],
							"lerp_mode": "catmullrom"
						},
						"0.25": {
							"post": [-3.9, 0, -3],
							"lerp_mode": "catmullrom"
						},
						"0.5": {
							"post": [-3.9, -4, 8],
							"lerp_mode": "catmullrom"
						}
					}
				},
				"lefthand_pos": {
					"scale": 0
				},
				"righthand_pos": {
					"rotation": [90, 15, -180],
					"position": [1.80704, 0.625, 28.73965],
					"scale": [1, 1.5, 1]
				},
				"camera": {
					"rotation": {
						"0.0": [0, 0, 0],
						"0.0417": [0, 0, -0.1],
						"0.0833": [0, 0, -0.4],
						"0.125": [0, 0, -0.53],
						"0.1667": [0, 0, -0.58],
						"0.2083": [0, 0, -0.5],
						"0.25": [0, 0, -0.13],
						"0.2917": [0, 0, 0]
					}
				},
				"lf": {
					"rotation": {
						"0.0": {
							"post": [30.47889, -13.13803, 144.19906],
							"lerp_mode": "catmullrom"
						}
					},
					"position": {
						"0.0": {
							"post": [17.82002, 2.52492, 21.77],
							"lerp_mode": "catmullrom"
						}
					},
					"scale": 1
				},
				"bulldog": {
					"rotation": {
						"0.0": {
							"post": [0, 0, 0],
							"lerp_mode": "catmullrom"
						},
						"0.1667": {
							"post": [-64, 0, 0],
							"lerp_mode": "catmullrom"
						},
						"0.375": {
							"post": [-290.75, 0, 0],
							"lerp_mode": "catmullrom"
						},
						"0.4583": {
							"post": [-360, 0, 0],
							"lerp_mode": "catmullrom"
						}
					},
					"position": {
						"0.0": [0, 0, 0],
						"0.0833": {
							"pre": [0.75, 0, 0],
							"post": [0.75, 0, 0],
							"lerp_mode": "catmullrom"
						},
						"0.375": {
							"post": [0.75, 0, 0],
							"lerp_mode": "catmullrom"
						},
						"0.4583": [0, 0, 0]
					}
				}
			}
		},
		"static_idle": {
			"loop": true,
			"bones": {
				"root": {
					"rotation": [0, 0, 0],
					"position": [0, 0, 0]
				},
				"lefthand_pos": {
					"scale": [1, 1.5, 1]
				},
				"righthand_pos": {
					"rotation": [90, 15, -180],
					"position": [1.80704, 0.625, 28.73965],
					"scale": [1, 1.5, 1]
				},
				"constraint": {
					"rotation": [0.2, 0.2, 0.2],
					"position": [0.2, 0.2, 0.2]
				},
				"lf": {
					"rotation": [0, 0, 157.5],
					"position": [19, 0, 24]
				},
				"pickaxe": {
					"scale": 0
				}
			}
		},
		"melee_bayonet_1": {
			"loop": true,
			"animation_length": 0.9583,
			"bones": {
				"root": {
					"rotation": [0, 0, 0],
					"position": [0, 0, 0]
				},
				"lefthand_pos": {
					"scale": [1, 1.5, 1]
				},
				"righthand_pos": {
					"rotation": [90, 15, -180],
					"position": [1.80704, 0.625, 28.73965],
					"scale": [1, 1.5, 1]
				},
				"constraint": {
					"rotation": [0.2, 0.2, 0.2],
					"position": [0.2, 0.2, 0.2]
				},
				"lf": {
					"rotation": {
						"0.0": [5.34527, -14.76689, -182.66399],
						"0.0417": {
							"pre": [210.66963, 14.98539, -177.41193],
							"post": [210.66963, 14.98539, -177.41193],
							"lerp_mode": "catmullrom"
						},
						"0.125": {
							"post": [52.43273, -5.06514, -167.65982],
							"lerp_mode": "catmullrom"
						},
						"0.2917": {
							"post": [52.43273, -5.06514, -167.65982],
							"lerp_mode": "catmullrom"
						},
						"0.5417": {
							"post": [52.43273, -5.06514, -167.65982],
							"lerp_mode": "catmullrom"
						},
						"0.7917": {
							"post": [5.34527, -14.76689, -182.66399],
							"lerp_mode": "catmullrom"
						},
						"1.0": {
							"post": [5.34527, -14.76689, -182.66399],
							"lerp_mode": "catmullrom"
						}
					},
					"position": {
						"0.0": [11.75, 0, 15.75],
						"0.0417": {
							"pre": [18.29, -3.25, 4.67],
							"post": [18.29, -3.25, 4.67],
							"lerp_mode": "catmullrom"
						},
						"0.125": {
							"post": [14.35, 5.36, 24.89],
							"lerp_mode": "catmullrom"
						},
						"0.3333": {
							"post": [14.21, 5.07, 24.8],
							"lerp_mode": "catmullrom"
						},
						"0.5833": {
							"post": [14.21, 6.07, 24.8],
							"lerp_mode": "catmullrom"
						},
						"0.75": {
							"post": [11.75, 0, 15.75],
							"lerp_mode": "catmullrom"
						},
						"0.9583": {
							"post": [11.75, 0, 15.75],
							"lerp_mode": "catmullrom"
						}
					}
				},
				"righthand_and_gun": {
					"rotation": {
						"0.0": {
							"post": [0, 0, 0],
							"lerp_mode": "catmullrom"
						},
						"0.0833": {
							"post": [-17.06488, 10.58927, 30.90686],
							"lerp_mode": "catmullrom"
						},
						"0.4167": {
							"post": [-17.06488, 10.58927, 30.90686],
							"lerp_mode": "catmullrom"
						},
						"0.625": {
							"post": [0, 0, 0],
							"lerp_mode": "catmullrom"
						}
					},
					"position": {
						"0.0": {
							"post": [0, 0, 0],
							"lerp_mode": "catmullrom"
						},
						"0.0833": {
							"post": [-4, -1, 5],
							"lerp_mode": "catmullrom"
						},
						"0.4167": {
							"post": [-4, -1, 5],
							"lerp_mode": "catmullrom"
						},
						"0.625": {
							"post": [0, 0, 0],
							"lerp_mode": "catmullrom"
						}
					}
				},
				"camera": {
					"rotation": {
						"0.0": {
							"post": [0, 0, 0],
							"lerp_mode": "catmullrom"
						},
						"0.125": {
							"post": [-4.99527, 0.21782, 2.4905],
							"lerp_mode": "catmullrom"
						},
						"0.2083": {
							"post": [12.48848, -0.54094, 2.44081],
							"lerp_mode": "catmullrom"
						},
						"0.3333": {
							"post": [12.48848, -0.54094, 2.44081],
							"lerp_mode": "catmullrom"
						},
						"0.5": {
							"post": [0, 0, 0],
							"lerp_mode": "catmullrom"
						}
					},
					"position": {
						"0.0": {
							"post": [0, 0, 0],
							"lerp_mode": "catmullrom"
						}
					}
				},
				"pickaxe": {
					"rotation": {
						"0.0": [0, 0, 0],
						"0.0833": [0, 0, 0],
						"0.2083": [-22.5, 0, 0],
						"0.4167": [0, 0, 0],
						"0.625": [-90, 0, 0]
					},
					"scale": {
						"0.0": {
							"post": [1, 0.4, 1],
							"lerp_mode": "catmullrom"
						},
						"0.0833": [1, 1, 1],
						"0.625": [1, 1, 1],
						"0.6667": {
							"pre": [0, 0, 0],
							"post": [0, 0, 0],
							"lerp_mode": "catmullrom"
						}
					}
				}
			}
		},
		"melee_bayonet_2": {
			"loop": true,
			"animation_length": 0.9583,
			"bones": {
				"root": {
					"rotation": [0, 0, 0],
					"position": [0, 0, 0]
				},
				"lefthand_pos": {
					"scale": [1, 1.5, 1]
				},
				"righthand_pos": {
					"rotation": [90, 15, -180],
					"position": [1.80704, 0.625, 28.73965],
					"scale": [1, 1.5, 1]
				},
				"constraint": {
					"rotation": [0.2, 0.2, 0.2],
					"position": [0.2, 0.2, 0.2]
				},
				"lf": {
					"rotation": {
						"0.0": [5.34527, -14.76689, -182.66399],
						"0.0417": {
							"pre": [210.66963, 14.98539, -177.41193],
							"post": [210.66963, 14.98539, -177.41193],
							"lerp_mode": "catmullrom"
						},
						"0.125": {
							"post": [52.43273, -5.06514, -167.65982],
							"lerp_mode": "catmullrom"
						},
						"0.2917": {
							"post": [52.43273, -5.06514, -167.65982],
							"lerp_mode": "catmullrom"
						},
						"0.5417": {
							"post": [52.43273, -5.06514, -167.65982],
							"lerp_mode": "catmullrom"
						},
						"0.7917": {
							"post": [5.34527, -14.76689, -182.66399],
							"lerp_mode": "catmullrom"
						},
						"1.0": {
							"post": [5.34527, -14.76689, -182.66399],
							"lerp_mode": "catmullrom"
						}
					},
					"position": {
						"0.0": [11.75, 0, 15.75],
						"0.0417": {
							"pre": [18.29, -3.25, 4.67],
							"post": [18.29, -3.25, 4.67],
							"lerp_mode": "catmullrom"
						},
						"0.125": {
							"post": [14.35, 5.36, 24.89],
							"lerp_mode": "catmullrom"
						},
						"0.3333": {
							"post": [14.21, 5.07, 24.8],
							"lerp_mode": "catmullrom"
						},
						"0.5833": {
							"post": [14.21, 6.07, 24.8],
							"lerp_mode": "catmullrom"
						},
						"0.75": {
							"post": [11.75, 0, 15.75],
							"lerp_mode": "catmullrom"
						},
						"0.9583": {
							"post": [11.75, 0, 15.75],
							"lerp_mode": "catmullrom"
						}
					}
				},
				"righthand_and_gun": {
					"rotation": {
						"0.0": {
							"post": [0, 0, 0],
							"lerp_mode": "catmullrom"
						},
						"0.0833": {
							"post": [-17.06488, 10.58927, 30.90686],
							"lerp_mode": "catmullrom"
						},
						"0.4167": {
							"post": [-17.06488, 10.58927, 30.90686],
							"lerp_mode": "catmullrom"
						},
						"0.625": {
							"post": [0, 0, 0],
							"lerp_mode": "catmullrom"
						}
					},
					"position": {
						"0.0": {
							"post": [0, 0, 0],
							"lerp_mode": "catmullrom"
						},
						"0.0833": {
							"post": [-4, -1, 5],
							"lerp_mode": "catmullrom"
						},
						"0.4167": {
							"post": [-4, -1, 5],
							"lerp_mode": "catmullrom"
						},
						"0.625": {
							"post": [0, 0, 0],
							"lerp_mode": "catmullrom"
						}
					}
				},
				"camera": {
					"rotation": {
						"0.0": {
							"post": [0, 0, 0],
							"lerp_mode": "catmullrom"
						},
						"0.125": {
							"post": [-4.99527, 0.21782, 2.4905],
							"lerp_mode": "catmullrom"
						},
						"0.2083": {
							"post": [12.48848, -0.54094, 2.44081],
							"lerp_mode": "catmullrom"
						},
						"0.3333": {
							"post": [12.48848, -0.54094, 2.44081],
							"lerp_mode": "catmullrom"
						},
						"0.5": {
							"post": [0, 0, 0],
							"lerp_mode": "catmullrom"
						}
					},
					"position": {
						"0.0": {
							"post": [0, 0, 0],
							"lerp_mode": "catmullrom"
						}
					}
				},
				"pickaxe": {
					"rotation": {
						"0.0": [0, 0, 0],
						"0.0833": [0, 0, 0],
						"0.2083": [-22.5, 0, 0],
						"0.4167": [0, 0, 0],
						"0.625": [-90, 0, 0]
					},
					"scale": {
						"0.0": {
							"post": [1, 0.4, 1],
							"lerp_mode": "catmullrom"
						},
						"0.0833": [1, 1, 1],
						"0.625": [1, 1, 1],
						"0.6667": {
							"pre": [0, 0, 0],
							"post": [0, 0, 0],
							"lerp_mode": "catmullrom"
						}
					}
				}
			}
		},
		"melee_bayonet_3": {
			"loop": true,
			"animation_length": 0.9583,
			"bones": {
				"root": {
					"rotation": [0, 0, 0],
					"position": [0, 0, 0]
				},
				"lefthand_pos": {
					"scale": [1, 1.5, 1]
				},
				"righthand_pos": {
					"rotation": [90, 15, -180],
					"position": [1.80704, 0.625, 28.73965],
					"scale": [1, 1.5, 1]
				},
				"constraint": {
					"rotation": [0.2, 0.2, 0.2],
					"position": [0.2, 0.2, 0.2]
				},
				"lf": {
					"rotation": {
						"0.0": [5.34527, -14.76689, -182.66399],
						"0.0417": {
							"pre": [210.66963, 14.98539, -177.41193],
							"post": [210.66963, 14.98539, -177.41193],
							"lerp_mode": "catmullrom"
						},
						"0.125": {
							"post": [52.43273, -5.06514, -167.65982],
							"lerp_mode": "catmullrom"
						},
						"0.2917": {
							"post": [52.43273, -5.06514, -167.65982],
							"lerp_mode": "catmullrom"
						},
						"0.5417": {
							"post": [52.43273, -5.06514, -167.65982],
							"lerp_mode": "catmullrom"
						},
						"0.7917": {
							"post": [5.34527, -14.76689, -182.66399],
							"lerp_mode": "catmullrom"
						},
						"1.0": {
							"post": [5.34527, -14.76689, -182.66399],
							"lerp_mode": "catmullrom"
						}
					},
					"position": {
						"0.0": [11.75, 0, 15.75],
						"0.0417": {
							"pre": [18.29, -3.25, 4.67],
							"post": [18.29, -3.25, 4.67],
							"lerp_mode": "catmullrom"
						},
						"0.125": {
							"post": [14.35, 5.36, 24.89],
							"lerp_mode": "catmullrom"
						},
						"0.3333": {
							"post": [14.21, 5.07, 24.8],
							"lerp_mode": "catmullrom"
						},
						"0.5833": {
							"post": [14.21, 6.07, 24.8],
							"lerp_mode": "catmullrom"
						},
						"0.75": {
							"post": [11.75, 0, 15.75],
							"lerp_mode": "catmullrom"
						},
						"0.9583": {
							"post": [11.75, 0, 15.75],
							"lerp_mode": "catmullrom"
						}
					}
				},
				"righthand_and_gun": {
					"rotation": {
						"0.0": {
							"post": [0, 0, 0],
							"lerp_mode": "catmullrom"
						},
						"0.0833": {
							"post": [-17.06488, 10.58927, 30.90686],
							"lerp_mode": "catmullrom"
						},
						"0.4167": {
							"post": [-17.06488, 10.58927, 30.90686],
							"lerp_mode": "catmullrom"
						},
						"0.625": {
							"post": [0, 0, 0],
							"lerp_mode": "catmullrom"
						}
					},
					"position": {
						"0.0": {
							"post": [0, 0, 0],
							"lerp_mode": "catmullrom"
						},
						"0.0833": {
							"post": [-4, -1, 5],
							"lerp_mode": "catmullrom"
						},
						"0.4167": {
							"post": [-4, -1, 5],
							"lerp_mode": "catmullrom"
						},
						"0.625": {
							"post": [0, 0, 0],
							"lerp_mode": "catmullrom"
						}
					}
				},
				"camera": {
					"rotation": {
						"0.0": {
							"post": [0, 0, 0],
							"lerp_mode": "catmullrom"
						},
						"0.125": {
							"post": [-4.99527, 0.21782, 2.4905],
							"lerp_mode": "catmullrom"
						},
						"0.2083": {
							"post": [12.48848, -0.54094, 2.44081],
							"lerp_mode": "catmullrom"
						},
						"0.3333": {
							"post": [12.48848, -0.54094, 2.44081],
							"lerp_mode": "catmullrom"
						},
						"0.5": {
							"post": [0, 0, 0],
							"lerp_mode": "catmullrom"
						}
					},
					"position": {
						"0.0": {
							"post": [0, 0, 0],
							"lerp_mode": "catmullrom"
						}
					}
				},
				"pickaxe": {
					"rotation": {
						"0.0": [0, 0, 0],
						"0.0833": [0, 0, 0],
						"0.2083": [-22.5, 0, 0],
						"0.4167": [0, 0, 0],
						"0.625": [-90, 0, 0]
					},
					"scale": {
						"0.0": {
							"post": [1, 0.4, 1],
							"lerp_mode": "catmullrom"
						},
						"0.0833": [1, 1, 1],
						"0.625": [1, 1, 1],
						"0.6667": {
							"pre": [0, 0, 0],
							"post": [0, 0, 0],
							"lerp_mode": "catmullrom"
						}
					}
				}
			}
		},
		"inspect": {
			"loop": true,
			"animation_length": 4.5417,
			"bones": {
				"root": {
					"rotation": {
						"0.0": {
							"post": [0, 0, 0],
							"lerp_mode": "catmullrom"
						},
						"0.2083": {
							"post": [-15.30902, -2.26482, -10.8535],
							"lerp_mode": "catmullrom"
						},
						"0.2917": {
							"post": [-19.87196, -3.17785, -17.95906],
							"lerp_mode": "catmullrom"
						},
						"0.4167": {
							"post": [-21.02, -3.65, -14.43],
							"lerp_mode": "catmullrom"
						},
						"0.5": {
							"post": [-22.61825, -4.52968, -16.70733],
							"lerp_mode": "catmullrom"
						},
						"0.6667": {
							"post": [-22.75, -4.41, -17.665],
							"lerp_mode": "catmullrom"
						},
						"0.8333": {
							"post": [-22.62, -4.53, -17.96],
							"lerp_mode": "catmullrom"
						},
						"1.0417": {
							"post": [-21.83419, -7.56045, -25.65573],
							"lerp_mode": "catmullrom"
						},
						"1.25": {
							"post": [-21.78, -7.76, -26.34],
							"lerp_mode": "catmullrom"
						},
						"1.5": {
							"post": [-21.78, -7.74, -26.81],
							"lerp_mode": "catmullrom"
						},
						"1.7083": {
							"post": [-21.8, -7.68, -27.385],
							"lerp_mode": "catmullrom"
						},
						"2.0": {
							"post": [-21.83419, -7.56045, -25.65573],
							"lerp_mode": "catmullrom"
						},
						"2.0833": {
							"post": [-21.83419, -7.56045, -14.65573],
							"lerp_mode": "catmullrom"
						},
						"2.2917": {
							"post": [-24.9445, 7.90002, 43.15984],
							"lerp_mode": "catmullrom"
						},
						"2.4167": {
							"post": [-24.9445, 7.90002, 59.65984],
							"lerp_mode": "catmullrom"
						},
						"2.5417": {
							"post": [-24.95, 7.88, 61.47],
							"lerp_mode": "catmullrom"
						},
						"2.6667": {
							"post": [-24.96, 7.86, 60.99],
							"lerp_mode": "catmullrom"
						},
						"2.9167": {
							"post": [-25, 7.75, 61.77],
							"lerp_mode": "catmullrom"
						},
						"3.1667": {
							"post": [-24.9445, 7.90002, 61.65984],
							"lerp_mode": "catmullrom"
						},
						"3.3333": {
							"post": [-24.22873, 9.9815, 70.7622],
							"lerp_mode": "catmullrom"
						},
						"3.5833": {
							"post": [-24.16, 10.35, 71.62],
							"lerp_mode": "catmullrom"
						},
						"3.8333": {
							"post": [-23.86, 10.06, 70.09],
							"lerp_mode": "catmullrom"
						},
						"4.0": {
							"post": [-21.22873, 8.4815, 60.2622],
							"lerp_mode": "catmullrom"
						},
						"4.1667": {
							"post": [-2.67436, -2.84081, 26.11685],
							"lerp_mode": "catmullrom"
						},
						"4.2917": {
							"post": [2.37, -2.9, 0.4],
							"lerp_mode": "catmullrom"
						},
						"4.4167": {
							"post": [0, 0, 1.25],
							"lerp_mode": "catmullrom"
						},
						"4.5": {
							"post": [0, 0, 0.5],
							"lerp_mode": "catmullrom"
						},
						"4.5833": {
							"post": [0, 0, 0],
							"lerp_mode": "catmullrom"
						}
					},
					"position": {
						"0.0": {
							"post": [0, 0, 0],
							"lerp_mode": "catmullrom"
						},
						"0.2083": {
							"post": [0.34, 0.6, -1.65],
							"lerp_mode": "catmullrom"
						},
						"0.2917": {
							"post": [0.67385, 0.3, -0.8],
							"lerp_mode": "catmullrom"
						},
						"0.4583": {
							"post": [0.67385, 0.4, -1],
							"lerp_mode": "catmullrom"
						},
						"2.0417": {
							"post": [0.67385, 0.39886, -0.7],
							"lerp_mode": "catmullrom"
						},
						"2.4167": {
							"post": [-1.07086, -0.3546, -1.4],
							"lerp_mode": "catmullrom"
						},
						"3.9583": {
							"post": [-1.07086, -0.3546, -1.4],
							"lerp_mode": "catmullrom"
						},
						"4.2917": {
							"post": [0, -0.3, -0.7],
							"lerp_mode": "catmullrom"
						},
						"4.4583": {
							"post": [0.1, 0, 0.3],
							"lerp_mode": "catmullrom"
						},
						"4.5417": {
							"post": [0, 0, 0],
							"lerp_mode": "catmullrom"
						}
					}
				},
				"lefthand_pos": {
					"scale": 0
				},
				"righthand_pos": {
					"rotation": [90, 15, -180],
					"position": [1.80704, 0.625, 28.73965],
					"scale": [1, 1.5, 1]
				},
				"constraint": {
					"rotation": [0.2, 0.2, 0.2],
					"position": [0.2, 0.2, 0.2]
				},
				"lf": {
					"rotation": {
						"0.0": {
							"post": [30.47889, -13.13803, 144.19906],
							"lerp_mode": "catmullrom"
						}
					},
					"position": {
						"0.0": {
							"post": [17.82002, 2.52492, 21.77],
							"lerp_mode": "catmullrom"
						}
					}
				}
			},
			"sound_effects": {
				"0.0": {
					"effect": "deep_rock_galactic:bulldog/move3"
				},
				"1.9583": {
					"effect": "deep_rock_galactic:bulldog/move3"
				},
				"4.0": {
					"effect": "deep_rock_galactic:bulldog/move3"
				}
			}
		},
		"inspect_empty": {
			"loop": true,
			"animation_length": 4.5417,
			"bones": {
				"root": {
					"rotation": {
						"0.0": {
							"post": [0, 0, 0],
							"lerp_mode": "catmullrom"
						},
						"0.2083": {
							"post": [-15.30902, -2.26482, -10.8535],
							"lerp_mode": "catmullrom"
						},
						"0.2917": {
							"post": [-19.87196, -3.17785, -17.95906],
							"lerp_mode": "catmullrom"
						},
						"0.4167": {
							"post": [-21.02, -3.65, -14.43],
							"lerp_mode": "catmullrom"
						},
						"0.5": {
							"post": [-22.61825, -4.52968, -16.70733],
							"lerp_mode": "catmullrom"
						},
						"0.6667": {
							"post": [-22.75, -4.41, -17.665],
							"lerp_mode": "catmullrom"
						},
						"0.8333": {
							"post": [-22.62, -4.53, -17.96],
							"lerp_mode": "catmullrom"
						},
						"1.0417": {
							"post": [-21.83419, -7.56045, -25.65573],
							"lerp_mode": "catmullrom"
						},
						"1.25": {
							"post": [-21.78, -7.76, -26.34],
							"lerp_mode": "catmullrom"
						},
						"1.5": {
							"post": [-21.78, -7.74, -26.81],
							"lerp_mode": "catmullrom"
						},
						"1.7083": {
							"post": [-21.8, -7.68, -27.385],
							"lerp_mode": "catmullrom"
						},
						"2.0": {
							"post": [-21.83419, -7.56045, -25.65573],
							"lerp_mode": "catmullrom"
						},
						"2.0833": {
							"post": [-21.83419, -7.56045, -14.65573],
							"lerp_mode": "catmullrom"
						},
						"2.2917": {
							"post": [-24.9445, 7.90002, 43.15984],
							"lerp_mode": "catmullrom"
						},
						"2.4167": {
							"post": [-24.9445, 7.90002, 59.65984],
							"lerp_mode": "catmullrom"
						},
						"2.5417": {
							"post": [-24.95, 7.88, 61.47],
							"lerp_mode": "catmullrom"
						},
						"2.6667": {
							"post": [-24.96, 7.86, 60.99],
							"lerp_mode": "catmullrom"
						},
						"2.9167": {
							"post": [-25, 7.75, 61.77],
							"lerp_mode": "catmullrom"
						},
						"3.1667": {
							"post": [-24.9445, 7.90002, 61.65984],
							"lerp_mode": "catmullrom"
						},
						"3.3333": {
							"post": [-24.22873, 9.9815, 70.7622],
							"lerp_mode": "catmullrom"
						},
						"3.5833": {
							"post": [-24.16, 10.35, 71.62],
							"lerp_mode": "catmullrom"
						},
						"3.8333": {
							"post": [-23.86, 10.06, 70.09],
							"lerp_mode": "catmullrom"
						},
						"4.0": {
							"post": [-21.22873, 8.4815, 60.2622],
							"lerp_mode": "catmullrom"
						},
						"4.1667": {
							"post": [-2.67436, -2.84081, 26.11685],
							"lerp_mode": "catmullrom"
						},
						"4.2917": {
							"post": [2.37, -2.9, 0.4],
							"lerp_mode": "catmullrom"
						},
						"4.4167": {
							"post": [0, 0, 1.25],
							"lerp_mode": "catmullrom"
						},
						"4.5": {
							"post": [0, 0, 0.5],
							"lerp_mode": "catmullrom"
						},
						"4.5833": {
							"post": [0, 0, 0],
							"lerp_mode": "catmullrom"
						}
					},
					"position": {
						"0.0": {
							"post": [0, 0, 0],
							"lerp_mode": "catmullrom"
						},
						"0.2083": {
							"post": [0.34, 0.6, -1.65],
							"lerp_mode": "catmullrom"
						},
						"0.2917": {
							"post": [0.67385, 0.3, -0.8],
							"lerp_mode": "catmullrom"
						},
						"0.4583": {
							"post": [0.67385, 0.4, -1],
							"lerp_mode": "catmullrom"
						},
						"2.0417": {
							"post": [0.67385, 0.39886, -0.7],
							"lerp_mode": "catmullrom"
						},
						"2.4167": {
							"post": [-1.07086, -0.3546, -1.4],
							"lerp_mode": "catmullrom"
						},
						"3.9583": {
							"post": [-1.07086, -0.3546, -1.4],
							"lerp_mode": "catmullrom"
						},
						"4.2917": {
							"post": [0, -0.3, -0.7],
							"lerp_mode": "catmullrom"
						},
						"4.4583": {
							"post": [0.1, 0, 0.3],
							"lerp_mode": "catmullrom"
						},
						"4.5417": {
							"post": [0, 0, 0],
							"lerp_mode": "catmullrom"
						}
					}
				},
				"lefthand_pos": {
					"scale": 0
				},
				"righthand_pos": {
					"rotation": [90, 15, -180],
					"position": [1.80704, 0.625, 28.73965],
					"scale": [1, 1.5, 1]
				},
				"constraint": {
					"rotation": [0.2, 0.2, 0.2],
					"position": [0.2, 0.2, 0.2]
				},
				"lf": {
					"rotation": {
						"0.0": {
							"post": [30.47889, -13.13803, 144.19906],
							"lerp_mode": "catmullrom"
						}
					},
					"position": {
						"0.0": {
							"post": [17.82002, 2.52492, 21.77],
							"lerp_mode": "catmullrom"
						}
					}
				}
			},
			"sound_effects": {
				"0.0": {
					"effect": "deep_rock_galactic:bulldog/move3"
				},
				"1.9583": {
					"effect": "deep_rock_galactic:bulldog/move3"
				},
				"4.0": {
					"effect": "deep_rock_galactic:bulldog/move3"
				}
			}
		},
		"draw": {
			"loop": true,
			"animation_length": 0.9583,
			"bones": {
				"root": {
					"rotation": {
						"0.0": {
							"post": [25.0095, 0.21782, 56.49527],
							"lerp_mode": "catmullrom"
						},
						"0.125": {
							"post": [27.14233, 4.59902, 68.61073],
							"lerp_mode": "catmullrom"
						},
						"0.1667": {
							"post": [-48.18952, 22.70133, 89.01728],
							"lerp_mode": "catmullrom"
						},
						"0.2917": {
							"post": [-28.62016, 6.776, 72.24427],
							"lerp_mode": "catmullrom"
						},
						"0.375": {
							"post": [-17.22115, -17.8653, 37.97217],
							"lerp_mode": "catmullrom"
						},
						"0.5833": {
							"post": [-4.18043, 4.48761, 7.6043],
							"lerp_mode": "catmullrom"
						},
						"0.7083": {
							"post": [1.5307, 5.03787, -0.80999],
							"lerp_mode": "catmullrom"
						},
						"0.7917": {
							"post": [1.52479, 0.03965, -0.94339],
							"lerp_mode": "catmullrom"
						},
						"1.0417": {
							"post": [0, 0, 0],
							"lerp_mode": "catmullrom"
						}
					},
					"position": {
						"0.0": {
							"post": [-9, -6, 17],
							"lerp_mode": "catmullrom"
						},
						"0.0833": {
							"post": [-9, -2, 1],
							"lerp_mode": "catmullrom"
						},
						"0.1667": {
							"post": [0.74, -1.33, -2.13],
							"lerp_mode": "catmullrom"
						},
						"0.2917": {
							"post": [7, 2, -2],
							"lerp_mode": "catmullrom"
						},
						"0.4167": {
							"post": [3.8, 1.26, 3.91],
							"lerp_mode": "catmullrom"
						},
						"0.625": {
							"post": [0.4125, 0.4, 1.625],
							"lerp_mode": "catmullrom"
						},
						"0.7917": {
							"post": [-0.1, -0.1, 0.225],
							"lerp_mode": "catmullrom"
						},
						"0.9583": {
							"post": [0, 0, 0],
							"lerp_mode": "catmullrom"
						}
					}
				},
				"lefthand_pos": {
					"rotation": {
						"0.0": {
							"post": [30.47889, -13.13803, 144.19906],
							"lerp_mode": "catmullrom"
						}
					},
					"position": {
						"0.0": {
							"post": [17.82002, 2.52492, 21.77],
							"lerp_mode": "catmullrom"
						}
					},
					"scale": 0
				},
				"righthand_pos": {
					"rotation": [90, 15, -180],
					"position": [1.80704, 0.625, 28.73965],
					"scale": [1, 1.5, 1]
				},
				"constraint": {
					"rotation": [0.2, 0.2, 0.2],
					"position": [0.2, 0.2, 0.2]
				},
				"bulldog": {
					"rotation": {
						"0.0417": [0, 0, 0],
						"0.2083": {
							"pre": [-53, 0, 0],
							"post": [-53, 0, 0],
							"lerp_mode": "catmullrom"
						},
						"0.3333": {
							"post": [-316, 0, 0],
							"lerp_mode": "catmullrom"
						},
						"0.4583": [-360, 0, 0]
					},
					"position": {
						"0.0": [0, 0, 0],
						"0.125": [1, 0, 0],
						"0.375": [1, 0, 0],
						"0.5": [0, 0, 0]
					}
				}
			}
		},
		"shoot": {
			"animation_length": 0.5833,
			"bones": {
				"root": {
					"rotation": {
						"0.0": {
							"post": [0, 0, 0],
							"lerp_mode": "catmullrom"
						},
						"0.0417": {
							"post": [-9.7, 1.58, 7.6225],
							"lerp_mode": "catmullrom"
						},
						"0.0833": {
							"post": [-50.17062, 1.47, 0.98],
							"lerp_mode": "catmullrom"
						},
						"0.125": {
							"post": [-54.26125, -6.14187, -7.12187],
							"lerp_mode": "catmullrom"
						},
						"0.1667": {
							"post": [-56.83937, -4.54687, -4.83562],
							"lerp_mode": "catmullrom"
						},
						"0.2083": {
							"post": [-54.26125, -6.14187, -7.12187],
							"lerp_mode": "catmullrom"
						},
						"0.25": {
							"post": [-45.61, -5.31687, -6.16875],
							"lerp_mode": "catmullrom"
						},
						"0.3333": {
							"post": [-25.68312, -3.68, -4.27],
							"lerp_mode": "catmullrom"
						},
						"0.375": {
							"post": [-7.60937, 0, 0],
							"lerp_mode": "catmullrom"
						},
						"0.4167": {
							"post": [-0.25, -0.1, 1.22],
							"lerp_mode": "catmullrom"
						},
						"0.5": {
							"post": [0.46938, -0.33375, 1.14125],
							"lerp_mode": "catmullrom"
						},
						"0.5417": {
							"post": [0, 0, 0],
							"lerp_mode": "catmullrom"
						},
						"0.5833": {
							"post": [0, 0, 0],
							"lerp_mode": "catmullrom"
						}
					},
					"position": {
						"0.0": {
							"post": [0, 0, 0],
							"lerp_mode": "catmullrom"
						},
						"0.0417": {
							"post": [-0.31812, 0.04, 1.3925],
							"lerp_mode": "catmullrom"
						},
						"0.0833": {
							"post": [-1.06313, 2.125, 1.57813],
							"lerp_mode": "catmullrom"
						},
						"0.125": {
							"post": [-1.22375, 2.40125, 1.30062],
							"lerp_mode": "catmullrom"
						},
						"0.1667": {
							"post": [-1.35312, 2.58938, 1.16875],
							"lerp_mode": "catmullrom"
						},
						"0.25": {
							"post": [-1.17687, 2.26063, 1.12875],
							"lerp_mode": "catmullrom"
						},
						"0.2917": {
							"post": [-0.91687, 1.07, 0.7225],
							"lerp_mode": "catmullrom"
						},
						"0.3333": {
							"post": [-0.57312, 0.21, -0.06],
							"lerp_mode": "catmullrom"
						},
						"0.375": {
							"post": [-0.10937, -0.09375, -0.23437],
							"lerp_mode": "catmullrom"
						},
						"0.4167": {
							"post": [0.055, -0.2, -0.35],
							"lerp_mode": "catmullrom"
						},
						"0.5": {
							"post": [0.0675, -0.14687, -0.1975],
							"lerp_mode": "catmullrom"
						},
						"0.5417": {
							"post": [0.06313, 0.035, 0.11125],
							"lerp_mode": "catmullrom"
						},
						"0.5833": {
							"post": [-0.0325, 0.03, -0.025],
							"lerp_mode": "catmullrom"
						},
						"0.625": {
							"post": [0, 0, 0],
							"lerp_mode": "catmullrom"
						}
					}
				},
				"magazine": {
					"rotation": {
						"0.0": {
							"post": [0, 0, 0],
							"lerp_mode": "catmullrom"
						},
						"0.125": {
							"post": [0, 0, 250],
							"lerp_mode": "catmullrom"
						},
						"0.5": {
							"post": [0, 0, 360],
							"lerp_mode": "catmullrom"
						}
					}
				},
				"QJ": {
					"rotation": {
						"0.0": [0, 0, 0],
						"0.0417": [-52, 0, 0],
						"0.0833": [0, 0, 0]
					}
				},
				"camera": {
					"rotation": {
						"0.0": [0, 0, 0],
						"0.0417": [0, 0, 3.15],
						"0.0833": [0, 0, 1.94],
						"0.125": [0, 0, -0.96],
						"0.1667": [0, 0, 0.6],
						"0.2083": [0, 0, -0.32],
						"0.25": [0, 0, 0]
					}
				}
			}
		},
		"run": {
			"animation_length": 0.7917,
			"bones": {
				"root": {
					"rotation": {
						"0.0": {
							"post": [-68.73, -5.5, -3.14],
							"lerp_mode": "catmullrom"
						},
						"0.0833": {
							"post": [-69.36, -9.11, -3.81],
							"lerp_mode": "catmullrom"
						},
						"0.1667": {
							"post": [-69.45, -10.1, -3.75],
							"lerp_mode": "catmullrom"
						},
						"0.2917": {
							"post": [-67.68, -8.15, -1.7],
							"lerp_mode": "catmullrom"
						},
						"0.4167": {
							"post": [-70.77, -9.63, -3.74],
							"lerp_mode": "catmullrom"
						},
						"0.5833": {
							"post": [-69.68, -1.04, -1.42],
							"lerp_mode": "catmullrom"
						},
						"0.6667": {
							"post": [-68.98, 0.57, -0.8],
							"lerp_mode": "catmullrom"
						},
						"0.7917": {
							"post": [-68.73, -5.5, -3.14],
							"lerp_mode": "catmullrom"
						}
					},
					"position": {
						"0.0": {
							"post": [-3.64, -0.38, -0.64],
							"lerp_mode": "catmullrom"
						},
						"0.0833": {
							"post": [-3.66, -0.87, -0.64],
							"lerp_mode": "catmullrom"
						},
						"0.2083": {
							"post": [-3.64, -1.38, -0.64],
							"lerp_mode": "catmullrom"
						},
						"0.3333": {
							"post": [-3.19, -0.39, -0.64],
							"lerp_mode": "catmullrom"
						},
						"0.4167": {
							"post": [-3.14, -0.23, -0.64],
							"lerp_mode": "catmullrom"
						},
						"0.5417": {
							"post": [-3.74, -1.42, -0.64],
							"lerp_mode": "catmullrom"
						},
						"0.6667": {
							"post": [-3.89, -1.46, -0.64],
							"lerp_mode": "catmullrom"
						},
						"0.7917": {
							"post": [-3.64, -0.38, -0.64],
							"lerp_mode": "catmullrom"
						}
					}
				},
				"lefthand_pos": {
					"scale": 0
				}
			}
		},
		"run_start": {
			"animation_length": 0.4167,
			"bones": {
				"root": {
					"rotation": {
						"0.0": {
							"post": [0, 0, 0],
							"lerp_mode": "catmullrom"
						},
						"0.0417": {
							"post": [5.79, -1.19, 9.23],
							"lerp_mode": "catmullrom"
						},
						"0.125": {
							"post": [1.73, -2.05, 11.57],
							"lerp_mode": "catmullrom"
						},
						"0.25": {
							"post": [-59.98, -5.5, -3.14],
							"lerp_mode": "catmullrom"
						},
						"0.4167": {
							"post": [-68.73, -5.5, -3.14],
							"lerp_mode": "catmullrom"
						}
					},
					"position": {
						"0.0": {
							"post": [0, 0, 0],
							"lerp_mode": "catmullrom"
						},
						"0.0417": {
							"post": [0.17, -1.58, -0.79],
							"lerp_mode": "catmullrom"
						},
						"0.125": {
							"post": [-0.09, -2.83, -1.45],
							"lerp_mode": "catmullrom"
						},
						"0.1667": {
							"post": [-1.13, -2.25, -1.28],
							"lerp_mode": "catmullrom"
						},
						"0.2083": {
							"post": [-2.54, -1.06, -0.83],
							"lerp_mode": "catmullrom"
						},
						"0.25": {
							"post": [-3.57, -0.3775, -0.51],
							"lerp_mode": "catmullrom"
						},
						"0.3333": {
							"post": [-3.83, -0.1025, -0.47],
							"lerp_mode": "catmullrom"
						},
						"0.4167": {
							"post": [-3.64, -0.38, -0.64],
							"lerp_mode": "catmullrom"
						}
					}
				},
				"lefthand_pos": {
					"scale": 0
				}
			}
		},
		"run_end": {
			"animation_length": 0.6667,
			"bones": {
				"root": {
					"rotation": {
						"0.0": {
							"post": [-68.73, -5.5, -3.14],
							"lerp_mode": "catmullrom"
						},
						"0.0833": {
							"post": [-36.44, -2.32, 5.59],
							"lerp_mode": "catmullrom"
						},
						"0.2083": {
							"post": [-3.66, 0.81, 12.47],
							"lerp_mode": "catmullrom"
						},
						"0.2917": {
							"post": [2.4, 1, 5.92],
							"lerp_mode": "catmullrom"
						},
						"0.3333": {
							"post": [1.03, 0.62, 0.91],
							"lerp_mode": "catmullrom"
						},
						"0.4167": {
							"post": [0.28, 0.35, -2.3],
							"lerp_mode": "catmullrom"
						},
						"0.5": {
							"post": [0.23, 0.09, -1.23],
							"lerp_mode": "catmullrom"
						},
						"0.5833": {
							"post": [-0.02, -0.02, 0.14],
							"lerp_mode": "catmullrom"
						},
						"0.6667": {
							"post": [0, 0, 0],
							"lerp_mode": "catmullrom"
						}
					},
					"position": {
						"0.0": {
							"post": [-3.64, -0.38, -0.64],
							"lerp_mode": "catmullrom"
						},
						"0.0833": {
							"post": [-1.47, -2.08, -1.96],
							"lerp_mode": "catmullrom"
						},
						"0.1667": {
							"post": [-0.5, -2.5, -2.25],
							"lerp_mode": "catmullrom"
						},
						"0.2083": {
							"post": [-0.17, -2.06, -1.84],
							"lerp_mode": "catmullrom"
						},
						"0.2917": {
							"post": [-0.01, -0.24, -0.23],
							"lerp_mode": "catmullrom"
						},
						"0.3333": {
							"post": [0.02, 0.37, 0.3],
							"lerp_mode": "catmullrom"
						},
						"0.4167": {
							"post": [0.06, 0.47, 0.4],
							"lerp_mode": "catmullrom"
						},
						"0.4583": {
							"post": [0.05, 0.22, 0.18],
							"lerp_mode": "catmullrom"
						},
						"0.5417": {
							"post": [0.02, -0.02, -0.03],
							"lerp_mode": "catmullrom"
						},
						"0.6667": {
							"post": [0, 0, 0],
							"lerp_mode": "catmullrom"
						}
					}
				},
				"lefthand_pos": {
					"scale": 0
				}
			}
		},
		"run_hold": {
			"loop": true,
			"bones": {
				"root": {
					"rotation": [-68.73314, -5.50468, -3.14473],
					"position": [-3.64, -0.38, -0.64]
				},
				"lefthand_pos": {
					"scale": 0
				}
			}
		}
	}
}