{
	"format_version": "1.8.0",
	"animations": {
		"static_idle": {
			"loop": true,
			"animation_length": 10,
			"bones": {
				"root": {
					"rotation": {
						"0.0": {
							"post": [0, 0, 0],
							"lerp_mode": "catmullrom"
						},
						"4.6667": {
							"post": [0, 0, 0],
							"lerp_mode": "catmullrom"
						},
						"4.875": {
							"post": [0, 0, -5],
							"lerp_mode": "catmullrom"
						},
						"5.0833": {
							"post": [0, 0, 2.5],
							"lerp_mode": "catmullrom"
						},
						"5.25": {
							"post": [0, 0, -5],
							"lerp_mode": "catmullrom"
						},
						"5.4583": {
							"post": [0, 0, 0],
							"lerp_mode": "catmullrom"
						},
						"9.9583": {
							"post": [0, 0, 0],
							"lerp_mode": "catmullrom"
						}
					},
					"position": {
						"0.0": {
							"post": [0, 0, 0],
							"lerp_mode": "catmullrom"
						},
						"4.6667": {
							"post": [0, 0, 0],
							"lerp_mode": "catmullrom"
						}
					}
				},
				"rh": {
					"rotation": [79.84892, 9.84655, 175.74622],
					"position": [-11, -8.25, 2]
				},
				"lefthand_pos": {
					"scale": [1, 1.5, 1]
				},
				"doreda": {
					"rotation": [165, -20, -180],
					"position": [-0.25, -2, 1]
				},
				"lf": {
					"rotation": [69.57362, -14.63639, 183.31914],
					"position": [12, -9.5, 3]
				},
				"righthand_pos": {
					"scale": [1, 1.5, 1]
				}
			}
		},
		"put_away": {
			"loop": true,
			"animation_length": 1,
			"bones": {
				"root": {
					"rotation": {
						"0.0833": {
							"pre": [0, 0, 0],
							"post": [0, 0, 0],
							"lerp_mode": "catmullrom"
						},
						"0.4583": {
							"post": [0, 0, 0],
							"lerp_mode": "catmullrom"
						},
						"0.8333": {
							"post": [67.5, 0, 0],
							"lerp_mode": "catmullrom"
						}
					},
					"position": {
						"0.0": {
							"post": [0, 0, 0],
							"lerp_mode": "catmullrom"
						},
						"0.375": {
							"post": [0, 0, 0],
							"lerp_mode": "catmullrom"
						},
						"0.75": {
							"post": [0, -11, 9],
							"lerp_mode": "catmullrom"
						}
					}
				},
				"rh": {
					"rotation": [79.84892, 9.84655, 175.74622],
					"position": [-11, -8.25, 2]
				},
				"lefthand_pos": {
					"scale": [1, 1.5, 1]
				},
				"doreda": {
					"rotation": [165, -20, -180],
					"position": [-0.25, -2, 1]
				},
				"lf": {
					"rotation": {
						"0.0833": {
							"pre": [69.57362, -14.63639, 183.31914],
							"post": [69.57362, -14.63639, 183.31914],
							"lerp_mode": "catmullrom"
						},
						"0.375": {
							"post": [134.57362, -14.63639, 183.31914],
							"lerp_mode": "catmullrom"
						}
					},
					"position": {
						"0.0": {
							"post": [12, -9.5, 3],
							"lerp_mode": "catmullrom"
						},
						"0.2917": {
							"post": [12, -2.5, 4],
							"lerp_mode": "catmullrom"
						}
					}
				},
				"righthand_pos": {
					"scale": [1, 1.5, 1]
				}
			},
			"sound_effects": {
				"0.0417": {
					"effect": "deep_rock_galactic:doreda/doreda_put_away2"
				}
			}
		},
		"draw": {
			"loop": true,
			"animation_length": 1.75,
			"bones": {
				"root": {
					"rotation": {
						"0.0": {
							"post": [0, 0, 0],
							"lerp_mode": "catmullrom"
						},
						"0.8333": {
							"post": [0, 0, 0],
							"lerp_mode": "catmullrom"
						},
						"0.875": {
							"post": [0, 0, -5],
							"lerp_mode": "catmullrom"
						},
						"1.0417": {
							"post": [0, 0, 0],
							"lerp_mode": "catmullrom"
						},
						"1.125": {
							"post": [0, 0, 0],
							"lerp_mode": "catmullrom"
						},
						"1.1667": {
							"post": [0, 0, -5],
							"lerp_mode": "catmullrom"
						},
						"1.3333": {
							"post": [0, 0, 0],
							"lerp_mode": "catmullrom"
						},
						"1.5417": {
							"post": [0, 0, 2.84],
							"lerp_mode": "catmullrom"
						},
						"1.7917": {
							"post": [0, 0, 0],
							"lerp_mode": "catmullrom"
						}
					},
					"position": {
						"0.0": {
							"post": [0, 0, 0],
							"lerp_mode": "catmullrom"
						},
						"0.7917": {
							"post": [0, 0, 0],
							"lerp_mode": "catmullrom"
						},
						"1.0": {
							"post": [0, 0, 0],
							"lerp_mode": "catmullrom"
						},
						"1.0833": {
							"post": [0, 0, 0],
							"lerp_mode": "catmullrom"
						},
						"1.2917": {
							"post": [0, 0, 0],
							"lerp_mode": "catmullrom"
						},
						"1.5": {
							"post": [0, 0, 0],
							"lerp_mode": "catmullrom"
						},
						"1.75": {
							"post": [0, 0, 0],
							"lerp_mode": "catmullrom"
						}
					}
				},
				"rh": {
					"rotation": [79.84892, 9.84655, 175.74622],
					"position": [-11, -8.25, 2]
				},
				"lefthand_pos": {
					"scale": [1, 1.5, 1]
				},
				"doreda": {
					"rotation": [165, -20, -180],
					"position": [-0.25, -2, 1]
				},
				"lf": {
					"rotation": {
						"0.0": {
							"post": [21.49546, -6.25509, 159.33948],
							"lerp_mode": "catmullrom"
						},
						"0.7083": {
							"post": [98.67645, 15.35891, 179.40721],
							"lerp_mode": "catmullrom"
						},
						"0.8333": {
							"post": [98.86389, -19.25648, 174.14842],
							"lerp_mode": "catmullrom"
						},
						"1.0417": {
							"post": [98.67645, 15.35891, 179.40721],
							"lerp_mode": "catmullrom"
						},
						"1.1667": {
							"post": [98.86389, -19.25648, 174.14842],
							"lerp_mode": "catmullrom"
						},
						"1.3333": {
							"post": [84.44544, 5.44639, 176.51457],
							"lerp_mode": "catmullrom"
						},
						"1.75": {
							"post": [69.57362, -14.63639, 183.31914],
							"lerp_mode": "catmullrom"
						}
					},
					"position": {
						"0.0": {
							"post": [16, -16.5, 12],
							"lerp_mode": "catmullrom"
						},
						"0.6667": {
							"post": [18.33, -1.83, 6],
							"lerp_mode": "catmullrom"
						},
						"0.7917": {
							"post": [14.33, -1.83, 3],
							"lerp_mode": "catmullrom"
						},
						"1.0": {
							"post": [18.33, -1.83, 6],
							"lerp_mode": "catmullrom"
						},
						"1.125": {
							"post": [14.33, -1.83, 3],
							"lerp_mode": "catmullrom"
						},
						"1.3333": {
							"post": [19.04, -6.09, 3],
							"lerp_mode": "catmullrom"
						},
						"1.75": {
							"post": [12, -9.5, 3],
							"lerp_mode": "catmullrom"
						}
					}
				},
				"righthand_pos": {
					"scale": [1, 1.5, 1]
				},
				"rh_and_gun": {
					"rotation": {
						"0.0": {
							"post": [67.5, 0, 0],
							"lerp_mode": "catmullrom"
						},
						"0.75": {
							"post": [0, 0, 0],
							"lerp_mode": "catmullrom"
						}
					},
					"position": {
						"0.0": {
							"post": [0, -9, 15],
							"lerp_mode": "catmullrom"
						},
						"0.75": {
							"post": [0, 0, 0],
							"lerp_mode": "catmullrom"
						}
					}
				}
			},
			"sound_effects": {
				"0.0417": {
					"effect": "deep_rock_galactic:doreda/doreda_draw2"
				}
			}
		},
		"inspect_empty": {
			"animation_length": 8.5417,
			"bones": {
				"root": {
					"rotation": {
						"0.0": [0, 0, 0],
						"1.9583": {
							"pre": [0, 0, 0],
							"post": [0, 0, 0],
							"lerp_mode": "catmullrom"
						},
						"2.375": {
							"post": [0, 0, 0],
							"lerp_mode": "catmullrom"
						},
						"3.5833": {
							"post": [0, 0, 0],
							"lerp_mode": "catmullrom"
						},
						"4.125": {
							"post": [0, 0, -2.5],
							"lerp_mode": "catmullrom"
						},
						"4.75": {
							"post": [0, 0, 0],
							"lerp_mode": "catmullrom"
						},
						"5.7917": {
							"post": [0, 0, -2.5],
							"lerp_mode": "catmullrom"
						},
						"6.75": {
							"post": [0, 0, 0],
							"lerp_mode": "catmullrom"
						},
						"7.6667": {
							"post": [0, 0, 0],
							"lerp_mode": "catmullrom"
						},
						"8.1667": {
							"post": [0, 0, 0],
							"lerp_mode": "catmullrom"
						}
					},
					"position": {
						"0.0": [0, 0, 0],
						"1.8333": {
							"pre": [0, 0, 0],
							"post": [0, 0, 0],
							"lerp_mode": "catmullrom"
						},
						"2.25": {
							"post": [0, 0, 0],
							"lerp_mode": "catmullrom"
						},
						"3.375": {
							"post": [0, 0, 0],
							"lerp_mode": "catmullrom"
						},
						"4.5417": {
							"post": [0, 0, 0],
							"lerp_mode": "catmullrom"
						},
						"6.5417": {
							"post": [0, 0, 0],
							"lerp_mode": "catmullrom"
						},
						"7.4167": {
							"post": [0, 0, 0],
							"lerp_mode": "catmullrom"
						},
						"7.9167": {
							"post": [0, 0, 0],
							"lerp_mode": "catmullrom"
						}
					}
				},
				"rh_and_gun": {
					"rotation": {
						"0.0": {
							"post": [0, 0, 0],
							"lerp_mode": "catmullrom"
						},
						"0.375": {
							"post": [0, 15, 0],
							"lerp_mode": "catmullrom"
						},
						"0.625": {
							"post": [0, 15, 0],
							"lerp_mode": "catmullrom"
						},
						"0.9167": {
							"post": [5, 15, 0],
							"lerp_mode": "catmullrom"
						},
						"1.4583": {
							"post": [5, 15, 0],
							"lerp_mode": "catmullrom"
						},
						"1.5833": {
							"post": [15, 15, 0],
							"lerp_mode": "catmullrom"
						},
						"1.7917": {
							"post": [5, 15, 0],
							"lerp_mode": "catmullrom"
						},
						"2.5833": {
							"post": [5, 15, 0],
							"lerp_mode": "catmullrom"
						},
						"6.9583": {
							"post": [5, 15, 0],
							"lerp_mode": "catmullrom"
						},
						"8.0833": {
							"post": [0, 0, 0],
							"lerp_mode": "catmullrom"
						},
						"8.6667": {
							"post": [0, 0, 0],
							"lerp_mode": "catmullrom"
						}
					},
					"position": {
						"0.0": {
							"post": [0, 0, 0],
							"lerp_mode": "catmullrom"
						},
						"0.25": {
							"post": [-2, 0, 0],
							"lerp_mode": "catmullrom"
						},
						"0.5": {
							"post": [-2, 0, 0],
							"lerp_mode": "catmullrom"
						},
						"0.8333": {
							"post": [-2, -2, 0],
							"lerp_mode": "catmullrom"
						},
						"1.4167": {
							"post": [-2, -2, 0],
							"lerp_mode": "catmullrom"
						},
						"1.5417": {
							"post": [-2, -3, 0],
							"lerp_mode": "catmullrom"
						},
						"1.75": {
							"post": [-2, -2, 0],
							"lerp_mode": "catmullrom"
						},
						"2.5417": {
							"post": [-2, -2, 0],
							"lerp_mode": "catmullrom"
						},
						"6.7083": {
							"post": [-2, -2, 0],
							"lerp_mode": "catmullrom"
						},
						"7.875": {
							"post": [0, 0, 0],
							"lerp_mode": "catmullrom"
						},
						"8.4583": {
							"post": [0, 0, 0],
							"lerp_mode": "catmullrom"
						}
					}
				},
				"rh": {
					"rotation": {
						"0.0": {
							"post": [79.84892, 9.84655, 175.74622],
							"lerp_mode": "catmullrom"
						},
						"0.9583": {
							"post": [79.85, 9.85, 175.75],
							"lerp_mode": "catmullrom"
						},
						"1.2083": {
							"post": [97.35, 9.85, 175.75],
							"lerp_mode": "catmullrom"
						},
						"1.5417": {
							"post": [69.85, 9.85, 175.75],
							"lerp_mode": "catmullrom"
						},
						"6.9167": {
							"post": [69.85, 9.85, 175.75],
							"lerp_mode": "catmullrom"
						},
						"8.0833": {
							"post": [79.84892, 9.84655, 175.74622],
							"lerp_mode": "catmullrom"
						}
					},
					"position": {
						"0.0": {
							"post": [-11, -8.25, 2],
							"lerp_mode": "catmullrom"
						},
						"0.9167": {
							"post": [-11, -8.25, 2],
							"lerp_mode": "catmullrom"
						},
						"1.1667": {
							"post": [-11, -4.25, 2],
							"lerp_mode": "catmullrom"
						},
						"1.4167": {
							"post": [-11, -11.25, 2],
							"lerp_mode": "catmullrom"
						},
						"1.5417": {
							"post": [-11, -11.25, 2],
							"lerp_mode": "catmullrom"
						},
						"6.7083": {
							"post": [-11, -11.25, 2],
							"lerp_mode": "catmullrom"
						},
						"7.875": {
							"post": [-11, -8.25, 2],
							"lerp_mode": "catmullrom"
						}
					}
				},
				"lefthand_pos": {
					"scale": [1, 1.5, 1]
				},
				"doreda": {
					"rotation": {
						"0.0": {
							"post": [165, -20, -180],
							"lerp_mode": "catmullrom"
						},
						"0.875": {
							"post": [165, -20, -180],
							"lerp_mode": "catmullrom"
						},
						"1.0": {
							"post": [165, -20, -180],
							"lerp_mode": "catmullrom"
						},
						"1.125": {
							"post": [160, -20, -180],
							"lerp_mode": "catmullrom"
						},
						"1.4583": {
							"post": [197.57202, -20, -180],
							"lerp_mode": "catmullrom"
						},
						"1.625": {
							"post": [165, -20, -180],
							"lerp_mode": "catmullrom"
						},
						"1.75": {
							"post": [165, -20, -180],
							"lerp_mode": "catmullrom"
						},
						"6.8333": {
							"post": [165, -20, -180],
							"lerp_mode": "catmullrom"
						},
						"7.875": {
							"post": [165, -20, -180],
							"lerp_mode": "catmullrom"
						}
					},
					"position": {
						"0.0": {
							"post": [-0.25, -2, 1],
							"lerp_mode": "catmullrom"
						},
						"0.9167": [-0.25, -2, 1],
						"1.0417": [-0.25, 1.94, 1],
						"1.1667": [-0.25, 21.49, 1],
						"1.2917": [-0.25, 23.49, 1],
						"1.5": [-0.25, -2, 1],
						"6.7083": [-0.25, -2, 1],
						"7.875": {
							"pre": [-0.25, -2, 1],
							"post": [-0.25, -2, 1],
							"lerp_mode": "catmullrom"
						}
					}
				},
				"lf": {
					"rotation": {
						"0.0": [69.57362, -14.63639, 183.31914],
						"0.2917": [89.63972, 17.36795, 177.58761],
						"0.5": [87.07362, -14.63639, 183.31914],
						"0.9583": {
							"pre": [74.57362, -14.63639, 183.31914],
							"post": [74.57362, -14.63639, 183.31914],
							"lerp_mode": "catmullrom"
						},
						"1.2083": {
							"post": [112.07362, -14.63639, 183.31914],
							"lerp_mode": "catmullrom"
						},
						"1.4583": {
							"post": [59.57, -14.64, 183.32],
							"lerp_mode": "catmullrom"
						},
						"1.625": {
							"post": [67.06977, -14.64023, 183.32006],
							"lerp_mode": "catmullrom"
						},
						"1.8333": {
							"post": [59.57, -14.64, 183.32],
							"lerp_mode": "catmullrom"
						},
						"2.4583": {
							"post": [59.57, -14.64, 183.32],
							"lerp_mode": "catmullrom"
						},
						"2.875": {
							"post": [70.12018, 13.93103, 161.75834],
							"lerp_mode": "catmullrom"
						},
						"3.375": {
							"post": [102.62018, 13.93103, 161.75834],
							"lerp_mode": "catmullrom"
						},
						"3.875": {
							"post": [117.36687, -8.04936, 156.91433],
							"lerp_mode": "catmullrom"
						},
						"5.0417": {
							"post": [102.62018, 13.93103, 161.75834],
							"lerp_mode": "catmullrom"
						},
						"6.5417": {
							"post": [117.36687, -8.04936, 156.91433],
							"lerp_mode": "catmullrom"
						},
						"7.2083": {
							"post": [93.01825, 9.63588, 171.72911],
							"lerp_mode": "catmullrom"
						},
						"8.0417": {
							"post": [69.57362, -14.63639, 183.31914],
							"lerp_mode": "catmullrom"
						},
						"8.5417": {
							"post": [69.57362, -14.63639, 183.31914],
							"lerp_mode": "catmullrom"
						}
					},
					"position": {
						"0.0": {
							"post": [12, -9.5, 3],
							"lerp_mode": "catmullrom"
						},
						"0.2083": {
							"post": [15, -7.75, 3],
							"lerp_mode": "catmullrom"
						},
						"0.4167": {
							"post": [12, -6.5, 3],
							"lerp_mode": "catmullrom"
						},
						"0.9167": {
							"post": [12, -8.5, 3],
							"lerp_mode": "catmullrom"
						},
						"1.1667": {
							"post": [12, -5.5, 3],
							"lerp_mode": "catmullrom"
						},
						"1.4167": {
							"post": [9, -11.5, 3],
							"lerp_mode": "catmullrom"
						},
						"1.5417": {
							"post": [12, -12.5, 4],
							"lerp_mode": "catmullrom"
						},
						"1.75": {
							"post": [12, -11.5, 3],
							"lerp_mode": "catmullrom"
						},
						"2.375": {
							"post": [12, -11.5, 3],
							"lerp_mode": "catmullrom"
						},
						"3.0": {
							"post": [17, -11.5, 3],
							"lerp_mode": "catmullrom"
						},
						"3.5": {
							"post": [12, -5.5, 3],
							"lerp_mode": "catmullrom"
						},
						"4.0": {
							"post": [12, -4.5, 3],
							"lerp_mode": "catmullrom"
						},
						"5.1667": {
							"post": [12, -5.5, 3],
							"lerp_mode": "catmullrom"
						},
						"6.6667": {
							"post": [12, -4.5, 3],
							"lerp_mode": "catmullrom"
						},
						"7.3333": {
							"post": [14, -6.86, 3],
							"lerp_mode": "catmullrom"
						},
						"8.1667": {
							"post": [12, -9.5, 3],
							"lerp_mode": "catmullrom"
						},
						"8.6667": {
							"post": [12, -9.5, 3],
							"lerp_mode": "catmullrom"
						}
					}
				},
				"righthand_pos": {
					"scale": [1, 1.5, 1]
				},
				"camera": {
					"rotation": {
						"0.0": {
							"post": [0, 0, 0],
							"lerp_mode": "catmullrom"
						},
						"0.5833": {
							"post": [2.5, 10, 0],
							"lerp_mode": "catmullrom"
						},
						"0.9167": {
							"post": [5, 10, 0],
							"lerp_mode": "catmullrom"
						},
						"1.25": {
							"post": [-12.5, 10, 0],
							"lerp_mode": "catmullrom"
						},
						"1.5833": {
							"post": [5, 10, 0],
							"lerp_mode": "catmullrom"
						},
						"1.75": {
							"post": [5, 10, 0],
							"lerp_mode": "catmullrom"
						},
						"2.0": {
							"post": [2.5, 10, 0],
							"lerp_mode": "catmullrom"
						},
						"7.6667": {
							"post": [5, 10, 0],
							"lerp_mode": "catmullrom"
						},
						"8.25": {
							"post": [0, 0, 0],
							"lerp_mode": "catmullrom"
						},
						"8.5417": {
							"post": [0, 0, 0],
							"lerp_mode": "catmullrom"
						}
					}
				}
			},
			"sound_effects": {
				"0.0": {
					"effect": "deep_rock_galactic:doreda/doreda_inspect2"
				},
				"0.875": {
					"effect": "deep_rock_galactic:doreda/doreda_scream"
				},
				"4.0": {
					"effect": "deep_rock_galactic:doreda/doreda_inspect3"
				},
				"6.5": {
					"effect": "deep_rock_galactic:doreda/doreda_put_away"
				},
				"8.5": {
					"effect": "deep_rock_galactic:doreda/doreda_draw"
				}
			}
		},
		"inspect": {
			"animation_length": 8.5417,
			"bones": {
				"root": {
					"rotation": {
						"0.0": [0, 0, 0],
						"1.9583": {
							"pre": [0, 0, 0],
							"post": [0, 0, 0],
							"lerp_mode": "catmullrom"
						},
						"2.375": {
							"post": [0, 0, 0],
							"lerp_mode": "catmullrom"
						},
						"3.5833": {
							"post": [0, 0, 0],
							"lerp_mode": "catmullrom"
						},
						"4.125": {
							"post": [0, 0, -2.5],
							"lerp_mode": "catmullrom"
						},
						"4.75": {
							"post": [0, 0, 0],
							"lerp_mode": "catmullrom"
						},
						"5.7917": {
							"post": [0, 0, -2.5],
							"lerp_mode": "catmullrom"
						},
						"6.75": {
							"post": [0, 0, 0],
							"lerp_mode": "catmullrom"
						},
						"7.6667": {
							"post": [0, 0, 0],
							"lerp_mode": "catmullrom"
						},
						"8.1667": {
							"post": [0, 0, 0],
							"lerp_mode": "catmullrom"
						}
					},
					"position": {
						"0.0": [0, 0, 0],
						"1.8333": {
							"pre": [0, 0, 0],
							"post": [0, 0, 0],
							"lerp_mode": "catmullrom"
						},
						"2.25": {
							"post": [0, 0, 0],
							"lerp_mode": "catmullrom"
						},
						"3.375": {
							"post": [0, 0, 0],
							"lerp_mode": "catmullrom"
						},
						"4.5417": {
							"post": [0, 0, 0],
							"lerp_mode": "catmullrom"
						},
						"6.5417": {
							"post": [0, 0, 0],
							"lerp_mode": "catmullrom"
						},
						"7.4167": {
							"post": [0, 0, 0],
							"lerp_mode": "catmullrom"
						},
						"7.9167": {
							"post": [0, 0, 0],
							"lerp_mode": "catmullrom"
						}
					}
				},
				"rh_and_gun": {
					"rotation": {
						"0.0": {
							"post": [0, 0, 0],
							"lerp_mode": "catmullrom"
						},
						"0.375": {
							"post": [0, 15, 0],
							"lerp_mode": "catmullrom"
						},
						"0.625": {
							"post": [0, 15, 0],
							"lerp_mode": "catmullrom"
						},
						"0.9167": {
							"post": [5, 15, 0],
							"lerp_mode": "catmullrom"
						},
						"1.4583": {
							"post": [5, 15, 0],
							"lerp_mode": "catmullrom"
						},
						"1.5833": {
							"post": [15, 15, 0],
							"lerp_mode": "catmullrom"
						},
						"1.7917": {
							"post": [5, 15, 0],
							"lerp_mode": "catmullrom"
						},
						"2.5833": {
							"post": [5, 15, 0],
							"lerp_mode": "catmullrom"
						},
						"6.9583": {
							"post": [5, 15, 0],
							"lerp_mode": "catmullrom"
						},
						"8.0833": {
							"post": [0, 0, 0],
							"lerp_mode": "catmullrom"
						},
						"8.6667": {
							"post": [0, 0, 0],
							"lerp_mode": "catmullrom"
						}
					},
					"position": {
						"0.0": {
							"post": [0, 0, 0],
							"lerp_mode": "catmullrom"
						},
						"0.25": {
							"post": [-2, 0, 0],
							"lerp_mode": "catmullrom"
						},
						"0.5": {
							"post": [-2, 0, 0],
							"lerp_mode": "catmullrom"
						},
						"0.8333": {
							"post": [-2, -2, 0],
							"lerp_mode": "catmullrom"
						},
						"1.4167": {
							"post": [-2, -2, 0],
							"lerp_mode": "catmullrom"
						},
						"1.5417": {
							"post": [-2, -3, 0],
							"lerp_mode": "catmullrom"
						},
						"1.75": {
							"post": [-2, -2, 0],
							"lerp_mode": "catmullrom"
						},
						"2.5417": {
							"post": [-2, -2, 0],
							"lerp_mode": "catmullrom"
						},
						"6.7083": {
							"post": [-2, -2, 0],
							"lerp_mode": "catmullrom"
						},
						"7.875": {
							"post": [0, 0, 0],
							"lerp_mode": "catmullrom"
						},
						"8.4583": {
							"post": [0, 0, 0],
							"lerp_mode": "catmullrom"
						}
					}
				},
				"rh": {
					"rotation": {
						"0.0": {
							"post": [79.84892, 9.84655, 175.74622],
							"lerp_mode": "catmullrom"
						},
						"0.9583": {
							"post": [79.85, 9.85, 175.75],
							"lerp_mode": "catmullrom"
						},
						"1.2083": {
							"post": [97.35, 9.85, 175.75],
							"lerp_mode": "catmullrom"
						},
						"1.5417": {
							"post": [69.85, 9.85, 175.75],
							"lerp_mode": "catmullrom"
						},
						"6.9167": {
							"post": [69.85, 9.85, 175.75],
							"lerp_mode": "catmullrom"
						},
						"8.0833": {
							"post": [79.84892, 9.84655, 175.74622],
							"lerp_mode": "catmullrom"
						}
					},
					"position": {
						"0.0": {
							"post": [-11, -8.25, 2],
							"lerp_mode": "catmullrom"
						},
						"0.9167": {
							"post": [-11, -8.25, 2],
							"lerp_mode": "catmullrom"
						},
						"1.1667": {
							"post": [-11, -4.25, 2],
							"lerp_mode": "catmullrom"
						},
						"1.4167": {
							"post": [-11, -11.25, 2],
							"lerp_mode": "catmullrom"
						},
						"1.5417": {
							"post": [-11, -11.25, 2],
							"lerp_mode": "catmullrom"
						},
						"6.7083": {
							"post": [-11, -11.25, 2],
							"lerp_mode": "catmullrom"
						},
						"7.875": {
							"post": [-11, -8.25, 2],
							"lerp_mode": "catmullrom"
						}
					}
				},
				"lefthand_pos": {
					"scale": [1, 1.5, 1]
				},
				"doreda": {
					"rotation": {
						"0.0": {
							"post": [165, -20, -180],
							"lerp_mode": "catmullrom"
						},
						"0.875": {
							"post": [165, -20, -180],
							"lerp_mode": "catmullrom"
						},
						"1.0": {
							"post": [165, -20, -180],
							"lerp_mode": "catmullrom"
						},
						"1.125": {
							"post": [160, -20, -180],
							"lerp_mode": "catmullrom"
						},
						"1.4583": {
							"post": [197.57202, -20, -180],
							"lerp_mode": "catmullrom"
						},
						"1.625": {
							"post": [165, -20, -180],
							"lerp_mode": "catmullrom"
						},
						"1.75": {
							"post": [165, -20, -180],
							"lerp_mode": "catmullrom"
						},
						"6.8333": {
							"post": [165, -20, -180],
							"lerp_mode": "catmullrom"
						},
						"7.875": {
							"post": [165, -20, -180],
							"lerp_mode": "catmullrom"
						}
					},
					"position": {
						"0.0": {
							"post": [-0.25, -2, 1],
							"lerp_mode": "catmullrom"
						},
						"0.9167": [-0.25, -2, 1],
						"1.0417": [-0.25, 1.94, 1],
						"1.1667": [-0.25, 21.49, 1],
						"1.2917": [-0.25, 23.49, 1],
						"1.5": [-0.25, -2, 1],
						"6.7083": [-0.25, -2, 1],
						"7.875": {
							"pre": [-0.25, -2, 1],
							"post": [-0.25, -2, 1],
							"lerp_mode": "catmullrom"
						}
					}
				},
				"lf": {
					"rotation": {
						"0.0": [69.57362, -14.63639, 183.31914],
						"0.2917": [89.63972, 17.36795, 177.58761],
						"0.5": [87.07362, -14.63639, 183.31914],
						"0.9583": {
							"pre": [74.57362, -14.63639, 183.31914],
							"post": [74.57362, -14.63639, 183.31914],
							"lerp_mode": "catmullrom"
						},
						"1.2083": {
							"post": [112.07362, -14.63639, 183.31914],
							"lerp_mode": "catmullrom"
						},
						"1.4583": {
							"post": [59.57, -14.64, 183.32],
							"lerp_mode": "catmullrom"
						},
						"1.625": {
							"post": [67.06977, -14.64023, 183.32006],
							"lerp_mode": "catmullrom"
						},
						"1.8333": {
							"post": [59.57, -14.64, 183.32],
							"lerp_mode": "catmullrom"
						},
						"2.4583": {
							"post": [59.57, -14.64, 183.32],
							"lerp_mode": "catmullrom"
						},
						"2.875": {
							"post": [70.12018, 13.93103, 161.75834],
							"lerp_mode": "catmullrom"
						},
						"3.375": {
							"post": [102.62018, 13.93103, 161.75834],
							"lerp_mode": "catmullrom"
						},
						"3.875": {
							"post": [117.36687, -8.04936, 156.91433],
							"lerp_mode": "catmullrom"
						},
						"5.0417": {
							"post": [102.62018, 13.93103, 161.75834],
							"lerp_mode": "catmullrom"
						},
						"6.5417": {
							"post": [117.36687, -8.04936, 156.91433],
							"lerp_mode": "catmullrom"
						},
						"7.2083": {
							"post": [93.01825, 9.63588, 171.72911],
							"lerp_mode": "catmullrom"
						},
						"8.0417": {
							"post": [69.57362, -14.63639, 183.31914],
							"lerp_mode": "catmullrom"
						},
						"8.5417": {
							"post": [69.57362, -14.63639, 183.31914],
							"lerp_mode": "catmullrom"
						}
					},
					"position": {
						"0.0": {
							"post": [12, -9.5, 3],
							"lerp_mode": "catmullrom"
						},
						"0.2083": {
							"post": [15, -7.75, 3],
							"lerp_mode": "catmullrom"
						},
						"0.4167": {
							"post": [12, -6.5, 3],
							"lerp_mode": "catmullrom"
						},
						"0.9167": {
							"post": [12, -8.5, 3],
							"lerp_mode": "catmullrom"
						},
						"1.1667": {
							"post": [12, -5.5, 3],
							"lerp_mode": "catmullrom"
						},
						"1.4167": {
							"post": [9, -11.5, 3],
							"lerp_mode": "catmullrom"
						},
						"1.5417": {
							"post": [12, -12.5, 4],
							"lerp_mode": "catmullrom"
						},
						"1.75": {
							"post": [12, -11.5, 3],
							"lerp_mode": "catmullrom"
						},
						"2.375": {
							"post": [12, -11.5, 3],
							"lerp_mode": "catmullrom"
						},
						"3.0": {
							"post": [17, -11.5, 3],
							"lerp_mode": "catmullrom"
						},
						"3.5": {
							"post": [12, -5.5, 3],
							"lerp_mode": "catmullrom"
						},
						"4.0": {
							"post": [12, -4.5, 3],
							"lerp_mode": "catmullrom"
						},
						"5.1667": {
							"post": [12, -5.5, 3],
							"lerp_mode": "catmullrom"
						},
						"6.6667": {
							"post": [12, -4.5, 3],
							"lerp_mode": "catmullrom"
						},
						"7.3333": {
							"post": [14, -6.86, 3],
							"lerp_mode": "catmullrom"
						},
						"8.1667": {
							"post": [12, -9.5, 3],
							"lerp_mode": "catmullrom"
						},
						"8.6667": {
							"post": [12, -9.5, 3],
							"lerp_mode": "catmullrom"
						}
					}
				},
				"righthand_pos": {
					"scale": [1, 1.5, 1]
				},
				"camera": {
					"rotation": {
						"0.0": {
							"post": [0, 0, 0],
							"lerp_mode": "catmullrom"
						},
						"0.5833": {
							"post": [2.5, 10, 0],
							"lerp_mode": "catmullrom"
						},
						"0.9167": {
							"post": [5, 10, 0],
							"lerp_mode": "catmullrom"
						},
						"1.25": {
							"post": [-12.5, 10, 0],
							"lerp_mode": "catmullrom"
						},
						"1.5833": {
							"post": [5, 10, 0],
							"lerp_mode": "catmullrom"
						},
						"1.75": {
							"post": [5, 10, 0],
							"lerp_mode": "catmullrom"
						},
						"2.0": {
							"post": [2.5, 10, 0],
							"lerp_mode": "catmullrom"
						},
						"7.6667": {
							"post": [5, 10, 0],
							"lerp_mode": "catmullrom"
						},
						"8.25": {
							"post": [0, 0, 0],
							"lerp_mode": "catmullrom"
						},
						"8.5417": {
							"post": [0, 0, 0],
							"lerp_mode": "catmullrom"
						}
					}
				}
			},
			"sound_effects": {
				"0.0": {
					"effect": "deep_rock_galactic:doreda/doreda_inspect2"
				},
				"0.875": {
					"effect": "deep_rock_galactic:doreda/doreda_scream"
				},
				"4.0": {
					"effect": "deep_rock_galactic:doreda/doreda_inspect3"
				},
				"6.5": {
					"effect": "deep_rock_galactic:doreda/doreda_put_away"
				},
				"8.5": {
					"effect": "deep_rock_galactic:doreda/doreda_draw"
				}
			}
		},
		"shoot": {
			"loop": true
		},
		"run_start": {
			"animation_length": 0.2083,
			"bones": {
				"root": {
					"rotation": {
						"0.0": {
							"post": [0, 0, 0],
							"lerp_mode": "catmullrom"
						},
						"0.2083": {
							"post": [-28.62702, 15.46973, -8.28342],
							"lerp_mode": "catmullrom"
						}
					},
					"position": {
						"0.0": {
							"post": [0, 0, 0],
							"lerp_mode": "catmullrom"
						},
						"0.2083": {
							"post": [-1, 0, 0],
							"lerp_mode": "catmullrom"
						}
					}
				},
				"lf": {
					"rotation": {
						"0.0": {
							"post": [0, 0, 0],
							"lerp_mode": "catmullrom"
						},
						"0.0833": {
							"post": [20.01383, 14.9996, -0.11036],
							"lerp_mode": "catmullrom"
						},
						"0.2083": {
							"post": [30, 0, 0],
							"lerp_mode": "catmullrom"
						}
					},
					"position": {
						"0.0": {
							"post": [0, 0, 0],
							"lerp_mode": "catmullrom"
						},
						"0.0833": {
							"post": [4.33, 5.33, 0],
							"lerp_mode": "catmullrom"
						},
						"0.2083": {
							"post": [2, 8, 0],
							"lerp_mode": "catmullrom"
						}
					}
				}
			}
		},
		"run_hold": {
			"loop": true,
			"bones": {
				"root": {
					"rotation": {
						"0.0": {
							"post": [-28.62702, 15.46973, -8.28342],
							"lerp_mode": "catmullrom"
						}
					},
					"position": {
						"0.0": {
							"post": [-1, 0, 0],
							"lerp_mode": "catmullrom"
						}
					}
				},
				"lf": {
					"rotation": {
						"0.0": {
							"post": [30, 0, 0],
							"lerp_mode": "catmullrom"
						}
					},
					"position": {
						"0.0": {
							"post": [2, 8, 0],
							"lerp_mode": "catmullrom"
						}
					}
				}
			}
		},
		"run": {
			"loop": true,
			"animation_length": 0.625,
			"bones": {
				"root": {
					"rotation": {
						"0.0": {
							"post": [-28.62702, 15.46973, -8.28342],
							"lerp_mode": "catmullrom"
						},
						"0.125": {
							"post": [-33.62702, 15.46973, -8.28342],
							"lerp_mode": "catmullrom"
						},
						"0.2917": {
							"post": [-28.62702, 15.46973, -8.28342],
							"lerp_mode": "catmullrom"
						},
						"0.4583": {
							"post": [-33.00202, 15.46973, -8.28342],
							"lerp_mode": "catmullrom"
						},
						"0.625": {
							"post": [-28.62702, 15.46973, -8.28342],
							"lerp_mode": "catmullrom"
						}
					},
					"position": {
						"0.0": {
							"post": [-1, 0, 0],
							"lerp_mode": "catmullrom"
						},
						"0.125": {
							"post": [-3, -1, 0],
							"lerp_mode": "catmullrom"
						},
						"0.2917": {
							"post": [-1, 0, 0],
							"lerp_mode": "catmullrom"
						},
						"0.4583": {
							"post": [1, -1, 0],
							"lerp_mode": "catmullrom"
						},
						"0.625": {
							"post": [-1, 0, 0],
							"lerp_mode": "catmullrom"
						}
					}
				},
				"lf": {
					"rotation": {
						"0.0": {
							"post": [30, 0, 0],
							"lerp_mode": "catmullrom"
						}
					},
					"position": {
						"0.0": {
							"post": [2, 8, 0],
							"lerp_mode": "catmullrom"
						}
					}
				}
			}
		},
		"run_end": {
			"animation_length": 0.6667,
			"bones": {
				"root": {
					"rotation": {
						"0.0": {
							"post": [-28.62702, 15.46973, -8.28342],
							"lerp_mode": "catmullrom"
						},
						"0.5": {
							"post": [0, 0, 0],
							"lerp_mode": "catmullrom"
						},
						"0.6667": {
							"post": [0, 0, 0],
							"lerp_mode": "catmullrom"
						}
					},
					"position": {
						"0.0": {
							"post": [-1, 0, 0],
							"lerp_mode": "catmullrom"
						},
						"0.4167": {
							"post": [0, 0, 0],
							"lerp_mode": "catmullrom"
						},
						"0.5833": {
							"post": [0, 0, 0],
							"lerp_mode": "catmullrom"
						}
					}
				},
				"lf": {
					"rotation": {
						"0.0": {
							"post": [30, 0, 0],
							"lerp_mode": "catmullrom"
						},
						"0.25": {
							"post": [15.17035, 17.4252, -1.63146],
							"lerp_mode": "catmullrom"
						},
						"0.5": {
							"post": [0, 0, 0],
							"lerp_mode": "catmullrom"
						},
						"0.6667": {
							"post": [0, 0, 0],
							"lerp_mode": "catmullrom"
						}
					},
					"position": {
						"0.0": {
							"post": [2, 8, 0],
							"lerp_mode": "catmullrom"
						},
						"0.25": {
							"post": [5, 4, 0],
							"lerp_mode": "catmullrom"
						},
						"0.4167": {
							"post": [0, 0, 0],
							"lerp_mode": "catmullrom"
						},
						"0.5833": {
							"post": [0, 0, 0],
							"lerp_mode": "catmullrom"
						}
					}
				}
			}
		},
		"melee_stock": {
			"animation_length": 1.25,
			"bones": {
				"root": {
					"rotation": {
						"0.0": {
							"post": [0, 0, 0],
							"lerp_mode": "catmullrom"
						},
						"0.5833": [30.52412, 36.25343, 5.70639],
						"0.625": [-67.91212, 11.50727, 33.16477],
						"1.0": {
							"pre": [0, 0, 0],
							"post": [0, 0, 0],
							"lerp_mode": "catmullrom"
						},
						"1.25": {
							"post": [0, 0, 0],
							"lerp_mode": "catmullrom"
						}
					},
					"position": {
						"0.0": {
							"post": [0, 0, 0],
							"lerp_mode": "catmullrom"
						},
						"0.5833": [-6, -8, 7],
						"0.625": [4, 13, 3],
						"0.875": {
							"pre": [0, 0, 0],
							"post": [0, 0, 0],
							"lerp_mode": "catmullrom"
						},
						"1.1667": {
							"post": [0, 0, 0],
							"lerp_mode": "catmullrom"
						}
					}
				},
				"rh": {
					"rotation": [79.84892, 9.84655, 175.74622],
					"position": [-11, -8.25, 2]
				},
				"lefthand_pos": {
					"scale": [1, 1.5, 1]
				},
				"doreda": {
					"rotation": [165, -20, -180],
					"position": [-0.25, -2, 1]
				},
				"lf": {
					"rotation": [69.57362, -14.63639, 183.31914],
					"position": [12, -9.5, 3]
				},
				"righthand_pos": {
					"scale": [1, 1.5, 1]
				},
				"camera": {
					"rotation": {
						"0.0": {
							"post": [0, 0, 0],
							"lerp_mode": "catmullrom"
						},
						"0.5": {
							"post": [2.49762, -0.10901, 2.49762],
							"lerp_mode": "catmullrom"
						},
						"0.625": {
							"post": [-7.4929, 0.32683, 7.47861],
							"lerp_mode": "catmullrom"
						},
						"0.875": {
							"post": [0, 0, 0],
							"lerp_mode": "catmullrom"
						},
						"1.25": {
							"post": [0, 0, 0],
							"lerp_mode": "catmullrom"
						}
					}
				}
			},
			"sound_effects": {
				"0.5833": {
					"effect": "deep_rock_galactic:pickaxe/pickaxe_melee_stock"
				},
				"0.625": {
					"effect": "deep_rock_galactic:misc/kill"
				}
			}
		}
	}
}