{
	"format_version": "1.8.0",
	"animations": {
		"reload_tactical": {
			"animation_length": 1.75,
			"bones": {
				"lh": {
					"rotation": {
						"0.0": [104.41741, -8.06723, -198.01172],
						"1.5": [104.41741, -8.06723, -198.01172]
					},
					"position": {
						"0.0": [8, -10.3, 6.7],
						"0.25": [7, -10.3, 3.7],
						"1.125": [7, -10.3, 3.7],
						"1.5": [8, -10.3, 6.7]
					},
					"scale": {
						"0.0": [1, 1.5, 1],
						"1.5": [1, 1.5, 1]
					}
				},
				"rh": {
					"rotation": [90.66963, 14.98539, -177.41193],
					"position": [-9.70679, -4.25, 23.66921],
					"scale": [1, 1.5, 1]
				},
				"root": {
					"rotation": {
						"0.0": {
							"post": [0, 0, 0],
							"lerp_mode": "catmullrom"
						},
						"0.375": {
							"post": [-10.9412, -1.14284, -27.89055],
							"lerp_mode": "catmullrom"
						},
						"0.5417": {
							"post": [-14.82934, -2.17077, -31.75788],
							"lerp_mode": "catmullrom"
						},
						"0.75": {
							"post": [-10.9412, -1.14284, -27.89055],
							"lerp_mode": "catmullrom"
						},
						"0.9583": {
							"post": [-10.9412, -1.14284, -27.89055],
							"lerp_mode": "catmullrom"
						},
						"1.0": {
							"post": [-14.9412, -1.14284, -27.89055],
							"lerp_mode": "catmullrom"
						},
						"1.1667": {
							"post": [-10.9412, -1.14284, -27.89055],
							"lerp_mode": "catmullrom"
						},
						"1.375": {
							"post": [0, 0, 0],
							"lerp_mode": "catmullrom"
						},
						"1.75": {
							"post": [0, 0, 0],
							"lerp_mode": "catmullrom"
						}
					},
					"position": {
						"0.0": {
							"post": [0, 0, 0],
							"lerp_mode": "catmullrom"
						},
						"0.375": {
							"post": [-1.61514, 3.99762, -0.56265],
							"lerp_mode": "catmullrom"
						},
						"0.5417": {
							"post": [-1.91084, 4.45948, -0.41614],
							"lerp_mode": "catmullrom"
						},
						"0.75": {
							"post": [-1.61514, 3.99762, -0.56265],
							"lerp_mode": "catmullrom"
						},
						"0.9583": {
							"post": [-1.61514, 3.99762, -0.56265],
							"lerp_mode": "catmullrom"
						},
						"1.0": {
							"post": [-2.08263, 4.86601, -0.37024],
							"lerp_mode": "catmullrom"
						},
						"1.1667": {
							"post": [-1.61514, 3.99762, -0.56265],
							"lerp_mode": "catmullrom"
						},
						"1.375": {
							"post": [0, 0, 0],
							"lerp_mode": "catmullrom"
						},
						"1.75": {
							"post": [0, 0, 0],
							"lerp_mode": "catmullrom"
						}
					}
				},
				"additional_magazine": {
					"rotation": {
						"0.0": [0, 0, 0],
						"0.375": [0, 0, 0],
						"0.5417": {
							"pre": [-45, 0, 0],
							"post": [-45, 0, 0],
							"lerp_mode": "catmullrom"
						},
						"0.75": {
							"post": [-93, 0, 0],
							"lerp_mode": "catmullrom"
						},
						"1.75": {
							"post": [0, 0, 0],
							"lerp_mode": "catmullrom"
						}
					},
					"position": {
						"0.0": [0, 0, 0],
						"0.375": [0, 0, 0],
						"0.5417": {
							"pre": [0.8125, -8.52144, -8.11407],
							"post": [0.8125, -8.52144, -8.11407],
							"lerp_mode": "catmullrom"
						},
						"0.75": {
							"post": [0, -29.31831, -14.81522],
							"lerp_mode": "catmullrom"
						},
						"1.75": {
							"post": [0, 0, 0],
							"lerp_mode": "catmullrom"
						}
					},
					"scale": {
						"0.0": [1, 1, 1],
						"0.75": [1, 1, 1],
						"0.7917": [0, 0, 0],
						"1.7083": [0, 0, 0],
						"1.75": [1, 1, 1]
					}
				},
				"lf_and_mag": {
					"rotation": {
						"0.0": {
							"post": [0, 0, 0],
							"lerp_mode": "catmullrom"
						},
						"0.1667": {
							"post": [24, 0, 0],
							"lerp_mode": "catmullrom"
						},
						"0.3333": {
							"post": [-69.74946, -21.91786, -9.82227],
							"lerp_mode": "catmullrom"
						},
						"0.4583": {
							"post": [-28.74946, -21.91786, -9.82227],
							"lerp_mode": "catmullrom"
						},
						"0.5833": {
							"post": [-28.74946, -21.91786, -9.82227],
							"lerp_mode": "catmullrom"
						},
						"0.875": {
							"post": [3.25054, -21.91786, -9.82227],
							"lerp_mode": "catmullrom"
						},
						"1.0": {
							"post": [0, 0, 0],
							"lerp_mode": "catmullrom"
						}
					},
					"position": {
						"0.0": {
							"post": [0, 0, 0],
							"lerp_mode": "catmullrom"
						},
						"0.1667": {
							"post": [0, -20.59151, 3.68605],
							"lerp_mode": "catmullrom"
						},
						"0.3333": {
							"post": [-0.39708, 4.80546, 10.06584],
							"lerp_mode": "catmullrom"
						},
						"0.4583": {
							"post": [3.01324, 0.33143, 3.58871],
							"lerp_mode": "catmullrom"
						},
						"0.5833": {
							"post": [3.01324, 0.33143, 3.58871],
							"lerp_mode": "catmullrom"
						},
						"0.875": {
							"post": [4.16331, -11.11662, 5.61069],
							"lerp_mode": "catmullrom"
						},
						"1.0": {
							"post": [0, 0, 0],
							"lerp_mode": "catmullrom"
						}
					}
				},
				"lefthand_pos": {
					"rotation": {
						"0.0": [0, 0, 0],
						"1.5": [0, 0, 0]
					},
					"position": {
						"0.0": [0, 0, 0],
						"0.2917": [2.8125, -4.4375, 2.5],
						"1.125": [2.8125, -4.4375, 2.5],
						"1.5": [0, 0, 0]
					}
				},
				"bone2": {
					"position": {
						"0.0": [0, 0, 0],
						"0.125": [0, 0, 1.6875],
						"1.0833": [0, 0, 1.6875],
						"1.2083": [0, 0, 0]
					}
				},
				"magazine": {
					"rotation": [0, 0, 0],
					"position": [0, 0, 0],
					"scale": {
						"0.0": [0, 0, 0],
						"0.2083": [0, 0, 0],
						"0.25": [1, 1, 1]
					}
				},
				"camera": {
					"rotation": {
						"0.0": {
							"post": [0, 0, 0],
							"lerp_mode": "catmullrom"
						},
						"0.3333": {
							"post": [0, 5, 0],
							"lerp_mode": "catmullrom"
						},
						"0.4583": {
							"post": [0, 5, 0],
							"lerp_mode": "catmullrom"
						},
						"0.5417": {
							"post": [-1.904, 5, 0],
							"lerp_mode": "catmullrom"
						},
						"0.75": {
							"post": [0, 5, 0],
							"lerp_mode": "catmullrom"
						},
						"0.9167": {
							"post": [0, 5, 0],
							"lerp_mode": "catmullrom"
						},
						"1.0": {
							"post": [0, 5, 0],
							"lerp_mode": "catmullrom"
						},
						"1.0833": {
							"post": [-3, 5, 0],
							"lerp_mode": "catmullrom"
						},
						"1.25": {
							"post": [0, 0, 0],
							"lerp_mode": "catmullrom"
						},
						"1.75": {
							"post": [0, 0, 0],
							"lerp_mode": "catmullrom"
						}
					}
				}
			}
		},
		"static_idle": {
			"loop": true,
			"bones": {
				"lh": {
					"rotation": [104.41741, -8.06723, -198.01172],
					"position": [8, -10.3, 6.7],
					"scale": [1, 1.5, 1]
				},
				"rh": {
					"rotation": [90.66963, 14.98539, -177.41193],
					"position": [-9.70679, -4.25, 23.66921],
					"scale": [1, 1.5, 1]
				},
				"constraint": {
					"rotation": [0.2, 0.2, 0.2],
					"position": [0.2, 0.2, 0.2]
				},
				"pickaxe": {
					"scale": 0
				}
			}
		},
		"inspect_empty": {
			"loop": true,
			"animation_length": 5.25,
			"bones": {
				"lh": {
					"rotation": {
						"0.0": {
							"post": [104.41741, -8.06723, -198.01172],
							"lerp_mode": "catmullrom"
						},
						"0.4583": {
							"post": [96.55259, -15.15358, -160.36222],
							"lerp_mode": "catmullrom"
						},
						"1.4583": {
							"post": [96.55, -15.15, -160.36],
							"lerp_mode": "catmullrom"
						},
						"2.125": {
							"post": [104.41741, -8.06723, -198.01172],
							"lerp_mode": "catmullrom"
						}
					},
					"position": {
						"0.0": {
							"post": [8, -10.3, 6.7],
							"lerp_mode": "catmullrom"
						},
						"0.4583": [6.60495, -20.68225, 8.50628],
						"1.625": [6.60495, -20.68225, 8.50628],
						"2.2917": {
							"pre": [8, -10.3, 6.7],
							"post": [8, -10.3, 6.7],
							"lerp_mode": "catmullrom"
						}
					},
					"scale": {
						"0.0": {
							"post": [1, 1.5, 1],
							"lerp_mode": "catmullrom"
						}
					}
				},
				"rh": {
					"rotation": [90.66963, 14.98539, -177.41193],
					"position": [-9.70679, -4.25, 23.66921],
					"scale": [1, 1.5, 1]
				},
				"constraint": {
					"rotation": [0.2, 0.2, 0.2],
					"position": [0.2, 0.2, 0.2]
				},
				"pickaxe": {
					"scale": 0
				},
				"root": {
					"rotation": {
						"0.0": [0, 0, 0],
						"0.0417": [-1.15, 0.01, -0.57],
						"0.0833": [-2.8, 0.11, -1.25],
						"0.125": [-4.67, -0.36, -2.89],
						"0.1667": [-6.5, -2.07, -6.35],
						"0.2083": [-8.7, -5.62, -12.48],
						"0.25": [-11.25, -10.49, -20.61],
						"0.2917": [-13.25, -15.76, -29.32],
						"0.3333": [-13.79, -20.46, -37.21],
						"0.375": [-12.04, -24.63, -44.41],
						"0.4167": [-8.68, -28.68, -51.5],
						"0.4583": [-5.08, -32.24, -57.74],
						"0.5": [-2.6, -34.94, -62.39],
						"0.5417": [-1.81, -36.28, -64.57],
						"0.5833": [-1.62, -36.99, -65.62],
						"0.625": [-1.77, -37.31, -65.94],
						"0.6667": [-1.99, -37.45, -65.98],
						"0.7083": [-2.02, -37.63, -66.14],
						"0.75": [-1.93, -37.76, -66.3],
						"0.7917": [-1.83, -37.84, -66.37],
						"0.8333": [-1.71, -37.87, -66.38],
						"0.875": [-1.59, -37.87, -66.34],
						"0.9167": [-1.48, -37.85, -66.28],
						"0.9583": [-1.36, -37.83, -66.2],
						"1.0": [-1.26, -37.8, -66.14],
						"1.0417": [-1.18, -37.78, -66.1],
						"1.0833": [-1.11, -37.79, -66.11],
						"1.125": [-1.04, -37.83, -66.2],
						"1.1667": [-1.02, -37.87, -66.34],
						"1.2083": [-1.03, -37.92, -66.5],
						"1.25": [-1.05, -37.96, -66.66],
						"1.2917": [-1.05, -37.98, -66.79],
						"1.3333": [-1.05, -37.99, -66.88],
						"1.375": [-1.05, -38, -66.96],
						"1.4167": [-1.05, -37.99, -67.03],
						"1.4583": [-1.05, -37.98, -67.1],
						"1.5": [-1.05, -37.97, -67.18],
						"1.5417": [-1.05, -37.97, -67.26],
						"1.5833": [-1.06, -37.96, -67.41],
						"1.625": [-1.06, -37.95, -67.59],
						"1.6667": [-1.07, -37.94, -67.77],
						"1.7083": [-1.07, -37.92, -67.87],
						"1.75": [-1.07, -37.9, -67.83],
						"1.7917": [-1.08, -37.89, -67.79],
						"1.8333": [-1.09, -37.87, -67.77],
						"1.875": [-1.09, -37.84, -67.69],
						"1.9167": [-1.1, -37.82, -67.45],
						"1.9583": [-1.11, -37.8, -66.96],
						"2.0": [-1.11, -37.79, -66.11],
						"2.0417": [-0.77, -38.16, -64.83],
						"2.0833": [-0.2, -38.8, -63.37],
						"2.125": [-0.09, -38.94, -60.53],
						"2.1667": [-1.11, -37.79, -55.11],
						"2.2083": [-7.29, -30.97, -34.42],
						"2.25": [-15.62, -21.36, -9.19],
						"2.2917": [-25, -10.06, 16],
						"2.3333": [-32.91, 0.97, 38.17],
						"2.375": [-34.65, 5.41, 45.94],
						"2.4167": [-35.29, 9.45, 52.05],
						"2.4583": [-35.41, 12.79, 56.66],
						"2.5": [-35.64, 15.19, 59.92],
						"2.5417": [-36.05, 16.27, 61.33],
						"2.5833": [-36.35, 16.27, 60.97],
						"2.625": [-36.57, 15.83, 59.93],
						"2.6667": [-36.72, 15.58, 59.25],
						"2.7083": [-36.8, 15.6, 58.91],
						"2.75": [-36.73, 15.56, 58.77],
						"2.7917": [-36.74, 15.54, 58.83],
						"2.8333": [-36.75, 15.52, 58.96],
						"2.875": [-36.76, 15.49, 59.13],
						"2.9167": [-36.77, 15.47, 59.3],
						"2.9583": [-36.77, 15.45, 59.45],
						"3.0": [-36.77, 15.45, 59.55],
						"3.0417": [-36.78, 15.44, 59.51],
						"3.0833": [-36.78, 15.42, 59.36],
						"3.125": [-36.79, 15.4, 59.16],
						"3.1667": [-36.79, 15.39, 58.97],
						"3.2083": [-36.79, 15.39, 58.84],
						"3.25": [-36.78, 15.42, 58.84],
						"3.2917": [-36.76, 15.49, 59.01],
						"3.3333": [-36.72, 15.6, 59.43],
						"3.375": [-36.61, 15.92, 60.8],
						"3.4167": [-36.45, 16.38, 62.81],
						"3.4583": [-36.28, 16.88, 65.05],
						"3.5": [-36.12, 17.34, 67.1],
						"3.5417": [-36, 17.68, 68.54],
						"3.5833": [-35.97, 17.79, 68.97],
						"3.625": [-35.95, 17.88, 69.27],
						"3.6667": [-35.94, 17.94, 69.48],
						"3.7083": [-35.94, 17.98, 69.59],
						"3.75": [-35.94, 18.01, 69.63],
						"3.7917": [-35.95, 18.03, 69.62],
						"3.8333": [-35.95, 18.04, 69.57],
						"3.875": [-35.95, 18.05, 69.51],
						"3.9167": [-35.95, 18.05, 69.44],
						"3.9583": [-35.93, 18.05, 69.4],
						"4.0": [-35.92, 18.05, 69.38],
						"4.0417": [-35.93, 18.05, 69.37],
						"4.0833": [-35.94, 18.05, 69.37],
						"4.125": [-35.95, 18.04, 69.33],
						"4.1667": [-35.94, 18.01, 69.25],
						"4.2083": [-35.92, 17.98, 69.08],
						"4.25": [-35.86, 17.92, 68.81],
						"4.2917": [-35.77, 17.85, 68.41],
						"4.3333": [-35.63, 17.76, 67.86],
						"4.375": [-35.68, 17.86, 66.51],
						"4.4167": [-35.9, 18.14, 64.85],
						"4.4583": [-35.33, 17.83, 62.24],
						"4.5": [-33, 16.18, 58.04],
						"4.5417": [-27.82, 12.16, 51.32],
						"4.5833": [-20.56, 6.43, 42.69],
						"4.625": [-13.14, 0.83, 33.75],
						"4.6667": [-7.42, -2.84, 26.12],
						"4.7083": [-3.06, -3.62, 18.13],
						"4.75": [-0.62, -2.05, 11.52],
						"4.7917": [0.81, -0.65, 6.5],
						"4.8333": [1.18, -0.29, 3.45],
						"4.875": [0.55, -0.11, 2],
						"4.9167": [0, 0, 1.25],
						"4.9583": [-0.05, 0.04, 2.33],
						"5.0": [-0.03, 0.02, 1.51],
						"5.0417": [0, 0, 0.5],
						"5.0833": [0, 0, 0.22],
						"5.125": [0, 0, 0.08],
						"5.1667": [0, 0, 0],
						"5.2083": [0, 0, -0.03],
						"5.25": [0, 0, -0.03]
					},
					"position": {
						"0.0": [0, 0, 0],
						"0.0417": [-0.12, -0.06, -0.65],
						"0.0833": [-0.21, -0.24, -1.04],
						"0.125": [-0.32, -0.48, -1.55],
						"0.1667": [-0.43, -0.72, -2.03],
						"0.2083": [-0.53, -0.87, -2.35],
						"0.25": [-0.62, -0.94, -2.44],
						"0.2917": [-0.69, -0.9, -2.33],
						"0.3333": [-0.83, -0.8, -2.25],
						"0.375": [-1.08, -0.62, -2.3],
						"0.4167": [-1.4, -0.38, -2.39],
						"0.4583": [-1.68, -0.15, -2.45],
						"0.5": [-1.94, 0.14, -2.47],
						"0.5417": [-2.1, 0.36, -2.46],
						"0.5833": [-2.13, 0.39, -2.46],
						"0.625": [-2.12, 0.39, -2.45],
						"0.6667": [-2.1, 0.37, -2.45],
						"0.7083": [-2.09, 0.35, -2.44],
						"0.75": [-2.09, 0.33, -2.43],
						"0.7917": [-2.09, 0.29, -2.43],
						"0.8333": [-2.08, 0.25, -2.42],
						"0.875": [-2.08, 0.21, -2.42],
						"0.9167": [-2.08, 0.2, -2.41],
						"0.9583": [-2.08, 0.2, -2.4],
						"1.0": [-2.08, 0.21, -2.4],
						"1.0417": [-2.07, 0.24, -2.4],
						"1.0833": [-2.07, 0.25, -2.39],
						"1.125": [-2.07, 0.25, -2.39],
						"1.1667": [-2.07, 0.26, -2.38],
						"1.2083": [-2.06, 0.26, -2.38],
						"1.25": [-2.06, 0.26, -2.37],
						"1.2917": [-2.06, 0.26, -2.37],
						"1.3333": [-2.06, 0.26, -2.36],
						"1.375": [-2.06, 0.26, -2.36],
						"1.4167": [-2.05, 0.25, -2.35],
						"1.4583": [-2.05, 0.25, -2.35],
						"1.5": [-2.05, 0.22, -2.34],
						"1.5417": [-2.04, 0.18, -2.33],
						"1.5833": [-2.03, 0.14, -2.32],
						"1.625": [-2.03, 0.09, -2.32],
						"1.6667": [-2.02, 0.06, -2.31],
						"1.7083": [-2.02, 0.04, -2.3],
						"1.75": [-2.02, 0.03, -2.29],
						"1.7917": [-2.02, 0.05, -2.28],
						"1.8333": [-2.02, 0.07, -2.28],
						"1.875": [-2.01, 0.08, -2.27],
						"1.9167": [-2, 0.07, -2.26],
						"1.9583": [-2.01, 0.04, -2.25],
						"2.0": [-2, -0.03, -2.24],
						"2.0417": [-1.84, -0.23, -2.21],
						"2.0833": [-1.6, -0.53, -2.19],
						"2.125": [-1.27, -0.95, -2.19],
						"2.1667": [-0.9, -1.38, -2.16],
						"2.2083": [-0.58, -1.69, -2.11],
						"2.25": [-0.35, -1.77, -1.99],
						"2.2917": [-0.27, -1.59, -1.82],
						"2.3333": [-0.25, -1.22, -1.59],
						"2.375": [-0.27, -0.74, -1.33],
						"2.4167": [-0.31, -0.23, -1.07],
						"2.4583": [-0.35, 0.22, -0.84],
						"2.5": [-0.37, 0.55, -0.67],
						"2.5417": [-0.37, 0.73, -0.57],
						"2.5833": [-0.38, 0.84, -0.51],
						"2.625": [-0.38, 0.89, -0.48],
						"2.6667": [-0.39, 0.92, -0.46],
						"2.7083": [-0.39, 0.93, -0.46],
						"2.75": [-0.39, 0.95, -0.44],
						"2.7917": [-0.4, 0.97, -0.43],
						"2.8333": [-0.4, 0.98, -0.43],
						"2.875": [-0.4, 0.98, -0.43],
						"2.9167": [-0.39, 0.98, -0.43],
						"2.9583": [-0.39, 0.97, -0.43],
						"3.0": [-0.39, 0.95, -0.43],
						"3.0417": [-0.39, 0.94, -0.44],
						"3.0833": [-0.39, 0.93, -0.44],
						"3.125": [-0.39, 0.93, -0.44],
						"3.1667": [-0.39, 0.92, -0.44],
						"3.2083": [-0.39, 0.91, -0.44],
						"3.25": [-0.39, 0.9, -0.44],
						"3.2917": [-0.39, 0.9, -0.45],
						"3.3333": [-0.39, 0.89, -0.45],
						"3.375": [-0.39, 0.88, -0.45],
						"3.4167": [-0.39, 0.87, -0.45],
						"3.4583": [-0.39, 0.86, -0.45],
						"3.5": [-0.39, 0.85, -0.45],
						"3.5417": [-0.39, 0.84, -0.46],
						"3.5833": [-0.39, 0.83, -0.46],
						"3.625": [-0.39, 0.82, -0.46],
						"3.6667": [-0.39, 0.81, -0.46],
						"3.7083": [-0.39, 0.8, -0.46],
						"3.75": [-0.39, 0.8, -0.46],
						"3.7917": [-0.39, 0.79, -0.47],
						"3.8333": [-0.39, 0.78, -0.47],
						"3.875": [-0.39, 0.78, -0.47],
						"3.9167": [-0.39, 0.77, -0.47],
						"3.9583": [-0.39, 0.76, -0.47],
						"4.0": [-0.39, 0.75, -0.47],
						"4.0417": [-0.39, 0.75, -0.48],
						"4.0833": [-0.39, 0.74, -0.48],
						"4.125": [-0.39, 0.74, -0.48],
						"4.1667": [-0.39, 0.74, -0.48],
						"4.2083": [-0.39, 0.74, -0.48],
						"4.25": [-0.39, 0.74, -0.48],
						"4.2917": [-0.38, 0.77, -0.48],
						"4.3333": [-0.38, 0.8, -0.48],
						"4.375": [-0.37, 0.81, -0.48],
						"4.4167": [-0.36, 0.79, -0.48],
						"4.4583": [-0.35, 0.72, -0.47],
						"4.5": [-0.32, 0.54, -0.47],
						"4.5417": [-0.28, 0.28, -0.47],
						"4.5833": [-0.23, 0, -0.47],
						"4.625": [-0.19, -0.26, -0.46],
						"4.6667": [-0.15, -0.42, -0.45],
						"4.7083": [-0.09, -0.48, -0.44],
						"4.75": [-0.04, -0.4, -0.43],
						"4.7917": [0, -0.3, -0.35],
						"4.8333": [0.03, -0.23, -0.2],
						"4.875": [0.07, -0.14, 0],
						"4.9167": [0.09, -0.06, 0.19],
						"4.9583": [0.1, 0, 0.3],
						"5.0": [0.06, 0.02, 0.19],
						"5.0417": [0, 0, 0],
						"5.0833": [-0.01, 0, -0.02],
						"5.125": [-0.01, 0, -0.02],
						"5.1667": [0, 0, -0.01],
						"5.2083": [0, 0, 0]
					}
				},
				"bullet": {
					"scale": 0
				}
			}
		},
		"melee_bayonet_1": {
			"loop": true,
			"animation_length": 0.9167,
			"bones": {
				"lh": {
					"rotation": [104.41741, -8.06723, -198.01172],
					"position": [8, -10.3, 6.7],
					"scale": [1, 1.5, 1]
				},
				"rh": {
					"rotation": {
						"0.0": {
							"post": [90.66963, 14.98539, -177.41193],
							"lerp_mode": "catmullrom"
						},
						"0.0417": {
							"post": [150.66963, 14.98539, -177.41193],
							"lerp_mode": "catmullrom"
						},
						"0.125": [60.09935, 0.88944, -172.22484],
						"0.4167": [60.09935, 0.88944, -172.22484],
						"0.5833": [119.55829, 18.91541, -183.63353],
						"0.7917": {
							"pre": [90.66963, 14.98539, -177.41193],
							"post": [90.66963, 14.98539, -177.41193],
							"lerp_mode": "catmullrom"
						},
						"0.9583": {
							"post": [90.66963, 14.98539, -177.41193],
							"lerp_mode": "catmullrom"
						}
					},
					"position": {
						"0.0": {
							"post": [-9.70679, -4.25, 23.66921],
							"lerp_mode": "catmullrom"
						},
						"0.0417": {
							"post": [-11.71, 1.75, 22.67],
							"lerp_mode": "catmullrom"
						},
						"0.125": [-9.71, -4.25, 10.67],
						"0.4167": [-9.8, -6.5, 11.89],
						"0.5833": [-7.83, 1.88, 19.91],
						"0.75": {
							"pre": [-9.70679, -4.25, 23.66921],
							"post": [-9.70679, -4.25, 23.66921],
							"lerp_mode": "catmullrom"
						},
						"0.9167": {
							"post": [-9.70679, -4.25, 23.66921],
							"lerp_mode": "catmullrom"
						}
					},
					"scale": [1, 1.5, 1]
				},
				"constraint": {
					"rotation": [0.2, 0.2, 0.2],
					"position": [0.2, 0.2, 0.2]
				},
				"gk2": {
					"rotation": {
						"0.0": {
							"post": [0, 0, 0],
							"lerp_mode": "catmullrom"
						},
						"0.0833": {
							"post": [20.94102, -8.42106, 20.94102],
							"lerp_mode": "catmullrom"
						},
						"0.5": {
							"post": [20.94102, -8.42106, 20.94102],
							"lerp_mode": "catmullrom"
						},
						"0.7917": {
							"post": [0, 0, 0],
							"lerp_mode": "catmullrom"
						},
						"1.0": {
							"post": [0, 0, 0],
							"lerp_mode": "catmullrom"
						}
					},
					"position": {
						"0.0": {
							"post": [0, 0, 0],
							"lerp_mode": "catmullrom"
						},
						"0.0833": {
							"post": [1, -7, 0],
							"lerp_mode": "catmullrom"
						},
						"0.5": {
							"post": [1, -7, 0],
							"lerp_mode": "catmullrom"
						},
						"0.7083": {
							"post": [0, 0, 0],
							"lerp_mode": "catmullrom"
						},
						"0.9167": {
							"post": [0, 0, 0],
							"lerp_mode": "catmullrom"
						}
					}
				},
				"lf_and_mag": {
					"rotation": {
						"0.0": {
							"post": [0, 0, 0],
							"lerp_mode": "catmullrom"
						},
						"0.0833": {
							"post": [20.94102, -8.42106, 20.94102],
							"lerp_mode": "catmullrom"
						},
						"0.5": {
							"post": [20.94102, -8.42106, 20.94102],
							"lerp_mode": "catmullrom"
						},
						"0.7917": {
							"post": [0, 0, 0],
							"lerp_mode": "catmullrom"
						},
						"1.0": {
							"post": [0, 0, 0],
							"lerp_mode": "catmullrom"
						}
					},
					"position": {
						"0.0": {
							"post": [0, 0, 0],
							"lerp_mode": "catmullrom"
						},
						"0.0833": {
							"post": [0, -13, 0],
							"lerp_mode": "catmullrom"
						},
						"0.5": {
							"post": [0, -13, 0],
							"lerp_mode": "catmullrom"
						},
						"0.7083": {
							"post": [0, 0, 0],
							"lerp_mode": "catmullrom"
						},
						"0.9167": {
							"post": [0, 0, 0],
							"lerp_mode": "catmullrom"
						}
					}
				},
				"camera": {
					"rotation": {
						"0.0": {
							"post": [0, 0, 0],
							"lerp_mode": "catmullrom"
						},
						"0.0833": {
							"post": [-4.95744, 0.65182, 7.47178],
							"lerp_mode": "catmullrom"
						},
						"0.25": {
							"post": [16.68523, 5.09968, -9.47933],
							"lerp_mode": "catmullrom"
						},
						"0.5833": {
							"post": [16.69, 5.1, -9.48],
							"lerp_mode": "catmullrom"
						},
						"0.7917": {
							"post": [0, 0, 0],
							"lerp_mode": "catmullrom"
						}
					}
				},
				"pickaxe": {
					"rotation": {
						"0.0": [0, 0, 0],
						"0.0833": [0, 0, 22.5],
						"0.1667": [-20.94102, 8.42106, 20.94102],
						"0.4167": [0, 0, 0],
						"0.75": [-202.5, 0, 0]
					},
					"scale": {
						"0.0": {
							"post": [1, 0.4, 1],
							"lerp_mode": "catmullrom"
						},
						"0.0833": [1, 1, 1],
						"0.75": [1, 1, 1],
						"0.7917": {
							"pre": [0, 0, 0],
							"post": [0, 0, 0],
							"lerp_mode": "catmullrom"
						}
					}
				}
			}
		},
		"melee_bayonet_2": {
			"loop": true,
			"animation_length": 0.9167,
			"bones": {
				"lh": {
					"rotation": [104.41741, -8.06723, -198.01172],
					"position": [8, -10.3, 6.7],
					"scale": [1, 1.5, 1]
				},
				"rh": {
					"rotation": {
						"0.0": {
							"post": [90.66963, 14.98539, -177.41193],
							"lerp_mode": "catmullrom"
						},
						"0.0417": {
							"post": [150.66963, 14.98539, -177.41193],
							"lerp_mode": "catmullrom"
						},
						"0.125": {
							"post": [60.09935, 0.88944, -172.22484],
							"lerp_mode": "catmullrom"
						},
						"0.2917": {
							"post": [60.09935, 0.88944, -172.22484],
							"lerp_mode": "catmullrom"
						},
						"0.625": {
							"post": [119.55829, 18.91541, -183.63353],
							"lerp_mode": "catmullrom"
						},
						"0.7917": {
							"post": [90.66963, 14.98539, -177.41193],
							"lerp_mode": "catmullrom"
						},
						"0.9583": {
							"post": [90.66963, 14.98539, -177.41193],
							"lerp_mode": "catmullrom"
						}
					},
					"position": {
						"0.0": {
							"post": [-9.70679, -4.25, 23.66921],
							"lerp_mode": "catmullrom"
						},
						"0.0417": {
							"post": [-11.71, 1.75, 22.67],
							"lerp_mode": "catmullrom"
						},
						"0.125": {
							"post": [-9.71, -4.25, 10.67],
							"lerp_mode": "catmullrom"
						},
						"0.3333": {
							"post": [-9.8, -6.5, 11.89],
							"lerp_mode": "catmullrom"
						},
						"0.5833": {
							"post": [-7.83, 1.88, 19.91],
							"lerp_mode": "catmullrom"
						},
						"0.75": {
							"post": [-9.70679, -4.25, 23.66921],
							"lerp_mode": "catmullrom"
						},
						"0.9167": {
							"post": [-9.70679, -4.25, 23.66921],
							"lerp_mode": "catmullrom"
						}
					},
					"scale": [1, 1.5, 1]
				},
				"constraint": {
					"rotation": [0.2, 0.2, 0.2],
					"position": [0.2, 0.2, 0.2]
				},
				"gk2": {
					"rotation": {
						"0.0": {
							"post": [0, 0, 0],
							"lerp_mode": "catmullrom"
						},
						"0.0833": {
							"post": [20.94102, -8.42106, 20.94102],
							"lerp_mode": "catmullrom"
						},
						"0.5": {
							"post": [20.94102, -8.42106, 20.94102],
							"lerp_mode": "catmullrom"
						},
						"0.7917": {
							"post": [0, 0, 0],
							"lerp_mode": "catmullrom"
						},
						"1.0": {
							"post": [0, 0, 0],
							"lerp_mode": "catmullrom"
						}
					},
					"position": {
						"0.0": {
							"post": [0, 0, 0],
							"lerp_mode": "catmullrom"
						},
						"0.0833": {
							"post": [1, -7, 0],
							"lerp_mode": "catmullrom"
						},
						"0.5": {
							"post": [1, -7, 0],
							"lerp_mode": "catmullrom"
						},
						"0.7083": {
							"post": [0, 0, 0],
							"lerp_mode": "catmullrom"
						},
						"0.9167": {
							"post": [0, 0, 0],
							"lerp_mode": "catmullrom"
						}
					}
				},
				"lf_and_mag": {
					"rotation": {
						"0.0": {
							"post": [0, 0, 0],
							"lerp_mode": "catmullrom"
						},
						"0.0833": {
							"post": [20.94102, -8.42106, 20.94102],
							"lerp_mode": "catmullrom"
						},
						"0.5": {
							"post": [20.94102, -8.42106, 20.94102],
							"lerp_mode": "catmullrom"
						},
						"0.7917": {
							"post": [0, 0, 0],
							"lerp_mode": "catmullrom"
						},
						"1.0": {
							"post": [0, 0, 0],
							"lerp_mode": "catmullrom"
						}
					},
					"position": {
						"0.0": {
							"post": [0, 0, 0],
							"lerp_mode": "catmullrom"
						},
						"0.0833": {
							"post": [0, -13, 0],
							"lerp_mode": "catmullrom"
						},
						"0.5": {
							"post": [0, -13, 0],
							"lerp_mode": "catmullrom"
						},
						"0.7083": {
							"post": [0, 0, 0],
							"lerp_mode": "catmullrom"
						},
						"0.9167": {
							"post": [0, 0, 0],
							"lerp_mode": "catmullrom"
						}
					}
				},
				"camera": {
					"rotation": {
						"0.0": {
							"post": [0, 0, 0],
							"lerp_mode": "catmullrom"
						},
						"0.0833": {
							"post": [-4.95744, 0.65182, 7.47178],
							"lerp_mode": "catmullrom"
						},
						"0.25": {
							"post": [16.68523, 5.09968, -9.47933],
							"lerp_mode": "catmullrom"
						},
						"0.5833": {
							"post": [16.69, 5.1, -9.48],
							"lerp_mode": "catmullrom"
						},
						"0.7917": {
							"post": [0, 0, 0],
							"lerp_mode": "catmullrom"
						}
					}
				},
				"pickaxe": {
					"rotation": {
						"0.0": [0, 0, 0],
						"0.0833": [0, 0, 22.5],
						"0.1667": [-20.94102, 8.42106, 20.94102],
						"0.4167": [0, 0, 0],
						"0.75": [-202.5, 0, 0]
					},
					"scale": {
						"0.0": {
							"post": [1, 0.4, 1],
							"lerp_mode": "catmullrom"
						},
						"0.0833": [1, 1, 1],
						"0.75": [1, 1, 1],
						"0.7917": {
							"pre": [0, 0, 0],
							"post": [0, 0, 0],
							"lerp_mode": "catmullrom"
						}
					}
				}
			}
		},
		"melee_bayonet_3": {
			"loop": true,
			"animation_length": 0.9167,
			"bones": {
				"lh": {
					"rotation": [104.41741, -8.06723, -198.01172],
					"position": [8, -10.3, 6.7],
					"scale": [1, 1.5, 1]
				},
				"rh": {
					"rotation": {
						"0.0": {
							"post": [90.66963, 14.98539, -177.41193],
							"lerp_mode": "catmullrom"
						},
						"0.0417": {
							"post": [150.66963, 14.98539, -177.41193],
							"lerp_mode": "catmullrom"
						},
						"0.125": {
							"post": [60.09935, 0.88944, -172.22484],
							"lerp_mode": "catmullrom"
						},
						"0.2917": {
							"post": [60.09935, 0.88944, -172.22484],
							"lerp_mode": "catmullrom"
						},
						"0.625": {
							"post": [119.55829, 18.91541, -183.63353],
							"lerp_mode": "catmullrom"
						},
						"0.7917": {
							"post": [90.66963, 14.98539, -177.41193],
							"lerp_mode": "catmullrom"
						},
						"0.9583": {
							"post": [90.66963, 14.98539, -177.41193],
							"lerp_mode": "catmullrom"
						}
					},
					"position": {
						"0.0": {
							"post": [-9.70679, -4.25, 23.66921],
							"lerp_mode": "catmullrom"
						},
						"0.0417": {
							"post": [-11.71, 1.75, 22.67],
							"lerp_mode": "catmullrom"
						},
						"0.125": {
							"post": [-9.71, -4.25, 10.67],
							"lerp_mode": "catmullrom"
						},
						"0.3333": {
							"post": [-9.8, -6.5, 11.89],
							"lerp_mode": "catmullrom"
						},
						"0.5833": {
							"post": [-7.83, 1.88, 19.91],
							"lerp_mode": "catmullrom"
						},
						"0.75": {
							"post": [-9.70679, -4.25, 23.66921],
							"lerp_mode": "catmullrom"
						},
						"0.9167": {
							"post": [-9.70679, -4.25, 23.66921],
							"lerp_mode": "catmullrom"
						}
					},
					"scale": [1, 1.5, 1]
				},
				"constraint": {
					"rotation": [0.2, 0.2, 0.2],
					"position": [0.2, 0.2, 0.2]
				},
				"gk2": {
					"rotation": {
						"0.0": {
							"post": [0, 0, 0],
							"lerp_mode": "catmullrom"
						},
						"0.0833": {
							"post": [20.94102, -8.42106, 20.94102],
							"lerp_mode": "catmullrom"
						},
						"0.5": {
							"post": [20.94102, -8.42106, 20.94102],
							"lerp_mode": "catmullrom"
						},
						"0.7917": {
							"post": [0, 0, 0],
							"lerp_mode": "catmullrom"
						},
						"1.0": {
							"post": [0, 0, 0],
							"lerp_mode": "catmullrom"
						}
					},
					"position": {
						"0.0": {
							"post": [0, 0, 0],
							"lerp_mode": "catmullrom"
						},
						"0.0833": {
							"post": [1, -7, 0],
							"lerp_mode": "catmullrom"
						},
						"0.5": {
							"post": [1, -7, 0],
							"lerp_mode": "catmullrom"
						},
						"0.7083": {
							"post": [0, 0, 0],
							"lerp_mode": "catmullrom"
						},
						"0.9167": {
							"post": [0, 0, 0],
							"lerp_mode": "catmullrom"
						}
					}
				},
				"lf_and_mag": {
					"rotation": {
						"0.0": {
							"post": [0, 0, 0],
							"lerp_mode": "catmullrom"
						},
						"0.0833": {
							"post": [20.94102, -8.42106, 20.94102],
							"lerp_mode": "catmullrom"
						},
						"0.5": {
							"post": [20.94102, -8.42106, 20.94102],
							"lerp_mode": "catmullrom"
						},
						"0.7917": {
							"post": [0, 0, 0],
							"lerp_mode": "catmullrom"
						},
						"1.0": {
							"post": [0, 0, 0],
							"lerp_mode": "catmullrom"
						}
					},
					"position": {
						"0.0": {
							"post": [0, 0, 0],
							"lerp_mode": "catmullrom"
						},
						"0.0833": {
							"post": [0, -13, 0],
							"lerp_mode": "catmullrom"
						},
						"0.5": {
							"post": [0, -13, 0],
							"lerp_mode": "catmullrom"
						},
						"0.7083": {
							"post": [0, 0, 0],
							"lerp_mode": "catmullrom"
						},
						"0.9167": {
							"post": [0, 0, 0],
							"lerp_mode": "catmullrom"
						}
					}
				},
				"camera": {
					"rotation": {
						"0.0": {
							"post": [0, 0, 0],
							"lerp_mode": "catmullrom"
						},
						"0.0833": {
							"post": [-4.95744, 0.65182, 7.47178],
							"lerp_mode": "catmullrom"
						},
						"0.25": {
							"post": [16.68523, 5.09968, -9.47933],
							"lerp_mode": "catmullrom"
						},
						"0.5833": {
							"post": [16.69, 5.1, -9.48],
							"lerp_mode": "catmullrom"
						},
						"0.7917": {
							"post": [0, 0, 0],
							"lerp_mode": "catmullrom"
						}
					}
				},
				"pickaxe": {
					"rotation": {
						"0.0": [0, 0, 0],
						"0.0833": [0, 0, 22.5],
						"0.1667": [-20.94102, 8.42106, 20.94102],
						"0.4167": [0, 0, 0],
						"0.75": [-202.5, 0, 0]
					},
					"scale": {
						"0.0": {
							"post": [1, 0.4, 1],
							"lerp_mode": "catmullrom"
						},
						"0.0833": [1, 1, 1],
						"0.75": [1, 1, 1],
						"0.7917": {
							"pre": [0, 0, 0],
							"post": [0, 0, 0],
							"lerp_mode": "catmullrom"
						}
					}
				}
			}
		},
		"inspect": {
			"animation_length": 8.0667,
			"bones": {
				"mag_and_lefthand": {
					"rotation": {
						"2.9": [0, 0, 0],
						"3.0": [0, 0, 0],
						"3.2": [0, 0, 0],
						"3.3667": {
							"pre": [0, 0, 0],
							"post": [0, 0, 0],
							"lerp_mode": "catmullrom"
						},
						"3.5667": {
							"post": [-0.90904, -6.80041, 0.13291],
							"lerp_mode": "catmullrom"
						},
						"3.7667": {
							"post": [-5.57883, -11.04972, 3.16753],
							"lerp_mode": "catmullrom"
						},
						"4.1": {
							"post": [-8.72535, -7.91594, 6.76449],
							"lerp_mode": "catmullrom"
						},
						"4.3": {
							"post": [-9.3, -6.79, 1.4],
							"lerp_mode": "catmullrom"
						},
						"4.4333": {
							"post": [-5.64649, -8.78819, -14.22248],
							"lerp_mode": "catmullrom"
						},
						"4.6": {
							"post": [-2.52626, -7.58991, -16.82727],
							"lerp_mode": "catmullrom"
						},
						"4.7667": [0, 0, 0],
						"4.8": [0, 0, 0],
						"4.9667": [-2, 0, 0],
						"5.0667": [-2, 0, 0],
						"5.1": [0, 0, 0],
						"5.1667": [0, 0, 0],
						"5.4": [0, 0, 0]
					},
					"position": {
						"2.9": [0, 0, 0],
						"3.0": [0, -1.77, 0.7],
						"3.2": [0, -1.77, 0.7],
						"3.3667": {
							"pre": [-0.06746, -5.22815, 2.11691],
							"post": [-0.06746, -5.22815, 2.11691],
							"lerp_mode": "catmullrom"
						},
						"3.5": {
							"post": [0.34734, -9.32727, 1.81573],
							"lerp_mode": "catmullrom"
						},
						"3.6667": {
							"post": [4.55678, -5.14159, 2.26016],
							"lerp_mode": "catmullrom"
						},
						"3.8": {
							"post": [5.7, -4.2, 1.8],
							"lerp_mode": "catmullrom"
						},
						"4.0": {
							"post": [5.71031, -3.96353, 1.7149],
							"lerp_mode": "catmullrom"
						},
						"4.3": {
							"post": [5.7, -4.2, 1.8],
							"lerp_mode": "catmullrom"
						},
						"4.4333": {
							"post": [4.07, -5.07, 1.89],
							"lerp_mode": "catmullrom"
						},
						"4.6": {
							"post": [2.44, -5.93, 1.97],
							"lerp_mode": "catmullrom"
						},
						"4.7667": [0, -5.225, 1.35],
						"4.8": [0, -5.225, 1.35],
						"4.9": [0, -5.42, 1.65],
						"4.9667": [0, -5.275, 1.625],
						"5.0667": [0, -5.1, 1.725],
						"5.1": [0, -4.775, 1.925],
						"5.1667": [0, 0, 0],
						"5.4": [0, 0, 0]
					}
				},
				"lefthand": {
					"rotation": {
						"0.1": [104.41741, -8.06723, -198.01172],
						"0.2667": [117.30897, -44.74439, -197.59411],
						"0.4": [92.43286, -42.35775, -144.3706],
						"2.4": [92.43286, -42.35775, -144.3706],
						"2.6": [120.62851, -8.48775, -193.60482],
						"2.7": [121.50104, -15.34359, -197.8213],
						"2.8": [120.99754, -11.92351, -195.6864],
						"2.9": [120.99754, -11.92351, -195.6864],
						"3.0": [105.80689, -29.94388, -161.02717],
						"3.1667": [78.86829, -31.18798, -110.80756],
						"4.2667": [78.86829, -31.18798, -110.80756],
						"5.2": [78.86829, -31.18798, -110.80756],
						"5.4": [78.86829, -31.18798, -110.80756],
						"5.5": [88.77, -23.12, -163.8],
						"5.7": [108.58605, -6.97365, -269.78512],
						"5.8": [108.76, -10.13, -270.87],
						"5.9": [121.85017, -11.70952, -271.41079],
						"6.0667": [102.15901, -4.63996, -264.07389],
						"6.2": [102.32677, -5.76406, -267.14413],
						"6.4": [102.77379, -9.17631, -271.61444],
						"6.6": [102.55799, -10.57765, -270.2093],
						"6.8": [102.60707, -9.9852, -270.22552],
						"7.0667": [102.60707, -9.9852, -270.22552],
						"7.1": [104.56523, -14.27253, -297.23365],
						"7.2": [125.39192, 4.89155, -293.89495],
						"7.4667": [104.41741, -8.06723, -198.01172]
					},
					"position": {
						"0.1": [8, -10.3, -6.3],
						"0.2667": [8.02702, -15.48569, 0.0458],
						"0.4": [9.64611, -20.50474, 7.64554],
						"2.4": [9.64611, -20.50474, 7.64554],
						"2.6": [9.48668, -12.39341, -5.00641],
						"2.7": [9.14105, -10.98283, -4.74036],
						"2.9": [9.14105, -10.98283, -4.74036],
						"3.1": [8.55, -13.24, -3.83],
						"3.1667": [7.4, -13.8, -3.6],
						"4.2667": [7.4, -13.8, -3.6],
						"5.2": [7.4, -13.8, -3.6],
						"5.4": [7.36853, -14.25859, -3.31945],
						"5.5": [9.43521, -10.3576, -4.94356],
						"5.6": [9.28, -7.73, -5.66],
						"5.7": [9.2, -6.8, -8],
						"5.8667": [9.2, -6.8, -8.1],
						"5.9667": [10, -6.8, -6.95],
						"6.0667": [9.8, -6.8, -5.4],
						"6.1667": [9.8, -6.8, -5.26],
						"6.3667": [9.8, -6.8, -4.28],
						"6.4": [9.8, -6.8, -4.2],
						"6.6667": [9.8, -6.8, -4.125],
						"6.9": [9.8, -6.8, -4.17],
						"7.0667": [9.8, -6.8, -4.07],
						"7.1": [10.6, -6.2, -2.47],
						"7.2": [11.60858, -6.40018, -1.95275],
						"7.3667": [11.08315, -8.40382, -4.92315],
						"7.4667": [8, -10.3, -6.3]
					},
					"scale": [1, 1.5, 1]
				},
				"bullet": {
					"scale": 1
				},
				"righthand": {
					"rotation": [97.52832, -355.04288, -179.34574],
					"position": [-6.8, -10, 3],
					"scale": [1, 1.5, 1]
				},
				"vector45_bolt": {
					"position": {
						"6.1667": [0, 0, 0],
						"6.3667": [0, 0, 1.23],
						"6.4": [0, 0, 1.3],
						"6.6667": [0, 0, 1.3],
						"6.9": [0, 0, 1.275],
						"7.0667": [0, 0, 1.37],
						"7.1": [0, 0, 0]
					}
				},
				"fix": {
					"rotation": {
						"5.8667": [0, 0, 0],
						"6.0667": [0, -90, 0],
						"7.0667": [0, -90, 0],
						"7.1": [0, 0, 0]
					}
				},
				"root": {
					"rotation": {
						"0.0": {
							"post": [0, 0, 0],
							"lerp_mode": "catmullrom"
						},
						"0.1": {
							"post": [-0.48222, -10.32879, -10.6371],
							"lerp_mode": "catmullrom"
						},
						"0.2667": {
							"post": [-7.81643, -38.04124, -43.59864],
							"lerp_mode": "catmullrom"
						},
						"0.4": {
							"post": [0.52853, -46.12895, -62.22092],
							"lerp_mode": "catmullrom"
						},
						"0.6": {
							"post": [2.35707, -46.56151, -65.14637],
							"lerp_mode": "catmullrom"
						},
						"1.4": {
							"post": [3.9, -46, -66.9],
							"lerp_mode": "catmullrom"
						},
						"1.5": {
							"post": [10.5, -46.1, -76.07],
							"lerp_mode": "catmullrom"
						},
						"1.6": {
							"post": [12.04584, -46.16492, -78.2249],
							"lerp_mode": "catmullrom"
						},
						"1.7667": {
							"post": [9.46623, -46.63168, -74.66322],
							"lerp_mode": "catmullrom"
						},
						"2.0": {
							"post": [9.95239, -46.86376, -75.17502],
							"lerp_mode": "catmullrom"
						},
						"2.3": {
							"post": [9.61908, -43.90831, -74.82758],
							"lerp_mode": "catmullrom"
						},
						"2.5": {
							"post": [-13.05553, -29.41404, -39.12332],
							"lerp_mode": "catmullrom"
						},
						"2.6667": {
							"post": [-24.46, -29.06, -26.67],
							"lerp_mode": "catmullrom"
						},
						"2.8": {
							"post": [-24.77, -29.29, -26.41],
							"lerp_mode": "catmullrom"
						},
						"2.8667": {
							"post": [-25.53854, -28.5824, -24.30434],
							"lerp_mode": "catmullrom"
						},
						"2.9": {
							"post": [-26.02602, -27.90024, -23.26298],
							"lerp_mode": "catmullrom"
						},
						"3.1667": {
							"post": [-22.12661, -30.06214, -26.94814],
							"lerp_mode": "catmullrom"
						},
						"3.2667": {
							"post": [-17.89823, -31.26039, -38.8467],
							"lerp_mode": "catmullrom"
						},
						"3.3667": {
							"post": [-18.02675, -29.59281, -39.11901],
							"lerp_mode": "catmullrom"
						},
						"3.5": {
							"post": [-23.88068, -23.89861, -27.05986],
							"lerp_mode": "catmullrom"
						},
						"3.6": {
							"post": [-25.80209, -22.09574, -23.61591],
							"lerp_mode": "catmullrom"
						},
						"4.4667": {
							"post": [-26.42779, -21.32537, -21.92459],
							"lerp_mode": "catmullrom"
						},
						"4.6": {
							"post": [-20.88003, -27.95795, -23.38356],
							"lerp_mode": "catmullrom"
						},
						"4.7": {
							"post": [-13.29, -35, -31.65],
							"lerp_mode": "catmullrom"
						},
						"4.7667": {
							"post": [-7.08214, -39.04067, -40.65146],
							"lerp_mode": "catmullrom"
						},
						"4.8": {
							"post": [-4.53034, -42.10711, -40.64172],
							"lerp_mode": "catmullrom"
						},
						"4.9667": {
							"post": [-9.6791, -40.56442, -33.31033],
							"lerp_mode": "catmullrom"
						},
						"5.1": {
							"post": [-7.5921, -39.73003, -37.48158],
							"lerp_mode": "catmullrom"
						},
						"5.1667": {
							"post": [-15.61372, -37.31708, -24.62412],
							"lerp_mode": "catmullrom"
						},
						"5.2": {
							"post": [-10.19401, -38.49259, -33.45924],
							"lerp_mode": "catmullrom"
						},
						"5.3": {
							"post": [-10.47873, -36.44176, -27.0159],
							"lerp_mode": "catmullrom"
						},
						"5.4": {
							"post": [-5.42836, -33.76964, -25.99474],
							"lerp_mode": "catmullrom"
						},
						"5.5": {
							"post": [-19.91, -11.23, 17.39],
							"lerp_mode": "catmullrom"
						},
						"5.6": {
							"post": [-21.4, 8.05, 41.61],
							"lerp_mode": "catmullrom"
						},
						"5.7": {
							"post": [-31.70115, 25.78948, 56.73817],
							"lerp_mode": "catmullrom"
						},
						"5.8": {
							"post": [-35.075, 31.85, 60.09],
							"lerp_mode": "catmullrom"
						},
						"5.9": {
							"post": [-35.57112, 31.41816, 59.11623],
							"lerp_mode": "catmullrom"
						},
						"6.1667": {
							"post": [-35.81705, 31.19425, 58.63371],
							"lerp_mode": "catmullrom"
						},
						"6.3667": {
							"post": [-32.86454, 33.59838, 64.23084],
							"lerp_mode": "catmullrom"
						},
						"6.6": {
							"post": [-34.31093, 32.46214, 61.51885],
							"lerp_mode": "catmullrom"
						},
						"6.9": {
							"post": [-33.77134, 32.90427, 62.54453],
							"lerp_mode": "catmullrom"
						},
						"7.0": {
							"post": [-34.145, 32.6, 61.83],
							"lerp_mode": "catmullrom"
						},
						"7.0667": {
							"post": [-36.14709, 29.23727, 56.89595],
							"lerp_mode": "catmullrom"
						},
						"7.1": {
							"post": [-30.5461, 32.38395, 65.15087],
							"lerp_mode": "catmullrom"
						},
						"7.1667": {
							"post": [-38.95299, 28.16757, 52.23439],
							"lerp_mode": "catmullrom"
						},
						"7.2667": {
							"post": [-29.02628, 24.23817, 50.85545],
							"lerp_mode": "catmullrom"
						},
						"7.3667": {
							"post": [-7.61838, 4.90189, 37.11753],
							"lerp_mode": "catmullrom"
						},
						"7.4667": {
							"post": [-0.08, -1.71, 21.05],
							"lerp_mode": "catmullrom"
						},
						"7.5667": {
							"post": [5.1, 0.6, 6.7],
							"lerp_mode": "catmullrom"
						},
						"7.6667": {
							"post": [0, 0, 0],
							"lerp_mode": "catmullrom"
						},
						"7.7": {
							"post": [-0.18955, -0.01562, 1.75184],
							"lerp_mode": "catmullrom"
						},
						"7.8": {
							"post": [0, 0, -1.25],
							"lerp_mode": "catmullrom"
						},
						"7.9": {
							"post": [0.01, 0, 0.525],
							"lerp_mode": "catmullrom"
						},
						"8.0667": {
							"post": [0, 0, 0],
							"lerp_mode": "catmullrom"
						}
					},
					"position": {
						"0.0": {
							"post": [0, 0, 0],
							"lerp_mode": "catmullrom"
						},
						"0.2": {
							"post": [-0.07, -1.25, -2],
							"lerp_mode": "catmullrom"
						},
						"0.3667": {
							"post": [0.05, 0, -2.475],
							"lerp_mode": "catmullrom"
						},
						"0.5": {
							"post": [-0.12, -0.34, -2.23],
							"lerp_mode": "catmullrom"
						},
						"0.7": {
							"post": [-0.135, -0.445, -2.24],
							"lerp_mode": "catmullrom"
						},
						"1.1667": {
							"post": [0, -0.05, -2.3],
							"lerp_mode": "catmullrom"
						},
						"1.4667": {
							"post": [-0.06, 0.08, -2.38],
							"lerp_mode": "catmullrom"
						},
						"1.7": {
							"post": [-0.05, 0.625, -2.575],
							"lerp_mode": "catmullrom"
						},
						"2.1667": {
							"post": [-0.02, 0.76, -2.75],
							"lerp_mode": "catmullrom"
						},
						"2.3": {
							"post": [-0.1, 0.47, -2.395],
							"lerp_mode": "catmullrom"
						},
						"2.6": {
							"post": [-1.075, -1.485, -0.295],
							"lerp_mode": "catmullrom"
						},
						"2.7667": {
							"post": [-1.02, -1.905, 0.035],
							"lerp_mode": "catmullrom"
						},
						"2.8667": {
							"post": [-0.97, -1.86, 0.03],
							"lerp_mode": "catmullrom"
						},
						"3.0": {
							"post": [-1, -1.75, 0.03],
							"lerp_mode": "catmullrom"
						},
						"3.2": {
							"post": [-1.275, -1.71, 0.03],
							"lerp_mode": "catmullrom"
						},
						"3.3667": {
							"post": [-1.905, -1.13, -0.1],
							"lerp_mode": "catmullrom"
						},
						"3.5": {
							"post": [-3.23, -1.68, -0.11],
							"lerp_mode": "catmullrom"
						},
						"3.7": {
							"post": [-3.95, -2.555, -0.1],
							"lerp_mode": "catmullrom"
						},
						"3.8667": {
							"post": [-4.36, -2.46, -0.1],
							"lerp_mode": "catmullrom"
						},
						"4.1": {
							"post": [-4.335, -2.345, -0.1],
							"lerp_mode": "catmullrom"
						},
						"4.3": {
							"post": [-4.47, -2.45, -0.1],
							"lerp_mode": "catmullrom"
						},
						"4.4667": {
							"post": [-4.48, -2.28, -0.1],
							"lerp_mode": "catmullrom"
						},
						"4.6": {
							"post": [-4.31, -2.215, -0.1],
							"lerp_mode": "catmullrom"
						},
						"4.8": {
							"post": [-3.65, -0.885, -0.1],
							"lerp_mode": "catmullrom"
						},
						"4.9667": {
							"post": [-3.575, -1.065, -0.15],
							"lerp_mode": "catmullrom"
						},
						"5.1": {
							"post": [-3.5, -1.36, -0.1],
							"lerp_mode": "catmullrom"
						},
						"5.1667": {
							"post": [-3.4, -2.035, 0.125],
							"lerp_mode": "catmullrom"
						},
						"5.2667": {
							"post": [-3.4, -1.98, 0.13],
							"lerp_mode": "catmullrom"
						},
						"5.4": {
							"post": [-3.4, -2.285, 0.125],
							"lerp_mode": "catmullrom"
						},
						"5.5667": {
							"post": [-2.25, -2.29, 0.48],
							"lerp_mode": "catmullrom"
						},
						"5.7": {
							"post": [-2.14, -2.92, 0.74],
							"lerp_mode": "catmullrom"
						},
						"5.8667": {
							"post": [-2.28, -2.55, 0.85],
							"lerp_mode": "catmullrom"
						},
						"5.9": {
							"post": [-2.3, -2.465, 0.955],
							"lerp_mode": "catmullrom"
						},
						"6.0": {
							"post": [-2.27, -2.38, 0.91],
							"lerp_mode": "catmullrom"
						},
						"6.1": {
							"post": [-2.26, -2.33, 0.9],
							"lerp_mode": "catmullrom"
						},
						"6.3667": {
							"post": [-2.19, -2.16, 0.63],
							"lerp_mode": "catmullrom"
						},
						"6.5": {
							"post": [-2.2, -2.14, 0.57],
							"lerp_mode": "catmullrom"
						},
						"6.7": {
							"post": [-2.21, -2.22, 0.535],
							"lerp_mode": "catmullrom"
						},
						"7.1": {
							"post": [-2.25, -2.16, 0.63],
							"lerp_mode": "catmullrom"
						},
						"7.1667": {
							"post": [-2.335, -2.005, 0.155],
							"lerp_mode": "catmullrom"
						},
						"7.2667": {
							"post": [-2.32, -2.555, 0.325],
							"lerp_mode": "catmullrom"
						},
						"7.3667": {
							"post": [-2, -1.85, 0],
							"lerp_mode": "catmullrom"
						},
						"7.4667": {
							"post": [-1.15, -0.48, -0.335],
							"lerp_mode": "catmullrom"
						},
						"7.6": {
							"post": [0, -0.825, -0.79766],
							"lerp_mode": "catmullrom"
						},
						"7.6667": {
							"post": [0.07, -0.54, 0.26016],
							"lerp_mode": "catmullrom"
						},
						"7.7": {
							"post": [0, -0.2, 0.49063],
							"lerp_mode": "catmullrom"
						},
						"7.8": {
							"post": [0, -0.1, -0.22109],
							"lerp_mode": "catmullrom"
						},
						"7.9": {
							"post": [0, 0, 0.03125],
							"lerp_mode": "catmullrom"
						},
						"8.0667": {
							"post": [0, 0, 0],
							"lerp_mode": "catmullrom"
						}
					}
				},
				"rh": {
					"rotation": [90.66963, 14.98539, -177.41193],
					"position": [-9.70679, -4.25, 23.66921],
					"scale": [1, 1.5, 1]
				},
				"bone2": {
					"position": {
						"5.9667": [0, 0, 0],
						"6.0667": [0, 0, 2],
						"6.9667": [0, 0, 2],
						"7.1": [0, 0, 0]
					}
				},
				"lf_and_mag": {
					"rotation": {
						"2.9": [0, 0, 0],
						"3.0": [0, 0, 0],
						"3.2": [0, 0, 0],
						"3.3667": {
							"pre": [0, 0, 0],
							"post": [0, 0, 0],
							"lerp_mode": "catmullrom"
						},
						"3.5667": {
							"post": [-0.90904, -6.80041, 0.13291],
							"lerp_mode": "catmullrom"
						},
						"3.7667": {
							"post": [-5.57883, -11.04972, 3.16753],
							"lerp_mode": "catmullrom"
						},
						"4.1": {
							"post": [-8.72535, -7.91594, 6.76449],
							"lerp_mode": "catmullrom"
						},
						"4.3": {
							"post": [-9.3, -6.79, 1.4],
							"lerp_mode": "catmullrom"
						},
						"4.4333": {
							"post": [-5.64649, -8.78819, -14.22248],
							"lerp_mode": "catmullrom"
						},
						"4.6": {
							"post": [-2.52626, -7.58991, -16.82727],
							"lerp_mode": "catmullrom"
						},
						"4.7667": [0, 0, 0],
						"4.8": [0, 0, 0],
						"4.9667": [-2, 0, 0],
						"5.0667": [-2, 0, 0],
						"5.1": [0, 0, 0],
						"5.1667": [0, 0, 0],
						"5.4": [0, 0, 0]
					},
					"position": {
						"2.9": [0, 0, 0],
						"3.0": [0, -1.77, 0.7],
						"3.2": [0, -1.77, 0.7],
						"3.3667": {
							"pre": [-0.06746, -5.22815, 2.11691],
							"post": [-0.06746, -5.22815, 2.11691],
							"lerp_mode": "catmullrom"
						},
						"3.5": {
							"post": [0.34734, -9.32727, 1.81573],
							"lerp_mode": "catmullrom"
						},
						"3.6667": {
							"post": [4.55678, -5.14159, 2.26016],
							"lerp_mode": "catmullrom"
						},
						"3.8": {
							"post": [5.7, -4.2, 1.8],
							"lerp_mode": "catmullrom"
						},
						"4.0": {
							"post": [5.71031, -3.96353, 1.7149],
							"lerp_mode": "catmullrom"
						},
						"4.3": {
							"post": [5.7, -4.2, 1.8],
							"lerp_mode": "catmullrom"
						},
						"4.4333": {
							"post": [4.07, -5.07, 1.89],
							"lerp_mode": "catmullrom"
						},
						"4.6": {
							"post": [2.44, -5.93, 1.97],
							"lerp_mode": "catmullrom"
						},
						"4.7667": [0, -5.225, 1.35],
						"4.8": [0, -5.225, 1.35],
						"4.9": [0, -5.42, 1.65],
						"4.9667": [0, -5.275, 1.625],
						"5.0667": [0, -3.4, 1.15],
						"5.1": [0, -3.4, 1.15],
						"5.1667": [0, 0, 0],
						"5.4": [0, 0, 0]
					}
				},
				"lh": {
					"rotation": {
						"0.0": {
							"post": [104.41741, -8.06723, -198.01172],
							"lerp_mode": "catmullrom"
						},
						"0.4": {
							"post": [25.92866, -44.31792, -141.49201],
							"lerp_mode": "catmullrom"
						},
						"2.1333": {
							"post": [25.92866, -44.31792, -141.49201],
							"lerp_mode": "catmullrom"
						},
						"2.4": {
							"post": [92.43286, -42.35775, -144.3706],
							"lerp_mode": "catmullrom"
						},
						"2.6": [120.62851, -8.48775, -193.60482],
						"2.7": [121.50104, -15.34359, -197.8213],
						"2.8": [120.99754, -11.92351, -195.6864],
						"2.9": [120.99754, -11.92351, -195.6864],
						"3.1667": [120.99754, -11.92351, -195.6864],
						"4.2667": [120.99754, -11.92351, -195.6864],
						"5.2": [120.99754, -11.92351, -195.6864],
						"5.4": [78.86829, -31.18798, -110.80756],
						"5.5": [88.77, -23.12, -163.8],
						"5.7": [108.58605, -6.97365, -269.78512],
						"5.8": [108.76, -10.13, -270.87],
						"5.9": [121.85017, -11.70952, -271.41079],
						"6.0667": [102.15901, -4.63996, -264.07389],
						"6.2": [102.32677, -5.76406, -267.14413],
						"6.4": [102.77379, -9.17631, -271.61444],
						"6.6": [102.55799, -10.57765, -270.2093],
						"6.8": [102.60707, -9.9852, -270.22552],
						"7.0667": [102.60707, -9.9852, -270.22552],
						"7.1": [104.56523, -14.27253, -297.23365],
						"7.2": [125.39192, 4.89155, -293.89495],
						"7.4667": [104.41741, -8.06723, -198.01172]
					},
					"position": {
						"0.0": {
							"post": [8, -10.3, 6.7],
							"lerp_mode": "catmullrom"
						},
						"0.4": {
							"post": [-8.22, -32.01, 15.62],
							"lerp_mode": "catmullrom"
						},
						"2.1333": {
							"post": [-8.22, -32.01, 15.62],
							"lerp_mode": "catmullrom"
						},
						"2.4": {
							"post": [9.64611, -20.50474, 7.64554],
							"lerp_mode": "catmullrom"
						},
						"2.6": [7.14105, -11.98283, 8.25964],
						"3.1667": [7.14105, -11.98283, 8.25964],
						"4.2667": [7.14105, -11.98283, 8.25964],
						"5.2": [7.14105, -11.98283, 8.25964],
						"5.4": [7.36853, -14.25859, -3.31945],
						"5.5": [9.43521, -10.3576, -4.94356],
						"5.6": [9.2, -6.8, 4],
						"5.7": [9.2, -6.8, 4],
						"5.8667": [9.2, -6.8, 4],
						"5.9667": [9.2, -6.8, 4],
						"6.0667": [9.2, -6.8, 6],
						"6.9667": [9.2, -6.8, 6],
						"7.0667": [9.2, -6.8, 2],
						"7.1": [10.6, -6.2, 0.53],
						"7.2": [11.60858, -6.40018, 1.04725],
						"7.3667": [11.08315, -8.40382, 4.07685],
						"7.4667": [8, -10.3, 6.7]
					},
					"scale": {
						"0.0": {
							"post": [1, 1.5, 1],
							"lerp_mode": "catmullrom"
						},
						"7.4667": [1, 1.5, 1]
					}
				},
				"camera": {
					"rotation": {
						"0.0": {
							"post": [0, 0, 0],
							"lerp_mode": "catmullrom"
						},
						"0.4667": {
							"post": [2.375, 0.3, -0.4],
							"lerp_mode": "catmullrom"
						},
						"0.6667": {
							"post": [3.085, 0.37, -0.23],
							"lerp_mode": "catmullrom"
						},
						"0.9": {
							"post": [3, 0.4, -0.5],
							"lerp_mode": "catmullrom"
						},
						"1.4": {
							"post": [3.175, 0.4, -0.5],
							"lerp_mode": "catmullrom"
						},
						"1.9": {
							"post": [0.5, -0.8, -0.7],
							"lerp_mode": "catmullrom"
						},
						"2.3": {
							"post": [-0.7, -0.7, -0.7],
							"lerp_mode": "catmullrom"
						},
						"2.6667": {
							"post": [1.1, 0.425, -0.4],
							"lerp_mode": "catmullrom"
						},
						"2.7667": {
							"post": [1.4, 0.51, -0.09],
							"lerp_mode": "catmullrom"
						},
						"2.8667": {
							"post": [1.44, 0.46, -0.32],
							"lerp_mode": "catmullrom"
						},
						"3.2": {
							"post": [1.5, 0.26, -0.17],
							"lerp_mode": "catmullrom"
						},
						"3.3667": {
							"post": [2.8, 0.05, -1.55],
							"lerp_mode": "catmullrom"
						},
						"3.5667": {
							"post": [2.895, -0.55, -1.415],
							"lerp_mode": "catmullrom"
						},
						"3.8": {
							"post": [4.125, -1.3, -1.6],
							"lerp_mode": "catmullrom"
						},
						"4.2667": {
							"post": [4.315, -1.34, -1.54],
							"lerp_mode": "catmullrom"
						},
						"4.4": {
							"post": [3.235, -1.19, -1.45],
							"lerp_mode": "catmullrom"
						},
						"4.6": {
							"post": [0.6, -0.4, -0.6],
							"lerp_mode": "catmullrom"
						},
						"4.7": {
							"post": [0.325, -0.17, 0.045],
							"lerp_mode": "catmullrom"
						},
						"4.8": {
							"post": [0.11, 0.02, -0.17],
							"lerp_mode": "catmullrom"
						},
						"4.9667": {
							"post": [-0.2, 0.3, 0],
							"lerp_mode": "catmullrom"
						},
						"5.1": {
							"post": [-0.18, 0.31, -0.12],
							"lerp_mode": "catmullrom"
						},
						"5.1667": {
							"post": [0.825, 0.3, -1.01],
							"lerp_mode": "catmullrom"
						},
						"5.2667": {
							"post": [-0.23, 0.26, 0.475],
							"lerp_mode": "catmullrom"
						},
						"5.3667": {
							"post": [-0.48, 0.24, -0.42],
							"lerp_mode": "catmullrom"
						},
						"5.5": {
							"post": [0.4, 0.3, -0.4],
							"lerp_mode": "catmullrom"
						},
						"5.7667": {
							"post": [2.36, 0.98, 1.24],
							"lerp_mode": "catmullrom"
						},
						"5.8667": {
							"post": [3.2, 1.2, 1.875],
							"lerp_mode": "catmullrom"
						},
						"6.1": {
							"post": [3.6, 1.2, 2.275],
							"lerp_mode": "catmullrom"
						},
						"6.2667": {
							"post": [4.41, 1.13, 2.88],
							"lerp_mode": "catmullrom"
						},
						"6.6667": {
							"post": [5, 0.9, 1.8],
							"lerp_mode": "catmullrom"
						},
						"7.3667": {
							"post": [2.805, 0.52, 1],
							"lerp_mode": "catmullrom"
						},
						"7.5667": {
							"post": [-0.1, 0, -0.3],
							"lerp_mode": "catmullrom"
						},
						"7.6667": {
							"post": [0.575, 0, 0.775],
							"lerp_mode": "catmullrom"
						},
						"7.7667": {
							"post": [-0.1, 0, -0.325],
							"lerp_mode": "catmullrom"
						},
						"7.9": {
							"post": [0.00156, 0, 0.03516],
							"lerp_mode": "catmullrom"
						},
						"8.1667": {
							"post": [-0.1, 0, 0],
							"lerp_mode": "catmullrom"
						}
					}
				}
			},
			"sound_effects": {
				"0.1667": {
					"effect": "tacz:victor45/victor_inspect_raise"
				},
				"1.4": {
					"effect": "tacz:victor45/victor_inspect_moveclose"
				},
				"2.2333": {
					"effect": "tacz:victor45/victor_inspect_lower"
				},
				"2.8667": {
					"effect": "tacz:victor45/victor_inspect_magout"
				},
				"4.1667": {
					"effect": "tacz:victor45/victor_inspect_mvmnt"
				},
				"4.7": {
					"effect": "tacz:victor45/victor_inspect_maghit"
				},
				"5.1": {
					"effect": "tacz:victor45/victor_inspect_magin"
				},
				"5.4667": {
					"effect": "tacz:victor45/victor_inspect_rotate"
				},
				"6.0": {
					"effect": "tacz:victor45/victor_inspect_boltpull"
				},
				"7.0": {
					"effect": "tacz:victor45/victor_inspect_boltrelease"
				},
				"7.1": {
					"effect": "tacz:victor45/victor_inspect_end"
				}
			}
		},
		"shoot": {
			"animation_length": 0.5,
			"bones": {
				"root": {
					"rotation": {
						"0.0": {
							"post": [0, 0, 0],
							"lerp_mode": "catmullrom"
						},
						"0.0417": {
							"post": [0.16986, -0.11208, 2.14881],
							"lerp_mode": "catmullrom"
						},
						"0.0833": {
							"post": [-0.99135, 0.12866, 1.12246],
							"lerp_mode": "catmullrom"
						},
						"0.1667": {
							"post": [0.77838, 0.0674, -0.52417],
							"lerp_mode": "catmullrom"
						},
						"0.25": {
							"post": [0.27498, -0.0036, 0.17499],
							"lerp_mode": "catmullrom"
						},
						"0.375": {
							"post": [0.425, -0.2, 0.525],
							"lerp_mode": "catmullrom"
						},
						"0.5": {
							"post": [-0.07, -0.075, -0.05],
							"lerp_mode": "catmullrom"
						},
						"0.625": {
							"post": [0, 0, 0],
							"lerp_mode": "catmullrom"
						}
					},
					"position": {
						"0.0": {
							"post": [0, 0, 0],
							"lerp_mode": "catmullrom"
						},
						"0.0417": {
							"post": [0, -0.025, 1.7],
							"lerp_mode": "catmullrom"
						},
						"0.0833": {
							"post": [0, -0.075, 1.555],
							"lerp_mode": "catmullrom"
						},
						"0.1667": {
							"post": [0, -0.175, -0.12],
							"lerp_mode": "catmullrom"
						},
						"0.25": {
							"post": [0, -0.025, 0.1],
							"lerp_mode": "catmullrom"
						},
						"0.375": {
							"post": [0, 0, 0],
							"lerp_mode": "catmullrom"
						}
					}
				},
				"bone2": {
					"position": {
						"0.0": [0, 0, 0],
						"0.0417": [0, 0, 1.6875],
						"0.0833": [0, 0, 0]
					}
				},
				"camera": {
					"rotation": {
						"0.0": {
							"post": [0, 0, 0],
							"lerp_mode": "catmullrom"
						},
						"0.0417": {
							"post": [0, 0, 0.425],
							"lerp_mode": "catmullrom"
						},
						"0.0833": {
							"post": [0, 0, -0.25],
							"lerp_mode": "catmullrom"
						},
						"0.125": {
							"post": [0, 0, 0.225],
							"lerp_mode": "catmullrom"
						},
						"0.2083": {
							"post": [0, 0, -0.125],
							"lerp_mode": "catmullrom"
						},
						"0.25": {
							"post": [0, 0, 0.05],
							"lerp_mode": "catmullrom"
						},
						"0.3333": {
							"post": [0, 0, 0],
							"lerp_mode": "catmullrom"
						}
					}
				}
			}
		},
		"reload_empty": {
			"animation_length": 1.75,
			"bones": {
				"lh": {
					"rotation": {
						"0.0": [104.41741, -8.06723, -198.01172],
						"1.5": [104.41741, -8.06723, -198.01172]
					},
					"position": {
						"0.0": [8, -10.3, 6.7],
						"0.25": [7, -10.3, 3.7],
						"1.125": [7, -10.3, 3.7],
						"1.5": [8, -10.3, 6.7]
					},
					"scale": {
						"0.0": [1, 1.5, 1],
						"1.5": [1, 1.5, 1]
					}
				},
				"rh": {
					"rotation": [90.66963, 14.98539, -177.41193],
					"position": [-9.70679, -4.25, 23.66921],
					"scale": [1, 1.5, 1]
				},
				"root": {
					"rotation": {
						"0.0": {
							"post": [0, 0, 0],
							"lerp_mode": "catmullrom"
						},
						"0.375": {
							"post": [-10.9412, -1.14284, -27.89055],
							"lerp_mode": "catmullrom"
						},
						"0.5417": {
							"post": [-14.82934, -2.17077, -31.75788],
							"lerp_mode": "catmullrom"
						},
						"0.75": {
							"post": [-10.9412, -1.14284, -27.89055],
							"lerp_mode": "catmullrom"
						},
						"0.9583": {
							"post": [-10.9412, -1.14284, -27.89055],
							"lerp_mode": "catmullrom"
						},
						"1.0": {
							"post": [-14.9412, -1.14284, -27.89055],
							"lerp_mode": "catmullrom"
						},
						"1.1667": {
							"post": [-10.9412, -1.14284, -27.89055],
							"lerp_mode": "catmullrom"
						},
						"1.375": {
							"post": [0, 0, 0],
							"lerp_mode": "catmullrom"
						},
						"1.75": {
							"post": [0, 0, 0],
							"lerp_mode": "catmullrom"
						}
					},
					"position": {
						"0.0": {
							"post": [0, 0, 0],
							"lerp_mode": "catmullrom"
						},
						"0.375": {
							"post": [-1.61514, 3.99762, -0.56265],
							"lerp_mode": "catmullrom"
						},
						"0.5417": {
							"post": [-1.91084, 4.45948, -0.41614],
							"lerp_mode": "catmullrom"
						},
						"0.75": {
							"post": [-1.61514, 3.99762, -0.56265],
							"lerp_mode": "catmullrom"
						},
						"0.9583": {
							"post": [-1.61514, 3.99762, -0.56265],
							"lerp_mode": "catmullrom"
						},
						"1.0": {
							"post": [-2.08263, 4.86601, -0.37024],
							"lerp_mode": "catmullrom"
						},
						"1.1667": {
							"post": [-1.61514, 3.99762, -0.56265],
							"lerp_mode": "catmullrom"
						},
						"1.375": {
							"post": [0, 0, 0],
							"lerp_mode": "catmullrom"
						},
						"1.75": {
							"post": [0, 0, 0],
							"lerp_mode": "catmullrom"
						}
					}
				},
				"additional_magazine": {
					"rotation": {
						"0.0": [0, 0, 0],
						"0.375": [0, 0, 0],
						"0.5417": {
							"pre": [-45, 0, 0],
							"post": [-45, 0, 0],
							"lerp_mode": "catmullrom"
						},
						"0.75": {
							"post": [-93, 0, 0],
							"lerp_mode": "catmullrom"
						},
						"1.75": {
							"post": [0, 0, 0],
							"lerp_mode": "catmullrom"
						}
					},
					"position": {
						"0.0": [0, 0, 0],
						"0.375": [0, 0, 0],
						"0.5417": {
							"pre": [0.8125, -8.52144, -8.11407],
							"post": [0.8125, -8.52144, -8.11407],
							"lerp_mode": "catmullrom"
						},
						"0.75": {
							"post": [0, -29.31831, -14.81522],
							"lerp_mode": "catmullrom"
						},
						"1.75": {
							"post": [0, 0, 0],
							"lerp_mode": "catmullrom"
						}
					},
					"scale": {
						"0.0": [1, 1, 1],
						"0.75": [1, 1, 1],
						"0.7917": [0, 0, 0],
						"1.7083": [0, 0, 0],
						"1.75": [1, 1, 1]
					}
				},
				"lf_and_mag": {
					"rotation": {
						"0.0": {
							"post": [0, 0, 0],
							"lerp_mode": "catmullrom"
						},
						"0.1667": {
							"post": [24, 0, 0],
							"lerp_mode": "catmullrom"
						},
						"0.3333": {
							"post": [-69.74946, -21.91786, -9.82227],
							"lerp_mode": "catmullrom"
						},
						"0.4583": {
							"post": [-28.74946, -21.91786, -9.82227],
							"lerp_mode": "catmullrom"
						},
						"0.5833": {
							"post": [-28.74946, -21.91786, -9.82227],
							"lerp_mode": "catmullrom"
						},
						"0.875": {
							"post": [3.25054, -21.91786, -9.82227],
							"lerp_mode": "catmullrom"
						},
						"1.0": {
							"post": [0, 0, 0],
							"lerp_mode": "catmullrom"
						}
					},
					"position": {
						"0.0": {
							"post": [0, 0, 0],
							"lerp_mode": "catmullrom"
						},
						"0.1667": {
							"post": [0, -20.59151, 3.68605],
							"lerp_mode": "catmullrom"
						},
						"0.3333": {
							"post": [-0.39708, 4.80546, 10.06584],
							"lerp_mode": "catmullrom"
						},
						"0.4583": {
							"post": [3.01324, 0.33143, 3.58871],
							"lerp_mode": "catmullrom"
						},
						"0.5833": {
							"post": [3.01324, 0.33143, 3.58871],
							"lerp_mode": "catmullrom"
						},
						"0.875": {
							"post": [4.16331, -11.11662, 5.61069],
							"lerp_mode": "catmullrom"
						},
						"1.0": {
							"post": [0, 0, 0],
							"lerp_mode": "catmullrom"
						}
					}
				},
				"lefthand_pos": {
					"rotation": {
						"0.0": [0, 0, 0],
						"1.5": [0, 0, 0]
					},
					"position": {
						"0.0": [0, 0, 0],
						"0.2917": [2.8125, -4.4375, 2.5],
						"1.125": [2.8125, -4.4375, 2.5],
						"1.5": [0, 0, 0]
					}
				},
				"bone2": {
					"position": {
						"0.0": [0, 0, 0],
						"0.125": [0, 0, 1.6875],
						"1.0833": [0, 0, 1.6875],
						"1.2083": [0, 0, 0]
					}
				},
				"magazine": {
					"rotation": [0, 0, 0],
					"position": [0, 0, 0],
					"scale": {
						"0.0": [0, 0, 0],
						"0.2083": [0, 0, 0],
						"0.25": [1, 1, 1]
					}
				},
				"camera": {
					"rotation": {
						"0.0": {
							"post": [0, 0, 0],
							"lerp_mode": "catmullrom"
						},
						"0.3333": {
							"post": [0, 5, 0],
							"lerp_mode": "catmullrom"
						},
						"0.4583": {
							"post": [0, 5, 0],
							"lerp_mode": "catmullrom"
						},
						"0.5417": {
							"post": [-1.904, 5, 0],
							"lerp_mode": "catmullrom"
						},
						"0.75": {
							"post": [0, 5, 0],
							"lerp_mode": "catmullrom"
						},
						"0.9167": {
							"post": [0, 5, 0],
							"lerp_mode": "catmullrom"
						},
						"1.0": {
							"post": [0, 5, 0],
							"lerp_mode": "catmullrom"
						},
						"1.0833": {
							"post": [-3, 5, 0],
							"lerp_mode": "catmullrom"
						},
						"1.25": {
							"post": [0, 0, 0],
							"lerp_mode": "catmullrom"
						},
						"1.75": {
							"post": [0, 0, 0],
							"lerp_mode": "catmullrom"
						}
					}
				},
				"bullet": {
					"scale": {
						"0.625": [0, 0, 0],
						"0.6667": {"pre": [0, 0, 0], "post": [1, 1, 1]}
					}
				}
			}
		}
	}
}