{
	"format_version": "1.8.0",
	"animations": {
		"static_bolt_caught": {
			"loop": true,
			"bones": {
				"rh": {
					"rotation": {
						"0.0": {
							"post": [90, 20, 180],
							"lerp_mode": "catmullrom"
						}
					},
					"position": {
						"0.0": {
							"post": [-12.70959, 4, 21.57946],
							"lerp_mode": "catmullrom"
						}
					},
					"scale": {
						"0.0": {
							"post": [1, 1.5, 1],
							"lerp_mode": "catmullrom"
						}
					}
				},
				"beer": {
					"scale": 0
				},
				"lf": {
					"rotation": [175, 0, 0],
					"position": [15, -1.22018, 13.94673],
					"scale": [1, 1.5, 1]
				},
				"lover": {
					"scale": 0
				}
			}
		},
		"reload_tactical": {
			"animation_length": 1.125,
			"bones": {
				"rh": {
					"rotation": {
						"0.0": {
							"post": [90, 20, 180],
							"lerp_mode": "catmullrom"
						}
					},
					"position": {
						"0.0": {
							"post": [-12.70959, 4, 21.57946],
							"lerp_mode": "catmullrom"
						}
					},
					"scale": {
						"0.0": {
							"post": [1, 1.5, 1],
							"lerp_mode": "catmullrom"
						}
					}
				},
				"beer": {
					"scale": 0
				},
				"lf": {
					"rotation": [175, 0, 0],
					"position": [15, -1.22018, 13.94673],
					"scale": [1, 1.5, 1]
				},
				"root": {
					"rotation": {
						"0.0": {
							"post": [0, 0, 0],
							"lerp_mode": "catmullrom"
						},
						"0.3333": {
							"post": [32, 0, 0],
							"lerp_mode": "catmullrom"
						},
						"0.75": {
							"post": [0, 0, 0],
							"lerp_mode": "catmullrom"
						},
						"1.125": {
							"post": [0, 0, 0],
							"lerp_mode": "catmullrom"
						}
					},
					"position": {
						"0.0": {
							"post": [0, 0, 0],
							"lerp_mode": "catmullrom"
						},
						"0.3333": {
							"post": [0, -18.01991, -0.53169],
							"lerp_mode": "catmullrom"
						},
						"0.75": {
							"post": [0, 0, 0],
							"lerp_mode": "catmullrom"
						},
						"1.125": {
							"post": [0, 0, 0],
							"lerp_mode": "catmullrom"
						}
					}
				},
				"lover": {
					"scale": {
						"0.0": [0, 0, 0],
						"0.5": [0, 0, 0],
						"0.5417": [1, 1, 1]
					}
				},
				"camera": {
					"rotation": {
						"0.0": {
							"post": [0, 0, 0],
							"lerp_mode": "catmullrom"
						},
						"0.5": {
							"post": [2, 0, 0],
							"lerp_mode": "catmullrom"
						},
						"0.75": {
							"post": [0, 0, 0],
							"lerp_mode": "catmullrom"
						},
						"1.0": {
							"post": [0, 0, 0],
							"lerp_mode": "catmullrom"
						}
					}
				}
			}
		},
		"inspect": {
			"animation_length": 8.5,
			"bones": {
				"rh": {
					"rotation": {
						"0.0": {
							"post": [90, 20, 180],
							"lerp_mode": "catmullrom"
						},
						"1.0": {
							"post": [90, 20, 180],
							"lerp_mode": "catmullrom"
						}
					},
					"position": {
						"0.0": {
							"post": [-12.70959, 4, 21.57946],
							"lerp_mode": "catmullrom"
						},
						"1.0": {
							"post": [-12.70959, 4, 21.57946],
							"lerp_mode": "catmullrom"
						}
					},
					"scale": {
						"0.0": {
							"post": [1, 1.5, 1],
							"lerp_mode": "catmullrom"
						},
						"1.0": {
							"post": [1, 1.5, 1],
							"lerp_mode": "catmullrom"
						}
					}
				},
				"beer": {
					"rotation": {
						"1.25": [0, 0, 0],
						"1.4583": [-8, 0, 0],
						"1.7083": [4, 0, 0],
						"1.9583": [-3, 0, 0],
						"2.1667": [4, 0, 0],
						"2.4583": [0, 0, 0],
						"2.875": [0, 0, 0]
					},
					"position": {
						"1.25": [0, 0, 0],
						"2.875": [0, 0, 0],
						"3.5833": [0, -1.5, 0],
						"4.3333": [0, -3.0625, 0],
						"5.2917": [0, -6.4975, 0],
						"6.0": [0, -6.875, 0]
					},
					"scale": {
						"0.0": [0, 0, 0],
						"0.3333": [0, 0, 0],
						"0.375": [1, 1, 1],
						"2.875": [1, 1, 1],
						"3.5833": [0.9, 0.9, 0.9],
						"6.0": [0.9, 0.9, 0.9],
						"6.0417": [0, 0, 0]
					}
				},
				"lf": {
					"rotation": {
						"0.0": {
							"post": [175, 0, 0],
							"lerp_mode": "catmullrom"
						}
					},
					"position": {
						"0.0": {
							"post": [15, -1.22018, 13.94673],
							"lerp_mode": "catmullrom"
						}
					},
					"scale": {
						"0.0": {
							"post": [1, 1.5, 1],
							"lerp_mode": "catmullrom"
						}
					}
				},
				"root": {
					"rotation": {
						"0.0": {
							"post": [0, 0, 0],
							"lerp_mode": "catmullrom"
						},
						"0.3333": {
							"post": [32, 0, 0],
							"lerp_mode": "catmullrom"
						},
						"0.75": {
							"post": [0, 0, 0],
							"lerp_mode": "catmullrom"
						},
						"1.0": {
							"post": [0, 0, 0],
							"lerp_mode": "catmullrom"
						},
						"2.75": {
							"post": [0, 0, 0],
							"lerp_mode": "catmullrom"
						},
						"8.0": {
							"post": [0, 0, 0],
							"lerp_mode": "catmullrom"
						},
						"8.5": {
							"post": [0, 0, 0],
							"lerp_mode": "catmullrom"
						}
					},
					"position": {
						"0.0": {
							"post": [0, 0, 0],
							"lerp_mode": "catmullrom"
						},
						"0.3333": {
							"post": [0, -18.01991, -0.53169],
							"lerp_mode": "catmullrom"
						},
						"0.75": {
							"post": [0, 0, 0],
							"lerp_mode": "catmullrom"
						},
						"1.0": {
							"post": [0, 0, 0],
							"lerp_mode": "catmullrom"
						},
						"2.75": {
							"post": [0, 0, 0],
							"lerp_mode": "catmullrom"
						},
						"8.0": {
							"post": [0, 0, 0],
							"lerp_mode": "catmullrom"
						},
						"8.5": {
							"post": [0, 0, 0],
							"lerp_mode": "catmullrom"
						}
					}
				},
				"rh_and_gun": {
					"rotation": {
						"0.0": {
							"post": [0, 0, 0],
							"lerp_mode": "catmullrom"
						},
						"1.0": {
							"post": [0, 0, 0],
							"lerp_mode": "catmullrom"
						},
						"1.25": {
							"post": [0, -8, 0],
							"lerp_mode": "catmullrom"
						},
						"1.4583": {
							"post": [0, -8, 0],
							"lerp_mode": "catmullrom"
						},
						"2.25": {
							"post": [0, -8, 0],
							"lerp_mode": "catmullrom"
						},
						"2.75": [-56, -8, 0],
						"6.7083": [-56, -8, 0],
						"7.4167": {
							"pre": [0, 0, 0],
							"post": [0, 0, 0],
							"lerp_mode": "catmullrom"
						},
						"8.5": {
							"post": [0, 0, 0],
							"lerp_mode": "catmullrom"
						}
					},
					"position": {
						"0.0": {
							"post": [0, 0, 0],
							"lerp_mode": "catmullrom"
						},
						"1.0": {
							"post": [0, 0, 0],
							"lerp_mode": "catmullrom"
						},
						"1.25": {
							"post": [0, 0, -2.0625],
							"lerp_mode": "catmullrom"
						},
						"1.4583": {
							"post": [0, 0, -2.0625],
							"lerp_mode": "catmullrom"
						},
						"2.25": {
							"post": [0, 0, -2.06],
							"lerp_mode": "catmullrom"
						},
						"2.75": [3.69609, -12.6483, -3.65958],
						"6.7083": [3.91011, -10.36845, -5.1824],
						"7.4167": {
							"pre": [0, 0, 0],
							"post": [0, 0, 0],
							"lerp_mode": "catmullrom"
						},
						"8.5": {
							"post": [0, 0, 0],
							"lerp_mode": "catmullrom"
						}
					}
				},
				"camera": {
					"rotation": {
						"0.0": {
							"post": [0, 0, 0],
							"lerp_mode": "catmullrom"
						},
						"0.5": {
							"post": [2, 0, 0],
							"lerp_mode": "catmullrom"
						},
						"0.75": {
							"post": [0, 0, 0],
							"lerp_mode": "catmullrom"
						},
						"1.0": {
							"post": [0, 0, 0],
							"lerp_mode": "catmullrom"
						},
						"1.3333": {
							"post": [0.88336, -4.99941, -0.07699],
							"lerp_mode": "catmullrom"
						},
						"2.2917": {
							"post": [0, 0, 0],
							"lerp_mode": "catmullrom"
						},
						"2.8333": {
							"post": [0, 0, 0],
							"lerp_mode": "catmullrom"
						},
						"6.7083": {
							"post": [-32.5, 0, 0],
							"lerp_mode": "catmullrom"
						},
						"7.4167": {
							"post": [0, 0, 0],
							"lerp_mode": "catmullrom"
						},
						"8.5": {
							"post": [0, 0, 0],
							"lerp_mode": "catmullrom"
						}
					}
				}
			}
		},
		"reload_empty": {
			"animation_length": 1.125,
			"bones": {
				"rh": {
					"rotation": {
						"0.0": {
							"post": [90, 20, 180],
							"lerp_mode": "catmullrom"
						}
					},
					"position": {
						"0.0": {
							"post": [-12.70959, 4, 21.57946],
							"lerp_mode": "catmullrom"
						}
					},
					"scale": {
						"0.0": {
							"post": [1, 1.5, 1],
							"lerp_mode": "catmullrom"
						}
					}
				},
				"beer": {
					"scale": 0
				},
				"lf": {
					"rotation": [175, 0, 0],
					"position": [15, -1.22018, 13.94673],
					"scale": [1, 1.5, 1]
				},
				"root": {
					"rotation": {
						"0.0": {
							"post": [0, 0, 0],
							"lerp_mode": "catmullrom"
						},
						"0.3333": {
							"post": [32, 0, 0],
							"lerp_mode": "catmullrom"
						},
						"0.75": {
							"post": [0, 0, 0],
							"lerp_mode": "catmullrom"
						},
						"1.125": {
							"post": [0, 0, 0],
							"lerp_mode": "catmullrom"
						}
					},
					"position": {
						"0.0": {
							"post": [0, 0, 0],
							"lerp_mode": "catmullrom"
						},
						"0.3333": {
							"post": [0, -18.01991, -0.53169],
							"lerp_mode": "catmullrom"
						},
						"0.75": {
							"post": [0, 0, 0],
							"lerp_mode": "catmullrom"
						},
						"1.125": {
							"post": [0, 0, 0],
							"lerp_mode": "catmullrom"
						}
					}
				},
				"lover": {
					"scale": {
						"0.0": [0, 0, 0],
						"0.5": [0, 0, 0],
						"0.5417": [1, 1, 1]
					}
				},
				"camera": {
					"rotation": {
						"0.0": {
							"post": [0, 0, 0],
							"lerp_mode": "catmullrom"
						},
						"0.5": {
							"post": [2, 0, 0],
							"lerp_mode": "catmullrom"
						},
						"0.75": {
							"post": [0, 0, 0],
							"lerp_mode": "catmullrom"
						},
						"1.0": {
							"post": [0, 0, 0],
							"lerp_mode": "catmullrom"
						}
					}
				}
			}
		},
		"static_idle": {
			"loop": true,
			"bones": {
				"rh": {
					"rotation": {
						"0.0": {
							"post": [90, 20, 180],
							"lerp_mode": "catmullrom"
						}
					},
					"position": {
						"0.0": {
							"post": [-12.70959, 4, 21.57946],
							"lerp_mode": "catmullrom"
						}
					},
					"scale": {
						"0.0": {
							"post": [1, 1.5, 1],
							"lerp_mode": "catmullrom"
						}
					}
				},
				"beer": {
					"scale": 0
				},
				"lf": {
					"rotation": [175, 0, 0],
					"position": [15, -1.22018, 13.94673],
					"scale": [1, 1.5, 1]
				}
			}
		},
		"shoot": {
			"animation_length": 0.25,
			"bones": {
				"root": {
					"rotation": {
						"0.0": {
							"post": [0, 0, 0],
							"lerp_mode": "catmullrom"
						},
						"0.0417": {
							"post": [53.95178, -16.01422, -20.75868],
							"lerp_mode": "catmullrom"
						},
						"0.0833": {
							"post": [86.45998, -3.53329, -44.89078],
							"lerp_mode": "catmullrom"
						},
						"0.1667": {
							"post": [0, 0, 0],
							"lerp_mode": "catmullrom"
						}
					},
					"position": {
						"0.0": {
							"post": [0, 0, 0],
							"lerp_mode": "catmullrom"
						},
						"0.0417": {
							"post": [0, -7.25946, -23.41038],
							"lerp_mode": "catmullrom"
						},
						"0.0833": {
							"post": [8.39689, -24.82286, -42.32022],
							"lerp_mode": "catmullrom"
						},
						"0.1667": {
							"post": [0, 0, 0],
							"lerp_mode": "catmullrom"
						}
					},
					"scale": {
						"0.0": {
							"post": [1, 1, 1],
							"lerp_mode": "catmullrom"
						},
						"0.1667": {
							"post": [1, 1, 1],
							"lerp_mode": "catmullrom"
						}
					}
				},
				"lover": {
					"scale": {
						"0.0833": [1, 1, 1],
						"0.1667": [0, 0, 0]
					}
				},
				"beer": {
					"scale": 0
				}
			}
		},
		"inspect_empty": {
			"animation_length": 8.5,
			"bones": {
				"rh": {
					"rotation": {
						"0.0": {
							"post": [90, 20, 180],
							"lerp_mode": "catmullrom"
						},
						"1.0": {
							"post": [90, 20, 180],
							"lerp_mode": "catmullrom"
						}
					},
					"position": {
						"0.0": {
							"post": [-12.70959, 4, 21.57946],
							"lerp_mode": "catmullrom"
						},
						"1.0": {
							"post": [-12.70959, 4, 21.57946],
							"lerp_mode": "catmullrom"
						}
					},
					"scale": {
						"0.0": {
							"post": [1, 1.5, 1],
							"lerp_mode": "catmullrom"
						},
						"1.0": {
							"post": [1, 1.5, 1],
							"lerp_mode": "catmullrom"
						}
					}
				},
				"beer": {
					"rotation": {
						"1.25": [0, 0, 0],
						"1.4583": [-8, 0, 0],
						"1.7083": [4, 0, 0],
						"1.9583": [-3, 0, 0],
						"2.1667": [4, 0, 0],
						"2.4583": [0, 0, 0],
						"2.875": [0, 0, 0]
					},
					"position": {
						"1.25": [0, 0, 0],
						"2.875": [0, 0, 0],
						"3.5833": [0, -1.5, 0],
						"4.3333": [0, -3.0625, 0],
						"5.2917": [0, -6.4975, 0],
						"6.0": [0, -6.875, 0]
					},
					"scale": {
						"0.0": [0, 0, 0],
						"0.3333": [0, 0, 0],
						"0.375": [1, 1, 1],
						"2.875": [1, 1, 1],
						"3.5833": [0.9, 0.9, 0.9],
						"6.0": [0.9, 0.9, 0.9],
						"6.0417": [0, 0, 0]
					}
				},
				"lf": {
					"rotation": {
						"0.0": {
							"post": [175, 0, 0],
							"lerp_mode": "catmullrom"
						}
					},
					"position": {
						"0.0": {
							"post": [15, -1.22018, 13.94673],
							"lerp_mode": "catmullrom"
						}
					},
					"scale": {
						"0.0": {
							"post": [1, 1.5, 1],
							"lerp_mode": "catmullrom"
						}
					}
				},
				"root": {
					"rotation": {
						"0.0": {
							"post": [0, 0, 0],
							"lerp_mode": "catmullrom"
						},
						"0.3333": {
							"post": [32, 0, 0],
							"lerp_mode": "catmullrom"
						},
						"0.75": {
							"post": [0, 0, 0],
							"lerp_mode": "catmullrom"
						},
						"1.0": {
							"post": [0, 0, 0],
							"lerp_mode": "catmullrom"
						},
						"2.75": {
							"post": [0, 0, 0],
							"lerp_mode": "catmullrom"
						},
						"6.6667": {
							"post": [0, 0, 0],
							"lerp_mode": "catmullrom"
						},
						"8.0": {
							"post": [28, 0, 0],
							"lerp_mode": "catmullrom"
						},
						"8.5": {
							"post": [0, 0, 0],
							"lerp_mode": "catmullrom"
						}
					},
					"position": {
						"0.0": {
							"post": [0, 0, 0],
							"lerp_mode": "catmullrom"
						},
						"0.3333": {
							"post": [0, -18.01991, -0.53169],
							"lerp_mode": "catmullrom"
						},
						"0.75": {
							"post": [0, 0, 0],
							"lerp_mode": "catmullrom"
						},
						"1.0": {
							"post": [0, 0, 0],
							"lerp_mode": "catmullrom"
						},
						"2.75": {
							"post": [0, 0, 0],
							"lerp_mode": "catmullrom"
						},
						"6.6667": {
							"post": [0, 0, 0],
							"lerp_mode": "catmullrom"
						},
						"8.0": {
							"post": [0, -12.24925, 0.33468],
							"lerp_mode": "catmullrom"
						},
						"8.5": {
							"post": [0, 0, 0],
							"lerp_mode": "catmullrom"
						}
					}
				},
				"rh_and_gun": {
					"rotation": {
						"0.0": {
							"post": [0, 0, 0],
							"lerp_mode": "catmullrom"
						},
						"1.0": {
							"post": [0, 0, 0],
							"lerp_mode": "catmullrom"
						},
						"1.25": {
							"post": [0, -8, 0],
							"lerp_mode": "catmullrom"
						},
						"1.4583": {
							"post": [0, -8, 0],
							"lerp_mode": "catmullrom"
						},
						"2.25": {
							"post": [0, -8, 0],
							"lerp_mode": "catmullrom"
						},
						"2.75": [-56, -8, 0],
						"6.7083": [-56, -8, 0],
						"7.4167": {
							"pre": [0, 0, 0],
							"post": [0, 0, 0],
							"lerp_mode": "catmullrom"
						},
						"8.5": {
							"post": [0, 0, 0],
							"lerp_mode": "catmullrom"
						}
					},
					"position": {
						"0.0": {
							"post": [0, 0, 0],
							"lerp_mode": "catmullrom"
						},
						"1.0": {
							"post": [0, 0, 0],
							"lerp_mode": "catmullrom"
						},
						"1.25": {
							"post": [0, 0, -2.0625],
							"lerp_mode": "catmullrom"
						},
						"1.4583": {
							"post": [0, 0, -2.0625],
							"lerp_mode": "catmullrom"
						},
						"2.25": {
							"post": [0, 0, -2.06],
							"lerp_mode": "catmullrom"
						},
						"2.75": [3.69609, -12.6483, -3.65958],
						"6.7083": [3.91011, -10.36845, -5.1824],
						"7.4167": {
							"pre": [0, 0, 0],
							"post": [0, 0, 0],
							"lerp_mode": "catmullrom"
						},
						"8.5": {
							"post": [0, 0, 0],
							"lerp_mode": "catmullrom"
						}
					}
				},
				"camera": {
					"rotation": {
						"0.0": {
							"post": [0, 0, 0],
							"lerp_mode": "catmullrom"
						},
						"0.5": {
							"post": [2, 0, 0],
							"lerp_mode": "catmullrom"
						},
						"0.75": {
							"post": [0, 0, 0],
							"lerp_mode": "catmullrom"
						},
						"1.0": {
							"post": [0, 0, 0],
							"lerp_mode": "catmullrom"
						},
						"1.3333": {
							"post": [0.88336, -4.99941, -0.07699],
							"lerp_mode": "catmullrom"
						},
						"2.2917": {
							"post": [0, 0, 0],
							"lerp_mode": "catmullrom"
						},
						"2.8333": {
							"post": [0, 0, 0],
							"lerp_mode": "catmullrom"
						},
						"6.7083": {
							"post": [-32.5, 0, 0],
							"lerp_mode": "catmullrom"
						},
						"7.4167": {
							"post": [0, 0, 0],
							"lerp_mode": "catmullrom"
						},
						"8.5": {
							"post": [0, 0, 0],
							"lerp_mode": "catmullrom"
						}
					}
				},
				"lover": {
					"scale": {
						"0.0": [0, 0, 0],
						"0.3333": [0, 0, 0],
						"0.375": [1, 1, 1],
						"8.0": [1, 1, 1],
						"8.0417": [0, 0, 0]
					}
				}
			}
		}
	}
}