{
	"format_version": "1.8.0",
	"animations": {
		"draw": {
			"loop": "hold_on_last_frame",
			"animation_length": 0.5,
			"bones": {
				"root": {
					"rotation": {
						"0.0": {
							"post": [60.49574, -64.35089, 18.17046],
							"lerp_mode": "catmullrom"
						},
						"0.25": {
							"post": [7.2882, -13.07127, 3.69087],
							"lerp_mode": "catmullrom"
						},
						"0.5": [0, 0, 0]
					},
					"position": {
						"0.0": {
							"post": [0, -10, -6],
							"lerp_mode": "catmullrom"
						},
						"0.25": {
							"post": [-1, 0.62, 2],
							"lerp_mode": "catmullrom"
						},
						"0.5": [0, 0, 0]
					}
				},
				"lefthand_pos": {
					"rotation": [76.28783, -26.94622, 208.30005],
					"position": [5.4827, 6.0625, 20.75865],
					"scale": [1, 1.5, 1]
				},
				"righthand_pos": {
					"rotation": [92.00307, 14.8687, -172.2386],
					"position": [2.36802, 4.30013, 32.05054]
				},
				"camera": {
					"rotation": {
						"0.0": {
							"post": [0, 0, 0],
							"lerp_mode": "catmullrom"
						},
						"0.0833": {
							"post": [0, 0, 0],
							"lerp_mode": "catmullrom"
						},
						"0.2083": {
							"post": [2, 3, -3],
							"lerp_mode": "catmullrom"
						},
						"0.3333": {
							"post": [-2, 0, 3],
							"lerp_mode": "catmullrom"
						},
						"0.5": {
							"post": [0, 0, 0],
							"lerp_mode": "catmullrom"
						}
					},
					"position": {
						"0.0": [0, 0, 0],
						"0.5": [0, 0, 0]
					}
				}
			}
		},
		"inspect_empty": {
			"animation_length": 5.0833,
			"bones": {
				"root": {
					"rotation": {
						"0.0": [0, 0, 0],
						"0.1667": {
							"pre": [-3.95432, -0.35524, -7.5593],
							"post": [-3.95432, -0.35524, -7.5593],
							"lerp_mode": "catmullrom"
						},
						"0.4167": {
							"post": [-18.77487, -14.73938, -42.6554],
							"lerp_mode": "catmullrom"
						},
						"0.6667": {
							"post": [-21.52657, -15.87239, -40.05886],
							"lerp_mode": "catmullrom"
						},
						"0.75": {
							"post": [-20.25861, -16.23715, -41.02775],
							"lerp_mode": "catmullrom"
						},
						"1.0833": {
							"post": [-20.53075, -15.90496, -40.04584],
							"lerp_mode": "catmullrom"
						},
						"1.25": {
							"post": [-20.31, -15.97, -40.25],
							"lerp_mode": "catmullrom"
						},
						"1.3333": {
							"post": [-19.50129, -18.05893, -44.38906],
							"lerp_mode": "catmullrom"
						},
						"1.4167": {
							"post": [-19.4, -17.79, -43.96],
							"lerp_mode": "catmullrom"
						},
						"1.8333": {
							"post": [-19.4, -17.79, -43.96],
							"lerp_mode": "catmullrom"
						},
						"1.9167": {
							"post": [-15.98698, -18.90273, -47.17888],
							"lerp_mode": "catmullrom"
						},
						"2.25": {
							"post": [-24.36432, -1.6775, -11.65337],
							"lerp_mode": "catmullrom"
						},
						"2.4167": {
							"post": [-23.46652, 12.24383, 43.25953],
							"lerp_mode": "catmullrom"
						},
						"2.5": {
							"post": [-25.38254, 14.43725, 52.36102],
							"lerp_mode": "catmullrom"
						},
						"2.6667": {
							"post": [-29.00682, 14.71279, 56.6102],
							"lerp_mode": "catmullrom"
						},
						"2.75": {
							"post": [-29.89, 14.81, 57.05],
							"lerp_mode": "catmullrom"
						},
						"2.8333": {
							"post": [-31.3227, 15.39962, 56.65147],
							"lerp_mode": "catmullrom"
						},
						"3.0833": {
							"post": [-30.7885, 14.41418, 55.14586],
							"lerp_mode": "catmullrom"
						},
						"3.3333": {
							"post": [-30.6349, 15.48634, 57.33607],
							"lerp_mode": "catmullrom"
						},
						"3.6667": {
							"post": [-31.25052, 14.70508, 55.68418],
							"lerp_mode": "catmullrom"
						},
						"4.0833": {
							"post": [-26.67396, -0.07821, 27.51275],
							"lerp_mode": "catmullrom"
						},
						"4.1667": {
							"post": [-11.69726, 0.58548, 26.88017],
							"lerp_mode": "catmullrom"
						},
						"4.3333": {
							"post": [-4.92613, 0.4648, 9.54116],
							"lerp_mode": "catmullrom"
						},
						"4.5": {
							"post": [-0.48719, -2.12151, -6.94069],
							"lerp_mode": "catmullrom"
						},
						"4.6667": [1.07546, -0.05235, 0.39954],
						"4.8333": [-0.95, 0, 1.64],
						"4.9167": [0, 0, 0],
						"5.0833": [0, 0, 0]
					},
					"position": {
						"0.0": [0, 0, 0],
						"0.1667": {
							"pre": [-0.3, -0.65, 0],
							"post": [-0.3, -0.65, 0],
							"lerp_mode": "catmullrom"
						},
						"0.4167": {
							"post": [-0.6, 0.8, -0.75],
							"lerp_mode": "catmullrom"
						},
						"0.5": {
							"post": [-0.6, 1.2, -1.35],
							"lerp_mode": "catmullrom"
						},
						"0.6667": {
							"post": [-0.6, 0.835, -1.59],
							"lerp_mode": "catmullrom"
						},
						"0.9167": {
							"post": [-0.6, 0.55, -1.6],
							"lerp_mode": "catmullrom"
						},
						"1.0833": {
							"post": [-0.6, 0.98, -1.6],
							"lerp_mode": "catmullrom"
						},
						"1.3333": {
							"post": [-0.6, 3.105, -1.6],
							"lerp_mode": "catmullrom"
						},
						"1.6667": {
							"post": [-0.6, 3.33, -1.6],
							"lerp_mode": "catmullrom"
						},
						"1.8333": {
							"post": [-0.6, 2.7, -1.6],
							"lerp_mode": "catmullrom"
						},
						"1.9167": {
							"post": [-0.45, -0.64, -0.8],
							"lerp_mode": "catmullrom"
						},
						"2.25": {
							"post": [0.7, -4.11016, 1.5],
							"lerp_mode": "catmullrom"
						},
						"2.4167": [1.425, -3.36328, 0.64141],
						"2.5833": {
							"pre": [1.87422, -2.99297, 0.30938],
							"post": [1.87422, -2.99297, 0.30938],
							"lerp_mode": "catmullrom"
						},
						"2.75": {
							"post": [2.02656, -3.34531, 0.68047],
							"lerp_mode": "catmullrom"
						},
						"2.8333": {
							"post": [2.02656, -3.96641, 1.22516],
							"lerp_mode": "catmullrom"
						},
						"2.9167": {
							"post": [1.9975, -4.26297, 1.14094],
							"lerp_mode": "catmullrom"
						},
						"3.1667": {
							"post": [1.81, -4.12625, 1.26938],
							"lerp_mode": "catmullrom"
						},
						"3.5833": {
							"post": [1.83, -3.89797, 1.35781],
							"lerp_mode": "catmullrom"
						},
						"4.0": {
							"post": [1.81, -5.45562, 0.44],
							"lerp_mode": "catmullrom"
						},
						"4.1667": {
							"post": [1.6, -6.10031, -1.06],
							"lerp_mode": "catmullrom"
						},
						"4.3333": {
							"post": [1.08, -4.20469, -4.00109],
							"lerp_mode": "catmullrom"
						},
						"4.4167": {
							"post": [0.52, -0.355, -4.04109],
							"lerp_mode": "catmullrom"
						},
						"4.6667": {
							"post": [0, -0.3, 0.95],
							"lerp_mode": "catmullrom"
						},
						"4.75": [0, 0.02, -0.14],
						"4.9167": [0, 0.12, 0.08],
						"5.0833": [0, 0, 0]
					}
				},
				"lefthand_pos": {
					"rotation": {
						"0.0": [76.28783, -26.94622, 208.30005],
						"0.3333": [91.28783, -26.94622, 208.30005],
						"2.1667": [91.29, -26.95, 208.3],
						"2.5833": [76.28783, -26.94622, 208.30005]
					},
					"position": {
						"0.0": [5.4827, 6.0625, 20.75865],
						"0.3333": [3.48, 1.06, 27.76],
						"2.1667": [3.48, 1.06, 27.76],
						"2.5833": [5.4827, 6.0625, 20.75865]
					},
					"scale": [1, 1.5, 1]
				},
				"TT": {
					"position": [0, 0, 2.19]
				},
				"GB": {
					"rotation": [126, 0, 0]
				},
				"DS": {
					"position": [0, 0, 3]
				},
				"DS1": {
					"rotation": [0, 0, 0]
				},
				"magazine": {
					"rotation": [0, 0, 0],
					"position": [5.125, -4.5625, 20.375],
					"scale": 0
				},
				"righthand_pos": {
					"rotation": [90, -15, 0],
					"position": [-9.25, 4.875, 28.9375]
				},
				"bullet": {
					"scale": 0
				},
				"bullet2": {
					"scale": 0
				},
				"bullet3": {
					"scale": 0
				},
				"bullet4": {
					"scale": 0
				},
				"bullet5": {
					"scale": 0
				},
				"bullet6": {
					"scale": 0
				},
				"bullet7": {
					"scale": 0
				},
				"bullet8": {
					"scale": 0
				},
				"bone3": {
					"position": [-9, 2, 0]
				}
			},
			"sound_effects": {
				"0.0": {
					"effect": "tacz:ak47/ak47_inspect_over"
				},
				"1.9167": {
					"effect": "tacz:ak47/ak47_inspect_mvt"
				},
				"4.4167": {
					"effect": "tacz:ak47/ak47_inspect_raise_grab"
				}
			}
		},
		"put_away": {
			"loop": "hold_on_last_frame",
			"animation_length": 0.75,
			"bones": {
				"righthand_pos": {
					"rotation": {
						"0.0": [92.00307, 14.8687, -172.2386],
						"0.25": {
							"pre": [91.3378, 14.94159, -174.82456],
							"post": [91.3378, 14.94159, -174.82456],
							"lerp_mode": "catmullrom"
						},
						"0.5": {
							"post": [114.85389, 0.30136, -156.88208],
							"lerp_mode": "catmullrom"
						},
						"0.75": {
							"post": [127.23047, 4.24302, -160.40558],
							"lerp_mode": "catmullrom"
						}
					},
					"position": {
						"0.0": [2.36802, 4.30013, 32.05054],
						"0.25": {
							"pre": [-9.25, 4.875, 28.9375],
							"post": [-9.25, 4.875, 28.9375],
							"lerp_mode": "catmullrom"
						},
						"0.5": {
							"post": [1.81188, 4.47223, -0.23529],
							"lerp_mode": "catmullrom"
						}
					}
				},
				"lefthand_pos": {
					"rotation": [76.28783, -26.94622, 208.30005],
					"position": [5.4827, 6.0625, 20.75865],
					"scale": [1, 1.5, 1]
				},
				"magazine": {
					"rotation": [0, 0, 0],
					"position": [5.125, -4.5625, 20.375]
				},
				"root": {
					"rotation": {
						"0.0": {
							"post": [0, 0, 0],
							"lerp_mode": "catmullrom"
						},
						"0.5": {
							"post": [-53.14064, 1.92894, 13.97619],
							"lerp_mode": "catmullrom"
						},
						"0.75": [-21.74618, 5.38601, -3.21687]
					},
					"position": {
						"0.0": {
							"post": [0, 0, 0],
							"lerp_mode": "catmullrom"
						},
						"0.5": {
							"post": [0, -15.27, -4.62],
							"lerp_mode": "catmullrom"
						},
						"0.75": [0, -44, 15]
					}
				},
				"DS1": {
					"rotation": [0, 0, 0]
				},
				"right_hand_and_mag": {
					"rotation": [0, 0, 0],
					"position": [0, 0, 0]
				},
				"GB": {
					"rotation": [0, 0, 0]
				},
				"TT": {
					"position": [0, 0, -0.5]
				},
				"bone3": {
					"position": [-9, 2, 0]
				},
				"camera": {
					"rotation": {
						"0.0": {
							"post": [0, 0, 0],
							"lerp_mode": "catmullrom"
						},
						"0.0833": {
							"post": [1, 4, 3],
							"lerp_mode": "catmullrom"
						},
						"0.25": {
							"post": [2, 2, 3],
							"lerp_mode": "catmullrom"
						},
						"0.5": {
							"post": [0, 0, 0],
							"lerp_mode": "catmullrom"
						}
					}
				}
			}
		},
		"static_idle": {
			"animation_length": 0.25,
			"bones": {
				"righthand_pos": {
					"rotation": [92.00307, 14.8687, -172.2386],
					"position": [2.36802, 4.30013, 32.05054]
				},
				"lefthand_pos": {
					"rotation": [76.28783, -26.94622, 208.30005],
					"position": [5.4827, 6.0625, 20.75865],
					"scale": [1, 1.5, 1]
				},
				"magazine": {
					"rotation": [0, 0, 0],
					"position": [5.125, -4.5625, 20.375],
					"scale": 0
				},
				"root": {
					"rotation": [0, 0, 0],
					"position": [0, 0, 0]
				},
				"DS1": {
					"rotation": [0, 0, 0]
				},
				"right_hand_and_mag": {
					"rotation": [0, 0, 0],
					"position": [0, 0, 0]
				},
				"GB": {
					"rotation": [0, 0, 0]
				},
				"TT": {
					"position": [0, 0, 0]
				},
				"DS": {
					"position": [0, 0, 0]
				},
				"bone3": {
					"position": [-9, 2, 0]
				},
				"constraint": {
					"rotation": [0.2, 0.2, 0.2],
					"position": [0.2, 0.2, 0.2]
				},
				"pickaxe": {
					"scale": 0
				}
			}
		},
		"reload_tactical": {
			"animation_length": 2.75,
			"bones": {
				"root": {
					"rotation": {
						"0.0": {
							"post": [-0.39167, 0, 0],
							"lerp_mode": "catmullrom"
						},
						"0.125": {
							"post": [-0.39167, -2.5, 14],
							"lerp_mode": "catmullrom"
						},
						"0.25": {
							"post": [-0.39167, -2.5, 19],
							"lerp_mode": "catmullrom"
						},
						"0.3333": {
							"post": [-0.39167, 2.5, 17.15],
							"lerp_mode": "catmullrom"
						},
						"0.4167": {
							"post": [-0.87038, 4.92385, 16.361],
							"lerp_mode": "catmullrom"
						},
						"0.5417": {
							"post": [-0.87038, 4.92385, 16.361],
							"lerp_mode": "catmullrom"
						},
						"0.625": {
							"post": [0.98333, -2.5, 19.15],
							"lerp_mode": "catmullrom"
						},
						"0.875": {
							"post": [3.5603, -8.73126, -2.42941],
							"lerp_mode": "catmullrom"
						},
						"1.25": {
							"post": [9.0603, -8.73126, -2.42941],
							"lerp_mode": "catmullrom"
						},
						"1.3333": {
							"post": [6.3103, -8.73126, -2.42941],
							"lerp_mode": "catmullrom"
						},
						"1.5833": {
							"post": [9.0603, -8.73126, -2.42941],
							"lerp_mode": "catmullrom"
						},
						"1.75": {
							"post": [9.0603, -8.73126, -2.42941],
							"lerp_mode": "catmullrom"
						},
						"1.8333": {
							"post": [7.91981, -14.61951, 9.11764],
							"lerp_mode": "catmullrom"
						},
						"2.0": {
							"post": [7.83475, -12.20506, 9.78428],
							"lerp_mode": "catmullrom"
						},
						"2.125": {
							"post": [9.25164, -11.10835, -3.1837],
							"lerp_mode": "catmullrom"
						},
						"2.375": {
							"post": [8.62162, -10.17618, 2.42335],
							"lerp_mode": "catmullrom"
						},
						"2.5": {
							"post": [-0.39167, 0, 0],
							"lerp_mode": "catmullrom"
						},
						"2.6667": [-0.39167, 0, 0]
					},
					"position": {
						"0.0": {
							"post": [0, 0, 0],
							"lerp_mode": "catmullrom"
						},
						"0.125": {
							"post": [1, 0, 0],
							"lerp_mode": "catmullrom"
						},
						"0.25": {
							"post": [0, 0, 0],
							"lerp_mode": "catmullrom"
						},
						"0.3333": {
							"post": [2, 0, 3],
							"lerp_mode": "catmullrom"
						},
						"0.4167": {
							"post": [0, 0, 2],
							"lerp_mode": "catmullrom"
						},
						"0.5417": {
							"post": [0, 0, 2],
							"lerp_mode": "catmullrom"
						},
						"0.625": {
							"post": [0, -1.1808, 1],
							"lerp_mode": "catmullrom"
						},
						"0.875": [1.09, 0.8745, -0.04],
						"1.25": {
							"pre": [1.09, 1.71878, 0],
							"post": [1.09, 1.71878, 0],
							"lerp_mode": "catmullrom"
						},
						"1.3333": {
							"post": [1.09, 1.51398, 1],
							"lerp_mode": "catmullrom"
						},
						"1.5833": {
							"post": [1.09, 1.71878, 0],
							"lerp_mode": "catmullrom"
						},
						"1.75": {
							"post": [1.09, 1.71878, 0],
							"lerp_mode": "catmullrom"
						},
						"1.8333": {
							"post": [1.09, 1.51398, 0],
							"lerp_mode": "catmullrom"
						},
						"2.0417": {
							"post": [1.09, 1.51398, 0],
							"lerp_mode": "catmullrom"
						},
						"2.125": {
							"post": [1.09, 1.92358, -3],
							"lerp_mode": "catmullrom"
						},
						"2.375": {
							"post": [1.0625, 1.60563, 0],
							"lerp_mode": "catmullrom"
						},
						"2.5417": {
							"post": [0, 0, 0],
							"lerp_mode": "catmullrom"
						},
						"2.7083": {
							"post": [0, 0, 0],
							"lerp_mode": "catmullrom"
						}
					}
				},
				"righthand_pos": {
					"rotation": {
						"0.0": [92.00307, 14.8687, -172.2386],
						"0.5833": [90.26793, 14.99766, -178.96473],
						"0.6667": [85.01438, 14.16518, -199.61984],
						"0.75": [85.01438, 14.16518, -199.61984],
						"0.8333": [85.01438, 14.16518, -199.61984],
						"1.0417": [126.11314, 23.37493, -164.62443],
						"1.1667": [126.11314, 23.37493, -164.62443],
						"1.2917": {
							"pre": [106.11314, 23.37493, -164.62443],
							"post": [106.11314, 23.37493, -164.62443],
							"lerp_mode": "catmullrom"
						},
						"1.4167": {
							"post": [101.61, 15.64, -126.92],
							"lerp_mode": "catmullrom"
						},
						"1.7917": [85.01438, 14.16518, -199.61984],
						"1.9167": [92.26793, 14.99766, -178.96473],
						"2.1667": [92.26793, 14.99766, -178.96473],
						"2.5833": [92.00307, 14.8687, -172.2386]
					},
					"position": {
						"0.0": {
							"post": [2.36802, 4.30013, 32.05054],
							"lerp_mode": "catmullrom"
						},
						"0.25": [0.15148, 7.04058, 18.35499],
						"0.3333": [-0.72066, 7.04057, 21.61536],
						"0.5833": [-0.72066, 7.04057, 21.61536],
						"0.6667": [-0.12161, 6.92628, 21.06412],
						"0.75": [-0.12161, 6.92628, 21.06412],
						"0.8333": [-0.12161, 6.92628, 21.06412],
						"1.0417": [-1.46267, 6.43387, 21.2037],
						"1.1667": [-1.46267, 6.43387, 21.2037],
						"1.2917": {
							"pre": [-1.46267, 6.43387, 21.2037],
							"post": [-1.46267, 6.43387, 21.2037],
							"lerp_mode": "catmullrom"
						},
						"1.7917": [-0.12161, 6.92628, 21.06412],
						"1.9167": [-0.72066, 7.04057, 21.61536],
						"2.1667": [0.12191, 7.15398, 18.47852],
						"2.5833": {
							"pre": [2.36802, 4.30013, 32.05054],
							"post": [2.36802, 4.30013, 32.05054],
							"lerp_mode": "catmullrom"
						}
					}
				},
				"TT": {
					"position": {
						"0.0": [0, 0, 0],
						"0.2083": [0, 0, 0],
						"0.3333": [0, 0, 2.1875],
						"2.0": [0, 0, 2.19],
						"2.125": [0, 0, 0]
					}
				},
				"GB": {
					"rotation": {
						"0.5833": {
							"pre": [0, 0, 0],
							"post": [0, 0, 0],
							"lerp_mode": "catmullrom"
						},
						"0.6667": {
							"post": [126, 0, 0],
							"lerp_mode": "catmullrom"
						},
						"0.75": {
							"post": [86, 0, 0],
							"lerp_mode": "catmullrom"
						},
						"0.8333": {
							"post": [126, 0, 0],
							"lerp_mode": "catmullrom"
						},
						"0.875": {
							"post": [107.5, 0, 0],
							"lerp_mode": "catmullrom"
						},
						"0.9167": {
							"post": [126, 0, 0],
							"lerp_mode": "catmullrom"
						},
						"1.2083": {
							"post": [126, 0, 0],
							"lerp_mode": "catmullrom"
						},
						"1.3333": {
							"post": [73.5, 0, 0],
							"lerp_mode": "catmullrom"
						},
						"1.4167": {
							"post": [126, 0, 0],
							"lerp_mode": "catmullrom"
						},
						"1.5": {
							"post": [101, 0, 0],
							"lerp_mode": "catmullrom"
						},
						"1.5833": {
							"post": [126, 0, 0],
							"lerp_mode": "catmullrom"
						},
						"1.7917": [126, 0, 0],
						"1.875": [0, 0, 0]
					}
				},
				"DS1": {
					"rotation": {
						"0.0": [0, 0, 0],
						"0.2083": [0, 0, 0],
						"0.5833": [0, 0, 0],
						"0.6667": [0, 0, -71],
						"1.7917": [0, 0, -71],
						"1.9167": [0, 0, 24],
						"2.1667": [0, 0, 0],
						"2.6667": [0, 0, 0]
					}
				},
				"mag_standard2": {
					"rotation": {
						"0.0": [0, 0, 0],
						"0.2083": [0, 0, 0],
						"0.5": [0, 0, 0],
						"0.5833": [0, 0, 0],
						"0.7083": [5.72886, 1.75601, -54.59516],
						"0.7917": {
							"pre": [8.41122, 20.94592, -98.72589],
							"post": [8.41122, 20.94592, -98.72589],
							"lerp_mode": "catmullrom"
						},
						"0.9583": {
							"post": [2.48063, 69.93103, -96.72149],
							"lerp_mode": "catmullrom"
						},
						"1.3333": [0, 0, 0],
						"2.0417": [0, 0, 0]
					},
					"position": {
						"0.0": [0, 0, 0],
						"0.2083": [0, 0, 0],
						"0.5": [0, 0, 0],
						"0.5833": [0, 0, 0],
						"0.625": [-0.25, 8.58, -0.25],
						"0.7083": [-2.25, 24.58, 0.75],
						"0.7917": [-9.11, 54.36, 0.45],
						"0.875": [-13.245, 52.6925, -5.0625],
						"0.9583": [-21.49, 36.0025, -12.685],
						"1.0417": [-27.69, 14, -21.59],
						"1.0833": [0.125, 0, 1.25],
						"1.3333": [0.125, 0, 1.25],
						"2.0417": [0.125, 0, 1.25],
						"2.1667": [0, 0, 0]
					},
					"scale": {
						"0.0": [1, 1, 1],
						"0.2083": [1, 1, 1],
						"0.9583": [1, 1, 1],
						"1.0417": [0, 0, 0],
						"1.2917": [1, 1, 1],
						"1.3333": [1, 1, 1]
					}
				},
				"bullet": {
					"scale": {
						"0.0": [0, 0, 0],
						"0.2083": [0, 0, 0],
						"1.0": [0, 0, 0],
						"1.25": [1, 1, 1],
						"1.2917": [1, 1, 1]
					}
				},
				"bullet2": {
					"scale": {
						"0.2083": [0, 0, 0],
						"1.0": [0, 0, 0],
						"1.25": [1, 1, 1],
						"1.2917": [1, 1, 1]
					}
				},
				"bullet3": {
					"scale": {
						"0.2083": [0, 0, 0],
						"1.0": [0, 0, 0],
						"1.25": [1, 1, 1],
						"1.2917": [1, 1, 1]
					}
				},
				"bullet4": {
					"scale": {
						"0.2083": [0, 0, 0],
						"1.0": [0, 0, 0],
						"1.25": [1, 1, 1],
						"1.2917": [1, 1, 1]
					}
				},
				"bullet5": {
					"scale": {
						"0.2083": [0, 0, 0],
						"1.0": [0, 0, 0],
						"1.25": [1, 1, 1],
						"1.2917": [1, 1, 1]
					}
				},
				"bullet6": {
					"scale": {
						"0.2083": [0, 0, 0],
						"1.0": [0, 0, 0],
						"1.25": [1, 1, 1],
						"1.2917": [1, 1, 1]
					}
				},
				"bullet7": {
					"scale": {
						"0.2083": [0, 0, 0],
						"1.0": [0, 0, 0],
						"1.25": [1, 1, 1],
						"1.2917": [1, 1, 1]
					}
				},
				"bullet8": {
					"scale": {
						"0.2083": [0, 0, 0],
						"1.0": [0, 0, 0],
						"1.2917": [1, 1, 1],
						"1.3333": [1, 1, 1]
					}
				},
				"magazine": {
					"rotation": {
						"0.2083": [0, 0, 0],
						"0.75": {
							"pre": [89.99283, -0.01372, -17.29124],
							"post": [89.99283, -0.01372, -17.29124],
							"lerp_mode": "catmullrom"
						},
						"1.0417": {
							"post": [89.99283, -0.01372, -17.29124],
							"lerp_mode": "catmullrom"
						},
						"1.2083": {
							"post": [89.98904, -0.01093, 0.20876],
							"lerp_mode": "catmullrom"
						},
						"1.2917": {
							"post": [89.98904, -0.01093, 0.20876],
							"lerp_mode": "catmullrom"
						},
						"2.5833": [0, 0, 0]
					},
					"position": {
						"0.2083": [5.125, -4.5625, 20.375],
						"0.75": [5.125, -4.5625, 20.375],
						"1.0417": [8.88, -0.1225, 15.3175],
						"1.2083": [8.88, 0.315, 15.3175],
						"1.2917": [8.88, -2.685, 15.3175],
						"2.5833": [5.125, -4.5625, 20.375]
					},
					"scale": {
						"1.375": [1, 1, 1],
						"1.4167": [0, 0, 0],
						"2.5417": [0, 0, 0],
						"2.5833": [1, 1, 1]
					}
				},
				"DS": {
					"position": {
						"0.0": [0, 0, 0],
						"0.25": [0, 0, 0],
						"0.3333": [0, 0, 3],
						"1.9583": [0, 0, 3],
						"2.125": [0, 0, 0]
					}
				},
				"camera": {
					"rotation": {
						"0.0": {
							"post": [0, 0, 0],
							"lerp_mode": "catmullrom"
						},
						"0.2083": {
							"post": [0, -2.84, 1.46],
							"lerp_mode": "catmullrom"
						},
						"0.4167": {
							"post": [2.08, 3.3, -2],
							"lerp_mode": "catmullrom"
						},
						"0.5833": {
							"post": [2.08, 1.98, 0],
							"lerp_mode": "catmullrom"
						},
						"0.6667": {
							"post": [3.12, 1.32, -2],
							"lerp_mode": "catmullrom"
						},
						"0.8333": {
							"post": [2.08, 1.98, 0],
							"lerp_mode": "catmullrom"
						},
						"1.125": {
							"post": [1.04, 2.64, 1.46],
							"lerp_mode": "catmullrom"
						},
						"1.2083": {
							"post": [1.04, 2.64, 1.46],
							"lerp_mode": "catmullrom"
						},
						"1.2917": {
							"post": [3.12, 2.64, 1.46],
							"lerp_mode": "catmullrom"
						},
						"1.5417": {
							"post": [1.04, 2.64, 1.46],
							"lerp_mode": "catmullrom"
						},
						"1.7917": {
							"post": [1.04, 2.64, 1.46],
							"lerp_mode": "catmullrom"
						},
						"1.875": {
							"post": [-0.46, -0.71, 1.46],
							"lerp_mode": "catmullrom"
						},
						"2.0417": {
							"post": [-0.46, -0.71, 2.92],
							"lerp_mode": "catmullrom"
						},
						"2.125": {
							"post": [1.56, -2.13, 0.73],
							"lerp_mode": "catmullrom"
						},
						"2.25": {
							"post": [1.56, -2.13, 0.73],
							"lerp_mode": "catmullrom"
						},
						"2.375": {
							"post": [2.08, 2.64, 1.46],
							"lerp_mode": "catmullrom"
						},
						"2.4583": {
							"post": [2.08, 2.64, 1.46],
							"lerp_mode": "catmullrom"
						},
						"2.5833": {
							"post": [-1.38, -1.42, 2.19],
							"lerp_mode": "catmullrom"
						},
						"2.7083": {
							"post": [0, 0, 0],
							"lerp_mode": "catmullrom"
						}
					},
					"position": {
						"0.0": {
							"post": [0, 0, 0],
							"lerp_mode": "catmullrom"
						},
						"1.125": {
							"post": [0, 0, 0],
							"lerp_mode": "catmullrom"
						},
						"1.4167": {
							"post": [0, 0.4, 0],
							"lerp_mode": "catmullrom"
						},
						"1.5417": {
							"post": [0, 0, 0],
							"lerp_mode": "catmullrom"
						}
					}
				},
				"bone3": {
					"position": [-9, 2, 0]
				},
				"lefthand_pos": {
					"rotation": [76.28783, -26.94622, 208.30005],
					"position": [5.4827, 6.0625, 20.75865],
					"scale": [1, 1.5, 1]
				}
			}
		},
		"inspect": {
			"animation_length": 3.625,
			"bones": {
				"root": {
					"rotation": {
						"0.0": [0, 0, 0],
						"0.1667": {
							"pre": [0, 0, 0],
							"post": [0, 0, 0],
							"lerp_mode": "catmullrom"
						},
						"0.4167": {
							"post": [-12, 0, 0],
							"lerp_mode": "catmullrom"
						},
						"0.875": {
							"post": [-12, 0, 0],
							"lerp_mode": "catmullrom"
						},
						"1.0833": {
							"post": [-12, 0, 0],
							"lerp_mode": "catmullrom"
						},
						"1.1667": {
							"post": [-15.32428, -2.59321, 4.83974],
							"lerp_mode": "catmullrom"
						},
						"2.0": {
							"post": [-15.32428, -2.59321, 13.83974],
							"lerp_mode": "catmullrom"
						},
						"2.25": {
							"post": [-11.20205, -4.38054, 13.03109],
							"lerp_mode": "catmullrom"
						},
						"2.3333": {
							"post": [-11.22551, -6.22468, 10.62588],
							"lerp_mode": "catmullrom"
						},
						"2.4167": {
							"post": [-16.05918, -2.78247, 19.87169],
							"lerp_mode": "catmullrom"
						},
						"2.75": {
							"post": [-12, 0, 0],
							"lerp_mode": "catmullrom"
						},
						"2.875": {
							"post": [-8.08, -4.8, -0.65],
							"lerp_mode": "catmullrom"
						},
						"3.1667": {
							"post": [0, 0, 0],
							"lerp_mode": "catmullrom"
						},
						"3.625": {
							"post": [0, 0, 0],
							"lerp_mode": "catmullrom"
						}
					},
					"position": {
						"0.0": [0, 0, 0],
						"0.25": {
							"pre": [0, -2.75, 0],
							"post": [0, -2.75, 0],
							"lerp_mode": "catmullrom"
						},
						"0.4167": {
							"post": [0, -2, 0],
							"lerp_mode": "catmullrom"
						},
						"0.5417": {
							"post": [0, -2.75, 0],
							"lerp_mode": "catmullrom"
						},
						"0.75": {
							"post": [0, -2.75, 0],
							"lerp_mode": "catmullrom"
						},
						"0.8333": {
							"post": [0, -2.75, 2],
							"lerp_mode": "catmullrom"
						},
						"1.0": {
							"post": [0, -2.75, 0],
							"lerp_mode": "catmullrom"
						},
						"1.0833": {
							"post": [0, -3.7, 1.5],
							"lerp_mode": "catmullrom"
						},
						"1.25": {
							"post": [0, -2.7, 0],
							"lerp_mode": "catmullrom"
						},
						"1.8333": {
							"post": [0, -2.7, 0],
							"lerp_mode": "catmullrom"
						},
						"2.0833": {
							"post": [0, -2.7, 0.25],
							"lerp_mode": "catmullrom"
						},
						"2.3333": {
							"post": [0, -3.78, -2.5],
							"lerp_mode": "catmullrom"
						},
						"2.4583": {
							"post": [0.5625, -4.7592, -2.69],
							"lerp_mode": "catmullrom"
						},
						"2.625": {
							"post": [0.5625, -4.7592, -2.69],
							"lerp_mode": "catmullrom"
						},
						"2.75": {
							"post": [0.3125, -4.5792, -1.69],
							"lerp_mode": "catmullrom"
						},
						"2.9167": {
							"post": [0, -3.42, -2.3125],
							"lerp_mode": "catmullrom"
						},
						"3.0833": {
							"post": [0, -1.98, 0],
							"lerp_mode": "catmullrom"
						},
						"3.2083": {
							"post": [0, 0, 0],
							"lerp_mode": "catmullrom"
						},
						"3.3333": {
							"post": [0, 0.875, 0],
							"lerp_mode": "catmullrom"
						},
						"3.625": {
							"post": [0, 0, 0],
							"lerp_mode": "catmullrom"
						}
					}
				},
				"m1000": {
					"rotation": [0, 0, 0],
					"position": [0, 0, 0]
				},
				"TT": {
					"rotation": {
						"0.0": [0, 0, 0],
						"0.7917": [0, 0, 0]
					},
					"position": {
						"0.0": [0, 0, 0],
						"0.75": [0, 0, -0.5],
						"0.8333": [0, 0, 2.125],
						"2.75": [0, 0, 2.125],
						"2.8333": [0, 0, 0]
					}
				},
				"GB": {
					"rotation": {
						"0.0": [0, 0, 0],
						"1.0": [0, 0, 0],
						"1.0833": {
							"pre": [133.5, 0, 0],
							"post": [133.5, 0, 0],
							"lerp_mode": "catmullrom"
						},
						"1.1667": {
							"post": [108, 0, 0],
							"lerp_mode": "catmullrom"
						},
						"1.25": {
							"post": [133.5, 0, 0],
							"lerp_mode": "catmullrom"
						},
						"1.2917": {
							"post": [122, 0, 0],
							"lerp_mode": "catmullrom"
						},
						"1.3333": {
							"post": [133.5, 0, 0],
							"lerp_mode": "catmullrom"
						},
						"1.75": {
							"post": [133.5, 0, 0],
							"lerp_mode": "catmullrom"
						},
						"2.0": {
							"post": [133.5, 0, 0],
							"lerp_mode": "catmullrom"
						},
						"2.2083": {
							"post": [101, 0, 0],
							"lerp_mode": "catmullrom"
						},
						"2.3333": [118, 0, 0],
						"2.375": [0, 0, 0]
					},
					"position": {
						"0.0": [0, 0, 0],
						"0.9167": {
							"pre": [0, 0, 0],
							"post": [0, 0, 0],
							"lerp_mode": "catmullrom"
						},
						"1.0": {
							"post": [0, 0, 0],
							"lerp_mode": "catmullrom"
						}
					}
				},
				"DS": {
					"rotation": {
						"0.0": [0, 0, 0],
						"0.9583": [0, 0, 0]
					},
					"position": {
						"0.0": [0, 0, 0],
						"0.75": [0, 0, 0],
						"0.8333": [0, 0, 3.375],
						"2.75": [0, 0, 3.375],
						"2.8333": [0, 0, 0]
					}
				},
				"DS1": {
					"rotation": {
						"0.0": [0, 0, 0],
						"1.0": [0, 0, 0],
						"1.0833": [0, 0, -41],
						"2.3333": [0, 0, -41],
						"2.4167": [0, 0, 0]
					},
					"position": [0, 0, 0]
				},
				"right_hand_and_mag": {
					"rotation": [0, 0, 0],
					"position": [0, 0, 0]
				},
				"magazine": {
					"rotation": {
						"0.0": [0, 0, 0],
						"3.625": [0, 0, 0]
					},
					"position": {
						"0.0": [5.125, -4.5625, 20.375],
						"3.625": [5.125, -4.5625, 20.375]
					},
					"scale": {
						"0.0": [1, 1, 1],
						"0.0417": [0, 0, 0],
						"3.5833": [0, 0, 0],
						"3.625": [1, 1, 1]
					}
				},
				"righthand_pos": {
					"rotation": {
						"0.0": [92.00307, 14.8687, -172.2386],
						"0.5": [102.26695, 13.99107, -174.94165],
						"0.75": [102.26695, 13.99107, -174.94165],
						"0.8333": [102.26695, 13.99107, -174.94165],
						"0.9583": [102.26695, 13.99107, -174.94165],
						"1.125": [98.78272, 16.37667, -188.18635],
						"2.3333": [98.78272, 16.37667, -188.18635],
						"2.5": [102.26695, 13.99107, -174.94165],
						"2.75": [102.26695, 13.99107, -174.94165],
						"2.875": {
							"pre": [102.26695, 13.99107, -174.94165],
							"post": [102.26695, 13.99107, -174.94165],
							"lerp_mode": "catmullrom"
						},
						"3.5833": {
							"post": [92.00307, 14.8687, -172.2386],
							"lerp_mode": "catmullrom"
						}
					},
					"position": {
						"0.0": {
							"post": [2.36802, 4.30013, 32.05054],
							"lerp_mode": "catmullrom"
						},
						"0.5": {
							"post": [-0.33885, 4.78585, 18.08875],
							"lerp_mode": "catmullrom"
						},
						"0.75": [-0.33885, 4.78585, 18.08875],
						"0.8333": [-0.91762, 4.58907, 20.33295],
						"0.9583": [-0.91762, 4.58907, 20.33295],
						"1.125": [-0.91762, 4.58907, 20.33295],
						"2.3333": [-0.91762, 4.58907, 20.33295],
						"2.5": [-0.91762, 4.58907, 20.33295],
						"2.75": [-0.91762, 4.58907, 20.33295],
						"2.875": {
							"pre": [-0.33885, 4.78585, 18.08875],
							"post": [-0.33885, 4.78585, 18.08875],
							"lerp_mode": "catmullrom"
						},
						"3.5833": {
							"post": [2.36802, 4.30013, 32.05054],
							"lerp_mode": "catmullrom"
						}
					}
				},
				"camera": {
					"rotation": {
						"0.0": [0, 0, 0],
						"0.125": {
							"pre": [-0.86, 1.74, -0.7],
							"post": [-0.86, 1.74, -0.7],
							"lerp_mode": "catmullrom"
						},
						"0.2083": {
							"post": [-1.36, 1.74, -0.7],
							"lerp_mode": "catmullrom"
						},
						"0.2917": {
							"post": [-0.43, 1.16, -0.35],
							"lerp_mode": "catmullrom"
						},
						"0.4167": {
							"post": [1.98, 1.16, -0.35],
							"lerp_mode": "catmullrom"
						},
						"0.7083": {
							"post": [1.98, 1.16, -0.35],
							"lerp_mode": "catmullrom"
						},
						"0.75": {
							"post": [1.32, -1.26, 3],
							"lerp_mode": "catmullrom"
						},
						"0.8333": {
							"post": [2.64, 8.16, -4.05],
							"lerp_mode": "catmullrom"
						},
						"1.0833": {
							"post": [2.64, 0, 0],
							"lerp_mode": "catmullrom"
						},
						"1.1667": {
							"post": [1.32, -0.68, -4.7],
							"lerp_mode": "catmullrom"
						},
						"1.375": {
							"post": [2.64, 6, 0],
							"lerp_mode": "catmullrom"
						},
						"1.5": {
							"post": [4.64, 9.32, 0],
							"lerp_mode": "catmullrom"
						},
						"2.0417": {
							"post": [5.64, 10.32, -1.05],
							"lerp_mode": "catmullrom"
						},
						"2.2917": {
							"post": [2.64, 0.58, -0.7],
							"lerp_mode": "catmullrom"
						},
						"2.375": {
							"post": [3.66, 0.58, 2],
							"lerp_mode": "catmullrom"
						},
						"2.7083": {
							"post": [3.96, 0.58, 0],
							"lerp_mode": "catmullrom"
						},
						"2.7917": {
							"post": [-0.43, 1.74, 0],
							"lerp_mode": "catmullrom"
						},
						"2.9583": {
							"post": [0.66, 1.74, 0],
							"lerp_mode": "catmullrom"
						},
						"3.25": {
							"post": [1.98, -1, 0],
							"lerp_mode": "catmullrom"
						},
						"3.5": {
							"post": [0, 0, 0],
							"lerp_mode": "catmullrom"
						}
					},
					"position": {
						"0.0": [0, 0, 0],
						"1.0833": [0, 0, 0],
						"1.1667": [0, -1, 0],
						"1.75": [0, -1, 0],
						"2.125": [0, 0, 0]
					}
				},
				"bone3": {
					"position": [-9, 2, 0]
				},
				"lefthand_pos": {
					"rotation": [76.28783, -26.94622, 208.30005],
					"position": [5.4827, 6.0625, 20.75865],
					"scale": [1, 1.5, 1]
				}
			}
		},
		"static_bolt_caught": {
			"animation_length": 0.25,
			"bones": {
				"root": {
					"rotation": {
						"0.0": [0, 0, 0],
						"0.25": [0, 0, 0]
					},
					"position": {
						"0.0": [0, 0, 0],
						"0.25": [0, 0, 0]
					}
				},
				"lefthand_pos": {
					"rotation": [76.28783, -26.94622, 208.30005],
					"position": [5.4827, 6.0625, 20.75865],
					"scale": [1, 1.5, 1]
				},
				"TT": {
					"position": [0, 0, 2.19]
				},
				"GB": {
					"rotation": [126, 0, 0]
				},
				"DS": {
					"position": [0, 0, 3]
				},
				"DS1": {
					"rotation": [0, 0, 0]
				},
				"magazine": {
					"rotation": [0, 0, 0],
					"position": [5.125, -4.5625, 20.375]
				},
				"righthand_pos": {
					"rotation": [90, -15, 0],
					"position": [-9.25, 4.875, 28.9375]
				},
				"bullet": {
					"scale": 0
				},
				"bullet2": {
					"scale": 0
				},
				"bullet3": {
					"scale": 0
				},
				"bullet4": {
					"scale": 0
				},
				"bullet5": {
					"scale": 0
				},
				"bullet6": {
					"scale": 0
				},
				"bullet7": {
					"scale": 0
				},
				"bullet8": {
					"scale": 0
				},
				"bone3": {
					"position": [-9, 2, 0]
				}
			}
		},
		"shoot": {
			"loop": true,
			"animation_length": 0.6667,
			"bones": {
				"root": {
					"rotation": {
						"0.0": {
							"post": [0, 0, 0],
							"lerp_mode": "catmullrom"
						},
						"0.0417": {
							"post": [0.24839, 0.0283, -6.49994],
							"lerp_mode": "catmullrom"
						},
						"0.0833": {
							"post": [-2.16351, -0.12391, -1.41431],
							"lerp_mode": "catmullrom"
						},
						"0.1667": {
							"post": [-0.9984, 0.06651, 0.74977],
							"lerp_mode": "catmullrom"
						},
						"0.25": {
							"post": [0.37499, -0.00327, 0.24998],
							"lerp_mode": "catmullrom"
						},
						"0.4167": {
							"post": [-0.135, 0, -0.18],
							"lerp_mode": "catmullrom"
						},
						"0.5417": {
							"post": [0.125, 0, 0],
							"lerp_mode": "catmullrom"
						},
						"0.6667": {
							"post": [0, 0, 0],
							"lerp_mode": "catmullrom"
						}
					},
					"position": {
						"0.0": {
							"post": [0, 0, 0],
							"lerp_mode": "catmullrom"
						},
						"0.0417": {
							"post": [0, -0.3, 1.65],
							"lerp_mode": "catmullrom"
						},
						"0.0833": {
							"post": [0, 0.075, 1.455],
							"lerp_mode": "catmullrom"
						},
						"0.125": {
							"post": [0, 0.0375, -0.325],
							"lerp_mode": "catmullrom"
						},
						"0.25": {
							"post": [0, -0.0625, -0.075],
							"lerp_mode": "catmullrom"
						},
						"0.375": {
							"post": [0, -0.0625, 0.03125],
							"lerp_mode": "catmullrom"
						},
						"0.5417": {
							"post": [0, 0, 0],
							"lerp_mode": "catmullrom"
						},
						"0.6667": {
							"post": [0, 0, 0],
							"lerp_mode": "catmullrom"
						}
					}
				},
				"TT": {
					"position": {
						"0.0": [0, 0, 0],
						"0.0417": [0, 0, 1.995],
						"0.1667": [0, 0, 0]
					}
				},
				"GB": {
					"rotation": {
						"0.0": [0, 0, 0],
						"0.0417": [112.5, 0, 0],
						"0.125": [112.5, 0, 0],
						"0.25": [0, 0, 0],
						"0.2917": [20, 0, 0],
						"0.375": [0, 0, 0]
					}
				},
				"DS": {
					"position": {
						"0.0": [0, 0, 0.0625],
						"0.0417": [0, 0, 3],
						"0.125": [0, 0, 0.0625]
					}
				},
				"magazine": {
					"rotation": {
						"0.0": [0, 0, 0],
						"0.25": [0, 0, 0]
					},
					"position": {
						"0.0": [5.125, -4.5625, 20.375],
						"0.25": [5.125, -4.5625, 20.375]
					}
				},
				"bone3": {
					"position": [-9, 2, 0]
				},
				"camera": {
					"rotation": {
						"0.0": {
							"post": [0, 0, 0],
							"lerp_mode": "catmullrom"
						},
						"0.0417": {
							"post": [0, 0, 1.1],
							"lerp_mode": "catmullrom"
						},
						"0.0833": {
							"post": [0, 0, 0.755],
							"lerp_mode": "catmullrom"
						},
						"0.125": {
							"post": [0, 0, -0.39],
							"lerp_mode": "catmullrom"
						},
						"0.1667": {
							"post": [0, 0, 0.28],
							"lerp_mode": "catmullrom"
						},
						"0.25": {
							"post": [0, 0, -0.07],
							"lerp_mode": "catmullrom"
						},
						"0.2917": {
							"post": [0, 0, 0],
							"lerp_mode": "catmullrom"
						}
					}
				},
				"mag_standard2": {
					"position": [0, 0, 0]
				}
			}
		},
		"reload_empty": {
			"animation_length": 2.5833,
			"bones": {
				"root": {
					"rotation": {
						"0.0": {
							"post": [0, 0, 0],
							"lerp_mode": "catmullrom"
						},
						"0.125": {
							"post": [5.79636, -10.17618, 2.42335],
							"lerp_mode": "catmullrom"
						},
						"0.375": {
							"post": [5.79636, -10.17618, 2.42335],
							"lerp_mode": "catmullrom"
						},
						"0.4583": {
							"post": [5.96775, -9.03225, -12.52241],
							"lerp_mode": "catmullrom"
						},
						"0.75": {
							"post": [5.49802, -8.73126, -2.42941],
							"lerp_mode": "catmullrom"
						},
						"1.0417": {
							"post": [5.49802, -8.73126, -2.42941],
							"lerp_mode": "catmullrom"
						},
						"1.125": {
							"post": [8.40793, -8.73126, -2.42941],
							"lerp_mode": "catmullrom"
						},
						"1.375": {
							"post": [5.49802, -8.73126, -2.42941],
							"lerp_mode": "catmullrom"
						},
						"1.5417": {
							"post": [5.49802, -8.73126, -2.42941],
							"lerp_mode": "catmullrom"
						},
						"1.625": {
							"post": [6.27365, -14.61951, 9.11764],
							"lerp_mode": "catmullrom"
						},
						"1.7917": {
							"post": [6.3315, -12.20506, 9.78428],
							"lerp_mode": "catmullrom"
						},
						"1.9167": {
							"post": [5.36789, -11.10835, -3.1837],
							"lerp_mode": "catmullrom"
						},
						"2.1667": {
							"post": [5.79636, -10.17618, 2.42335],
							"lerp_mode": "catmullrom"
						},
						"2.2917": {
							"post": [0, 0, 0],
							"lerp_mode": "catmullrom"
						},
						"2.4583": {
							"post": [0, 0, 0],
							"lerp_mode": "catmullrom"
						}
					},
					"position": {
						"0.0": {
							"post": [0, 0, 0],
							"lerp_mode": "catmullrom"
						},
						"0.125": {
							"post": [1.0625, 0.48781, -1],
							"lerp_mode": "catmullrom"
						},
						"0.375": {
							"post": [1.0625, 0.48781, -1],
							"lerp_mode": "catmullrom"
						},
						"0.4583": [1.09, 0.30407, -1],
						"0.75": [1.09, 0.51456, -1.04],
						"1.0417": {
							"pre": [1.09, 0.52218, -1],
							"post": [1.09, 0.52218, -1],
							"lerp_mode": "catmullrom"
						},
						"1.125": {
							"post": [1.09, 0.45996, 1],
							"lerp_mode": "catmullrom"
						},
						"1.375": {
							"post": [1.09, 0.52218, 0],
							"lerp_mode": "catmullrom"
						},
						"1.5417": {
							"post": [1.09, 0.52218, 0],
							"lerp_mode": "catmullrom"
						},
						"1.625": {
							"post": [1.09, 0.45996, 0],
							"lerp_mode": "catmullrom"
						},
						"1.8333": {
							"post": [1.09, 0.45996, 0],
							"lerp_mode": "catmullrom"
						},
						"1.9167": {
							"post": [1.09, 0.5844, -3],
							"lerp_mode": "catmullrom"
						},
						"2.1667": {
							"post": [1.0625, 0.48781, 0],
							"lerp_mode": "catmullrom"
						},
						"2.3333": {
							"post": [0, 0, 0],
							"lerp_mode": "catmullrom"
						},
						"2.5": {
							"post": [0, 0, 0],
							"lerp_mode": "catmullrom"
						}
					}
				},
				"righthand_pos": {
					"rotation": {
						"0.0": [92.00307, 14.8687, -172.2386],
						"0.3333": [90.26793, 14.99766, -178.96473],
						"0.5": [85.01438, 14.16518, -199.61984],
						"0.6667": {
							"pre": [118.42281, 10.35717, -162.33003],
							"post": [118.42281, 10.35717, -162.33003],
							"lerp_mode": "catmullrom"
						},
						"0.7917": {
							"post": [122.49567, 8.65163, -158.09726],
							"lerp_mode": "catmullrom"
						},
						"1.0": [126.11314, 23.37493, -164.62443],
						"1.125": {
							"pre": [106.11314, 23.37493, -164.62443],
							"post": [106.11314, 23.37493, -164.62443],
							"lerp_mode": "catmullrom"
						},
						"1.25": {
							"post": [101.61, 15.64, -126.92],
							"lerp_mode": "catmullrom"
						},
						"1.5417": [85.01438, 14.16518, -199.61984],
						"1.75": [90.26793, 14.99766, -178.96473],
						"1.9583": [90.26793, 14.99766, -178.96473],
						"2.5833": [92.00307, 14.8687, -172.2386]
					},
					"position": {
						"0.0": {
							"post": [2.36802, 4.30013, 32.05054],
							"lerp_mode": "catmullrom"
						},
						"0.3333": [-0.72066, 7.04057, 21.61536],
						"0.5": [-0.12161, 6.92628, 21.06412],
						"0.5833": [-11.74, 9.78, 26.4675],
						"0.6667": [-1.40233, 5.37078, 27.18439],
						"0.7917": [-0.51835, 5.83216, 24.51333],
						"1.0": [-1.46267, 6.43387, 21.2037],
						"1.125": {
							"pre": [-1.46267, 6.43387, 21.2037],
							"post": [-1.46267, 6.43387, 21.2037],
							"lerp_mode": "catmullrom"
						},
						"1.5417": [-0.12161, 6.92628, 21.06412],
						"1.75": [-0.72066, 7.04057, 21.61536],
						"1.9583": [0.20139, 7.04057, 18.17424],
						"2.5833": {
							"pre": [2.36802, 4.30013, 32.05054],
							"post": [2.36802, 4.30013, 32.05054],
							"lerp_mode": "catmullrom"
						}
					}
				},
				"TT": {
					"position": {
						"0.0": [0, 0, 2.1875],
						"0.125": [0, 0, 2.1875],
						"1.7917": [0, 0, 2.19],
						"1.9167": [0, 0, 0]
					}
				},
				"GB": {
					"rotation": {
						"0.0": [126, 0, 0],
						"0.0833": {
							"pre": [86, 0, 0],
							"post": [86, 0, 0],
							"lerp_mode": "catmullrom"
						},
						"0.25": {
							"post": [131, 0, 0],
							"lerp_mode": "catmullrom"
						},
						"0.3333": {
							"post": [106.44, 0, 0],
							"lerp_mode": "catmullrom"
						},
						"0.375": {
							"post": [126, 0, 0],
							"lerp_mode": "catmullrom"
						},
						"0.4583": {
							"post": [83.89, 0, 0],
							"lerp_mode": "catmullrom"
						},
						"0.5833": {
							"post": [126, 0, 0],
							"lerp_mode": "catmullrom"
						},
						"0.6667": {
							"post": [98.89, 0, 0],
							"lerp_mode": "catmullrom"
						},
						"0.75": {
							"post": [126, 0, 0],
							"lerp_mode": "catmullrom"
						},
						"0.7917": {
							"post": [121.39, 0, 0],
							"lerp_mode": "catmullrom"
						},
						"0.8333": {
							"post": [126, 0, 0],
							"lerp_mode": "catmullrom"
						},
						"1.0417": {
							"post": [126, 0, 0],
							"lerp_mode": "catmullrom"
						},
						"1.125": {
							"post": [83.89, 0, 0],
							"lerp_mode": "catmullrom"
						},
						"1.25": {
							"post": [126, 0, 0],
							"lerp_mode": "catmullrom"
						},
						"1.3333": {
							"post": [98.89, 0, 0],
							"lerp_mode": "catmullrom"
						},
						"1.4167": {
							"post": [126, 0, 0],
							"lerp_mode": "catmullrom"
						},
						"1.4583": {
							"post": [121.39, 0, 0],
							"lerp_mode": "catmullrom"
						},
						"1.5": {
							"post": [126, 0, 0],
							"lerp_mode": "catmullrom"
						},
						"1.5833": [126, 0, 0],
						"1.6667": [0, 0, 0]
					}
				},
				"DS1": {
					"rotation": {
						"0.0": [0, 0, 0],
						"0.3333": [0, 0, 0],
						"0.4167": [0, 0, -71],
						"1.5833": [0, 0, -71],
						"1.7083": [0, 0, 24],
						"1.9583": [0, 0, 0],
						"2.4583": [0, 0, 0]
					}
				},
				"mag_standard2": {
					"rotation": {
						"0.0": [0, 0, 0],
						"0.2917": [0, 0, 0],
						"0.375": [0, 0, 0],
						"0.5": [5.72886, 1.75601, -54.59516],
						"0.5833": {
							"pre": [8.41122, 20.94592, -98.72589],
							"post": [8.41122, 20.94592, -98.72589],
							"lerp_mode": "catmullrom"
						},
						"0.75": {
							"post": [2.48063, 69.93103, -96.72149],
							"lerp_mode": "catmullrom"
						},
						"1.125": [0, 0, 0],
						"1.3333": [0, 0, 0],
						"1.7917": [0, 0, 0]
					},
					"position": {
						"0.0": [0, 0, 0],
						"0.2917": [0, 0, 0],
						"0.375": [0, 0, 0],
						"0.4167": [-0.25, 8.58, -0.25],
						"0.5": [-2.25, 24.58, 0.75],
						"0.5833": [-9.11, 54.36, 0.45],
						"0.6667": [-13.245, 52.6925, -5.0625],
						"0.75": [-21.49, 36.0025, -12.685],
						"0.8333": [-27.69, 14, -21.59],
						"0.875": [0.125, 0, 1.25],
						"1.125": [0.125, 0, 1.25],
						"1.3333": [0.125, 0, 1.25],
						"1.7917": [0.125, 0, 1.25],
						"1.9167": [0, 0, 0]
					},
					"scale": {
						"0.0": [1, 1, 1],
						"0.75": [1, 1, 1],
						"0.8333": [0, 0, 0],
						"1.0833": [1, 1, 1],
						"1.125": [1, 1, 1]
					}
				},
				"bullet": {
					"scale": {
						"0.0": [0, 0, 0],
						"0.7917": [0, 0, 0],
						"1.0417": [1, 1, 1],
						"1.0833": [1, 1, 1]
					}
				},
				"bullet2": {
					"scale": {
						"0.0": [0, 0, 0],
						"0.7917": [0, 0, 0],
						"1.0417": [1, 1, 1],
						"1.0833": [1, 1, 1]
					}
				},
				"bullet3": {
					"scale": {
						"0.0": [0, 0, 0],
						"0.7917": [0, 0, 0],
						"1.0417": [1, 1, 1],
						"1.0833": [1, 1, 1]
					}
				},
				"bullet4": {
					"scale": {
						"0.0": [0, 0, 0],
						"0.7917": [0, 0, 0],
						"1.0417": [1, 1, 1],
						"1.0833": [1, 1, 1]
					}
				},
				"bullet5": {
					"scale": {
						"0.0": [0, 0, 0],
						"0.7917": [0, 0, 0],
						"1.0417": [1, 1, 1],
						"1.0833": [1, 1, 1]
					}
				},
				"bullet6": {
					"scale": {
						"0.0": [0, 0, 0],
						"0.7917": [0, 0, 0],
						"1.0417": [1, 1, 1],
						"1.0833": [1, 1, 1]
					}
				},
				"bullet7": {
					"scale": {
						"0.0": [0, 0, 0],
						"0.7917": [0, 0, 0],
						"1.0417": [1, 1, 1],
						"1.0833": [1, 1, 1]
					}
				},
				"bullet8": {
					"scale": {
						"0.0": [0, 0, 0],
						"0.7917": [0, 0, 0],
						"1.0833": [1, 1, 1],
						"1.125": [1, 1, 1]
					}
				},
				"magazine": {
					"rotation": {
						"0.0": [0, 0, 0],
						"0.5": [0, 0, 0],
						"1.0": [89.98904, -0.01093, 0.20876],
						"1.1667": [89.98904, -0.01093, 0.20876],
						"1.7917": [89.98904, -0.01093, 0.20876],
						"2.375": [0, 0, 0]
					},
					"position": {
						"0.0": [5.125, -4.5625, 20.375],
						"0.5": [5.125, -4.5625, 20.375],
						"1.0": [8.88, -0.1225, 15.3175],
						"1.1667": [8.88, -2.685, 15.3175],
						"1.7917": [8.88, -2.685, 15.3175],
						"2.375": [5.125, -4.5625, 20.375]
					},
					"scale": {
						"1.1667": [1, 1, 1],
						"1.2083": [0, 0, 0],
						"2.3333": [0, 0, 0],
						"2.375": [1, 1, 1]
					}
				},
				"DS": {
					"position": {
						"0.0": [0, 0, 3],
						"0.25": [0, 0, 3],
						"1.75": [0, 0, 3],
						"1.9167": [0, 0, 0]
					}
				},
				"camera": {
					"rotation": {
						"0.0": {
							"post": [0, 0, 0],
							"lerp_mode": "catmullrom"
						},
						"0.25": {
							"post": [2.6, 1.5, 1.3],
							"lerp_mode": "catmullrom"
						},
						"0.375": {
							"post": [2.6, 1.5, 0],
							"lerp_mode": "catmullrom"
						},
						"0.4583": {
							"post": [3.9, 1, -1],
							"lerp_mode": "catmullrom"
						},
						"0.625": {
							"post": [2.6, 1.5, 0],
							"lerp_mode": "catmullrom"
						},
						"0.9167": {
							"post": [1.3, 2, 1.3],
							"lerp_mode": "catmullrom"
						},
						"1.0": {
							"post": [1.3, 2, 1.3],
							"lerp_mode": "catmullrom"
						},
						"1.0833": {
							"post": [3.9, 2, 1.3],
							"lerp_mode": "catmullrom"
						},
						"1.3333": {
							"post": [1.3, 2, 1.3],
							"lerp_mode": "catmullrom"
						},
						"1.5833": {
							"post": [1.3, 2, 1.3],
							"lerp_mode": "catmullrom"
						},
						"1.6667": {
							"post": [-1, -1, 1.3],
							"lerp_mode": "catmullrom"
						},
						"1.8333": {
							"post": [-1, -1, 2.6],
							"lerp_mode": "catmullrom"
						},
						"1.9167": {
							"post": [3, -3, 0.65],
							"lerp_mode": "catmullrom"
						},
						"2.0417": {
							"post": [3, -3, 0.65],
							"lerp_mode": "catmullrom"
						},
						"2.1667": {
							"post": [2.6, 2, 1.3],
							"lerp_mode": "catmullrom"
						},
						"2.25": {
							"post": [2.6, 2, 1.3],
							"lerp_mode": "catmullrom"
						},
						"2.375": {
							"post": [-3, -2, 1.95],
							"lerp_mode": "catmullrom"
						},
						"2.4583": {
							"post": [0, 0, 0],
							"lerp_mode": "catmullrom"
						},
						"2.5417": {
							"post": [0, 0, 0],
							"lerp_mode": "catmullrom"
						}
					},
					"position": {
						"0.0": {
							"post": [0, 0, 0],
							"lerp_mode": "catmullrom"
						},
						"0.9167": {
							"post": [0, 0, 0],
							"lerp_mode": "catmullrom"
						},
						"1.2083": {
							"post": [0, 0.4, 0],
							"lerp_mode": "catmullrom"
						},
						"1.3333": {
							"post": [0, 0, 0],
							"lerp_mode": "catmullrom"
						}
					}
				},
				"bone3": {
					"position": [-9, 2, 0]
				},
				"lefthand_pos": {
					"rotation": [76.28783, -26.94622, 208.30005],
					"position": [5.4827, 6.0625, 20.75865],
					"scale": [1, 1.5, 1]
				}
			}
		},
		"melee_bayonet_1": {
			"animation_length": 1.8333,
			"bones": {
				"camera": {
					"rotation": {
						"0.0": {
							"post": [0, 0, 0],
							"lerp_mode": "catmullrom"
						},
						"0.0833": {
							"post": [-4.95744, 0.65182, 7.47178],
							"lerp_mode": "catmullrom"
						},
						"0.25": {
							"post": [16.68523, 5.09968, -9.47933],
							"lerp_mode": "catmullrom"
						},
						"0.5833": {
							"post": [16.69, 5.1, -9.48],
							"lerp_mode": "catmullrom"
						},
						"0.7917": {
							"post": [0, 0, 0],
							"lerp_mode": "catmullrom"
						}
					}
				},
				"left_hand_and_gun": {
					"rotation": {
						"0.0": {
							"post": [0, 0, 0],
							"lerp_mode": "catmullrom"
						},
						"0.125": {
							"post": [17.49524, 9.84655, -28.48124],
							"lerp_mode": "catmullrom"
						},
						"0.375": {
							"post": [17.49524, 9.84655, -28.48124],
							"lerp_mode": "catmullrom"
						},
						"0.625": {
							"post": [17.49524, 9.84655, -28.48124],
							"lerp_mode": "catmullrom"
						},
						"0.875": {
							"post": [0, 0, 0],
							"lerp_mode": "catmullrom"
						},
						"1.125": {
							"post": [0, 0, 0],
							"lerp_mode": "catmullrom"
						}
					},
					"position": {
						"0.0": {
							"post": [0, 0, 0],
							"lerp_mode": "catmullrom"
						},
						"0.125": {
							"post": [2.59808, -6.108, 2.22313],
							"lerp_mode": "catmullrom"
						},
						"0.25": {
							"post": [2.59808, -6.108, 2.22313],
							"lerp_mode": "catmullrom"
						},
						"0.5": {
							"post": [2.59808, -6.108, 2.22313],
							"lerp_mode": "catmullrom"
						},
						"0.75": {
							"post": [0, 0, 0],
							"lerp_mode": "catmullrom"
						},
						"1.0": {
							"post": [0, 0, 0],
							"lerp_mode": "catmullrom"
						}
					}
				},
				"lefthand_pos": {
					"rotation": [76.28783, -26.94622, 208.30005],
					"position": [5.4827, 6.0625, 20.75865],
					"scale": [1, 1.5, 1]
				},
				"pickaxe": {
					"rotation": {
						"0.0": [0, 0, 0],
						"0.125": [0, 0, 0],
						"0.2083": [32.5, 0, 0],
						"0.5417": [32.5, 0, 0],
						"0.7083": [175, 0, 0]
					},
					"scale": {
						"0.0": {
							"post": [1, 1, 1.5],
							"lerp_mode": "catmullrom"
						},
						"0.0833": [1, 5, 1.5],
						"0.125": [1, 1, 1],
						"0.75": {
							"pre": [1, 1, 1],
							"post": [0, 0, 0]
						}
					}
				},
				"magazine": {
					"scale": 0
				},
				"righthand_pos": {
					"rotation": {
						"0.0": {
							"post": [92.00307, 14.8687, -172.2386],
							"lerp_mode": "catmullrom"
						}
					},
					"position": [2.36802, 4.30013, 32.05054]
				},
				"RH": {
					"rotation": {
						"0.0": {
							"post": [0, 0, 0],
							"lerp_mode": "catmullrom"
						},
						"0.0417": {
							"post": [-60, 0, 0],
							"lerp_mode": "catmullrom"
						},
						"0.1667": {
							"post": [25.53819, -2.24541, -8.24312],
							"lerp_mode": "catmullrom"
						},
						"0.3333": {
							"post": [25.54, -2.25, -8.24],
							"lerp_mode": "catmullrom"
						},
						"0.75": {
							"post": [0, 0, 0],
							"lerp_mode": "catmullrom"
						}
					},
					"position": {
						"0.0": {
							"post": [0, 0, 0],
							"lerp_mode": "catmullrom"
						},
						"0.0833": {
							"post": [-3, 13.8923, 0.06218],
							"lerp_mode": "catmullrom"
						},
						"0.1667": {
							"post": [3.71061, -3.62386, -12.428],
							"lerp_mode": "catmullrom"
						},
						"0.3333": {
							"post": [3.71, -3.62, -12.43],
							"lerp_mode": "catmullrom"
						},
						"0.4583": {
							"post": [0.92, -1.79, -13.03],
							"lerp_mode": "catmullrom"
						},
						"0.5833": {
							"post": [-3.29, -3.62, -12.43],
							"lerp_mode": "catmullrom"
						},
						"0.75": {
							"post": [0, 0, 0],
							"lerp_mode": "catmullrom"
						}
					},
					"scale": {
						"0.0": {
							"post": [1, 1, 1],
							"lerp_mode": "catmullrom"
						},
						"0.125": {
							"post": [1, 1, 1.7],
							"lerp_mode": "catmullrom"
						}
					}
				}
			}
		},
		"melee_bayonet_2": {
			"animation_length": 1.8333,
			"bones": {
				"camera": {
					"rotation": {
						"0.0": {
							"post": [0, 0, 0],
							"lerp_mode": "catmullrom"
						},
						"0.0833": {
							"post": [-4.95744, 0.65182, 7.47178],
							"lerp_mode": "catmullrom"
						},
						"0.25": {
							"post": [16.68523, 5.09968, -9.47933],
							"lerp_mode": "catmullrom"
						},
						"0.5833": {
							"post": [16.69, 5.1, -9.48],
							"lerp_mode": "catmullrom"
						},
						"0.7917": {
							"post": [0, 0, 0],
							"lerp_mode": "catmullrom"
						}
					}
				},
				"left_hand_and_gun": {
					"rotation": {
						"0.0": {
							"post": [0, 0, 0],
							"lerp_mode": "catmullrom"
						},
						"0.125": {
							"post": [17.49524, 9.84655, -28.48124],
							"lerp_mode": "catmullrom"
						},
						"0.375": {
							"post": [17.49524, 9.84655, -28.48124],
							"lerp_mode": "catmullrom"
						},
						"0.625": {
							"post": [17.49524, 9.84655, -28.48124],
							"lerp_mode": "catmullrom"
						},
						"0.875": {
							"post": [0, 0, 0],
							"lerp_mode": "catmullrom"
						},
						"1.125": {
							"post": [0, 0, 0],
							"lerp_mode": "catmullrom"
						}
					},
					"position": {
						"0.0": {
							"post": [0, 0, 0],
							"lerp_mode": "catmullrom"
						},
						"0.125": {
							"post": [2.59808, -6.108, 2.22313],
							"lerp_mode": "catmullrom"
						},
						"0.25": {
							"post": [2.59808, -6.108, 2.22313],
							"lerp_mode": "catmullrom"
						},
						"0.5": {
							"post": [2.59808, -6.108, 2.22313],
							"lerp_mode": "catmullrom"
						},
						"0.75": {
							"post": [0, 0, 0],
							"lerp_mode": "catmullrom"
						},
						"1.0": {
							"post": [0, 0, 0],
							"lerp_mode": "catmullrom"
						}
					}
				},
				"lefthand_pos": {
					"rotation": [76.28783, -26.94622, 208.30005],
					"position": [5.4827, 6.0625, 20.75865],
					"scale": [1, 1.5, 1]
				},
				"pickaxe": {
					"rotation": {
						"0.0": [0, 0, 0],
						"0.125": [0, 0, 0],
						"0.2083": [32.5, 0, 0],
						"0.5417": [32.5, 0, 0],
						"0.7083": [175, 0, 0]
					},
					"scale": {
						"0.0": {
							"post": [1, 1, 1.5],
							"lerp_mode": "catmullrom"
						},
						"0.0833": [1, 5, 1.5],
						"0.125": [1, 1, 1],
						"0.75": {
							"pre": [1, 1, 1],
							"post": [0, 0, 0]
						}
					}
				},
				"magazine": {
					"scale": 0
				},
				"righthand_pos": {
					"rotation": {
						"0.0": {
							"post": [92.00307, 14.8687, -172.2386],
							"lerp_mode": "catmullrom"
						}
					},
					"position": [2.36802, 4.30013, 32.05054]
				},
				"RH": {
					"rotation": {
						"0.0": {
							"post": [0, 0, 0],
							"lerp_mode": "catmullrom"
						},
						"0.0417": {
							"post": [-60, 0, 0],
							"lerp_mode": "catmullrom"
						},
						"0.1667": {
							"post": [25.53819, -2.24541, -8.24312],
							"lerp_mode": "catmullrom"
						},
						"0.3333": {
							"post": [25.54, -2.25, -8.24],
							"lerp_mode": "catmullrom"
						},
						"0.75": {
							"post": [0, 0, 0],
							"lerp_mode": "catmullrom"
						}
					},
					"position": {
						"0.0": {
							"post": [0, 0, 0],
							"lerp_mode": "catmullrom"
						},
						"0.0833": {
							"post": [-3, 13.8923, 0.06218],
							"lerp_mode": "catmullrom"
						},
						"0.1667": {
							"post": [3.71061, -3.62386, -12.428],
							"lerp_mode": "catmullrom"
						},
						"0.3333": {
							"post": [3.71, -3.62, -12.43],
							"lerp_mode": "catmullrom"
						},
						"0.4583": {
							"post": [0.92, -1.79, -13.03],
							"lerp_mode": "catmullrom"
						},
						"0.5833": {
							"post": [-3.29, -3.62, -12.43],
							"lerp_mode": "catmullrom"
						},
						"0.75": {
							"post": [0, 0, 0],
							"lerp_mode": "catmullrom"
						}
					},
					"scale": {
						"0.0": {
							"post": [1, 1, 1],
							"lerp_mode": "catmullrom"
						},
						"0.125": {
							"post": [1, 1, 1.7],
							"lerp_mode": "catmullrom"
						}
					}
				}
			}
		},
		"melee_bayonet_3": {
			"animation_length": 1.8333,
			"bones": {
				"camera": {
					"rotation": {
						"0.0": {
							"post": [0, 0, 0],
							"lerp_mode": "catmullrom"
						},
						"0.0833": {
							"post": [-4.95744, 0.65182, 7.47178],
							"lerp_mode": "catmullrom"
						},
						"0.25": {
							"post": [16.68523, 5.09968, -9.47933],
							"lerp_mode": "catmullrom"
						},
						"0.5833": {
							"post": [16.69, 5.1, -9.48],
							"lerp_mode": "catmullrom"
						},
						"0.7917": {
							"post": [0, 0, 0],
							"lerp_mode": "catmullrom"
						}
					}
				},
				"left_hand_and_gun": {
					"rotation": {
						"0.0": {
							"post": [0, 0, 0],
							"lerp_mode": "catmullrom"
						},
						"0.125": {
							"post": [17.49524, 9.84655, -28.48124],
							"lerp_mode": "catmullrom"
						},
						"0.375": {
							"post": [17.49524, 9.84655, -28.48124],
							"lerp_mode": "catmullrom"
						},
						"0.625": {
							"post": [17.49524, 9.84655, -28.48124],
							"lerp_mode": "catmullrom"
						},
						"0.875": {
							"post": [0, 0, 0],
							"lerp_mode": "catmullrom"
						},
						"1.125": {
							"post": [0, 0, 0],
							"lerp_mode": "catmullrom"
						}
					},
					"position": {
						"0.0": {
							"post": [0, 0, 0],
							"lerp_mode": "catmullrom"
						},
						"0.125": {
							"post": [2.59808, -6.108, 2.22313],
							"lerp_mode": "catmullrom"
						},
						"0.25": {
							"post": [2.59808, -6.108, 2.22313],
							"lerp_mode": "catmullrom"
						},
						"0.5": {
							"post": [2.59808, -6.108, 2.22313],
							"lerp_mode": "catmullrom"
						},
						"0.75": {
							"post": [0, 0, 0],
							"lerp_mode": "catmullrom"
						},
						"1.0": {
							"post": [0, 0, 0],
							"lerp_mode": "catmullrom"
						}
					}
				},
				"lefthand_pos": {
					"rotation": [76.28783, -26.94622, 208.30005],
					"position": [5.4827, 6.0625, 20.75865],
					"scale": [1, 1.5, 1]
				},
				"pickaxe": {
					"rotation": {
						"0.0": [0, 0, 0],
						"0.125": [0, 0, 0],
						"0.2083": [32.5, 0, 0],
						"0.5417": [32.5, 0, 0],
						"0.7083": [175, 0, 0]
					},
					"scale": {
						"0.0": {
							"post": [1, 1, 1.5],
							"lerp_mode": "catmullrom"
						},
						"0.0833": [1, 5, 1.5],
						"0.125": [1, 1, 1],
						"0.75": {
							"pre": [1, 1, 1],
							"post": [0, 0, 0]
						}
					}
				},
				"magazine": {
					"scale": 0
				},
				"righthand_pos": {
					"rotation": {
						"0.0": {
							"post": [92.00307, 14.8687, -172.2386],
							"lerp_mode": "catmullrom"
						}
					},
					"position": [2.36802, 4.30013, 32.05054]
				},
				"RH": {
					"rotation": {
						"0.0": {
							"post": [0, 0, 0],
							"lerp_mode": "catmullrom"
						},
						"0.0417": {
							"post": [-60, 0, 0],
							"lerp_mode": "catmullrom"
						},
						"0.1667": {
							"post": [25.53819, -2.24541, -8.24312],
							"lerp_mode": "catmullrom"
						},
						"0.3333": {
							"post": [25.54, -2.25, -8.24],
							"lerp_mode": "catmullrom"
						},
						"0.75": {
							"post": [0, 0, 0],
							"lerp_mode": "catmullrom"
						}
					},
					"position": {
						"0.0": {
							"post": [0, 0, 0],
							"lerp_mode": "catmullrom"
						},
						"0.0833": {
							"post": [-3, 13.8923, 0.06218],
							"lerp_mode": "catmullrom"
						},
						"0.1667": {
							"post": [3.71061, -3.62386, -12.428],
							"lerp_mode": "catmullrom"
						},
						"0.3333": {
							"post": [3.71, -3.62, -12.43],
							"lerp_mode": "catmullrom"
						},
						"0.4583": {
							"post": [0.92, -1.79, -13.03],
							"lerp_mode": "catmullrom"
						},
						"0.5833": {
							"post": [-3.29, -3.62, -12.43],
							"lerp_mode": "catmullrom"
						},
						"0.75": {
							"post": [0, 0, 0],
							"lerp_mode": "catmullrom"
						}
					},
					"scale": {
						"0.0": {
							"post": [1, 1, 1],
							"lerp_mode": "catmullrom"
						},
						"0.125": {
							"post": [1, 1, 1.7],
							"lerp_mode": "catmullrom"
						}
					}
				}
			}
		}
	}
}