{
	"format_version": "1.8.0",
	"animations": {
		"spin": {
			"animation_length": 1,
			"bones": {
				"barrel": {
					"rotation": {
						"0.0": [0, 0, 0],
						"1.0": [0, 0, 360]
					}
				}
			}
		},
		"shoot": {
			"loop": true,
			"animation_length": 0.5333,
			"bones": {
				"bolt_cover": {
					"position": {
						"0.0": [0, 0, 0],
						"0.0333": [0, 0, 2],
						"0.0667": [0, 0, 0]
					}
				},
				"root": {
					"rotation": {
						"0.0": {
							"post": [0, 0, 0],
							"lerp_mode": "catmullrom"
						},
						"0.0333": {
							"post": [0.03516, 0, -2.11172],
							"lerp_mode": "catmullrom"
						},
						"0.0667": {
							"post": [-0.56984, 0, 1.16812],
							"lerp_mode": "catmullrom"
						},
						"0.1333": {
							"post": [-1.03906, 0, -0.96172],
							"lerp_mode": "catmullrom"
						},
						"0.2333": {
							"post": [0.19531, 0, 0.43047],
							"lerp_mode": "catmullrom"
						},
						"0.3333": {
							"post": [-0.06641, 0, -0.18828],
							"lerp_mode": "catmullrom"
						},
						"0.5": {
							"post": [0, 0, 0],
							"lerp_mode": "catmullrom"
						}
					},
					"position": {
						"0.0": {
							"post": [0, 0, 0],
							"lerp_mode": "catmullrom"
						},
						"0.0333": {
							"post": [0, -0.18, 0.93297],
							"lerp_mode": "catmullrom"
						},
						"0.0667": {
							"post": [0, -0.15234, 0.38906],
							"lerp_mode": "catmullrom"
						},
						"0.1": {
							"post": [0, -0.13, 0.04],
							"lerp_mode": "catmullrom"
						},
						"0.1667": {
							"post": [0, -0.06641, -0.10937],
							"lerp_mode": "catmullrom"
						},
						"0.2667": {
							"post": [0, 0, 0.0625],
							"lerp_mode": "catmullrom"
						},
						"0.3667": {
							"post": [0, 0, -0.02734],
							"lerp_mode": "catmullrom"
						},
						"0.4667": {
							"post": [0, 0, 0],
							"lerp_mode": "catmullrom"
						}
					}
				},
				"barrel": {
					"rotation": {
						"0.0": [0, 0, 0],
						"0.3": [0, 0, 60]
					}
				},
				"constraint": {
					"rotation": {
						"0.0": [0.08, 0.02, 0.08],
						"0.1": [0.08, 0.02, 0.08],
						"0.2333": [0, 0, 0]
					},
					"position": {
						"0.0": [0.2, 0.15, 0.4],
						"0.1": [0.2, 0.15, 0.4],
						"0.2333": [0, 0, 0]
					}
				},
				"camera": {
					"rotation": {
						"0.0": {
							"post": [0, 0, 0],
							"lerp_mode": "catmullrom"
						},
						"0.0333": {
							"post": [0, 0, 0.425],
							"lerp_mode": "catmullrom"
						},
						"0.0667": {
							"post": [0, 0, -0.25],
							"lerp_mode": "catmullrom"
						},
						"0.1333": {
							"post": [0, 0, 0.225],
							"lerp_mode": "catmullrom"
						},
						"0.2": {
							"post": [0, 0, -0.125],
							"lerp_mode": "catmullrom"
						},
						"0.2667": {
							"post": [0, 0, 0.05],
							"lerp_mode": "catmullrom"
						},
						"0.3333": {
							"post": [0, 0, 0],
							"lerp_mode": "catmullrom"
						}
					}
				},
				"hexadecagon3": {
					"rotation": {
						"0.0": [0, 0, 0],
						"0.3": [0, 0, 60]
					}
				},
				"stabler4": {
					"rotation": {
						"0.0": [0, 0, 0],
						"0.1": [-10.55539, 5.91578, -0.9324],
						"0.1667": [-1.00015, 0.99985, -0.01745],
						"0.2667": [0, 0, 0]
					}
				},
				"bone": {
					"position": {
						"0.0": [0, 0, 0],
						"0.1": [0, -0.25, 0],
						"0.1667": [0, -0.25, 0],
						"0.2667": [0, 0, 0]
					}
				},
				"stabler2": {
					"rotation": {
						"0.0": [0, 0, 0],
						"0.1": [-10.53921, -4.91607, 0.91342],
						"0.1667": [-1, 0, 0],
						"0.2667": [0, 0, 0]
					}
				},
				"stabler1": {
					"rotation": {
						"0.0": [0, 0, 0],
						"0.1": [-10.50015, 0.99985, -0.01745],
						"0.1667": [-1.00015, 0.99985, -0.01745],
						"0.2667": [0, 0, 0]
					}
				},
				"bone3": {
					"rotation": [0, 0, 0],
					"position": {
						"0.0": [0, 0, 0],
						"0.1": [-0.21651, 0.125, 0],
						"0.1667": [-0.21651, 0.125, 0],
						"0.2667": [0, 0, 0]
					}
				},
				"stabler5": {
					"rotation": {
						"0.0": [0, 0, 0],
						"0.1": [-10.55539, -5.91578, 0.9324],
						"0.1667": [-1.00015, -0.99985, 0.01745],
						"0.2667": [0, 0, 0]
					}
				},
				"stabler6": {
					"rotation": {
						"0.0": [0, 0, 0],
						"0.1": [-10.52339, 3.91634, -0.89475],
						"0.1667": [-1.00015, -0.99985, 0.01745],
						"0.2667": [0, 0, 0]
					}
				},
				"bone2": {
					"position": {
						"0.0": [0, 0, 0],
						"0.1": [0.21651, 0.125, 0],
						"0.1667": [0.21651, 0.125, 0],
						"0.2667": [0, 0, 0]
					}
				},
				"stabler3": {
					"rotation": {
						"0.0": [0, 0, 0],
						"0.1": [-10.55539, -5.91578, 0.9324],
						"0.1667": [-1.00015, -0.99985, 0.01745],
						"0.2667": [0, 0, 0]
					}
				}
			}
		},
		"static_idle": {
			"loop": true,
			"animation_length": 2,
			"bones": {
				"barrel_1": {
					"rotation": {
						"0.0": [0, 0, 0],
						"2.0": [0, 0, 360]
					}
				},
				"lefthand": {
					"rotation": [118.8492, 8.77489, 104.65279],
					"position": [16, -8, -5],
					"scale": [1, 1.5, 1]
				},
				"righthand": {
					"rotation": [70.79289, 5.51541, -188.95607],
					"position": [-6, -6, 8],
					"scale": [1, 1.5, 1]
				},
				"rotate": {
					"rotation": [0, 0, 0],
					"position": [0, 0, 0]
				},
				"heat_meter": {
					"rotation": [0, 0, 0],
					"position": [0, 0, 0],
					"scale": 1
				},
				"ligh_illuminated": {
					"scale": 0
				},
				"rotate2": {
					"rotation": [0, 0, 0],
					"position": [0, 0, 0]
				},
				"stabler2": {
					"rotation": [0, 0, 0]
				},
				"stabler1": {
					"rotation": [0, 0, 0]
				},
				"hexadecagon5": {
					"rotation": [45, 0, 0]
				},
				"stabler5": {
					"rotation": [0, 0, 0]
				},
				"stabler6": {
					"rotation": [0, 0, 0]
				},
				"hexadecagon2": {
					"rotation": [60, 0, 0]
				},
				"stabler3": {
					"rotation": [0, 0, 0]
				},
				"stabler4": {
					"rotation": [0, 0, 0]
				},
				"hexadecagon": {
					"rotation": [60, 0, 0]
				},
				"hexadecagon3": {
					"rotation": {
						"0.0": [0, 0, 0],
						"0.9": [0, 0, 180],
						"2.0": [0, 0, 360]
					}
				},
				"barrel": {
					"rotation": {
						"0.0": [0, 0, 0],
						"0.9": [0, 0, 180],
						"2.0": [0, 0, 360]
					}
				}
			}
		},
		"draw": {
			"animation_length": 2.5667,
			"bones": {
				"barrel_1": {
					"rotation": {
						"0.0": [0, 0, 0],
						"1.3": [0, 0, 360]
					}
				},
				"root": {
					"rotation": {
						"0.0": [-106.51189, -22.48392, 9.41779],
						"0.2333": [-52.59389, -13.40941, -2.66565],
						"0.3333": [-35.13359, -5.12707, 0.31771],
						"0.4333": [-12.90997, -6.50028, -7.19254],
						"0.5": [-4.36769, -5.14555, 0.4584],
						"0.5333": [-3.78864, -5.08234, -2.86114],
						"0.6333": {
							"pre": [-0.94724, -3.20987, 0.9386],
							"post": [-0.94724, -3.20987, 0.9386],
							"lerp_mode": "catmullrom"
						},
						"0.8667": {
							"post": [-1.95, -0.44, -1.31],
							"lerp_mode": "catmullrom"
						},
						"0.9333": {
							"post": [-2.0016, 0.01741, -1.49817],
							"lerp_mode": "catmullrom"
						},
						"1.0333": {
							"post": [0.3296, -0.02576, 2.32998],
							"lerp_mode": "catmullrom"
						},
						"1.1333": {
							"post": [0, 0, 2],
							"lerp_mode": "catmullrom"
						},
						"1.3": {
							"post": [0, 0, 0],
							"lerp_mode": "catmullrom"
						}
					},
					"position": {
						"0.0": [-17, -31, 15],
						"0.2": [-6.05, -11.1, 4.67],
						"0.3333": {
							"pre": [-0.5, -2.7, 1.9],
							"post": [-0.5, -2.7, 1.9],
							"lerp_mode": "catmullrom"
						},
						"0.5": {
							"post": [0.01, -3.42, -0.41],
							"lerp_mode": "catmullrom"
						},
						"0.5333": {
							"post": [-0.04, -3.95, 0.36],
							"lerp_mode": "catmullrom"
						},
						"0.6333": {
							"post": [-0.02, -3.15, 1.76],
							"lerp_mode": "catmullrom"
						},
						"0.8667": {
							"post": [0, -1.01, -0.25],
							"lerp_mode": "catmullrom"
						},
						"0.9333": {
							"post": [0, -0.6, -0.5],
							"lerp_mode": "catmullrom"
						},
						"1.0333": {
							"post": [0, -0.08, 1.26],
							"lerp_mode": "catmullrom"
						},
						"1.1": {
							"post": [0, -0.19, 0.51],
							"lerp_mode": "catmullrom"
						},
						"1.2333": {
							"post": [0, 0, 0],
							"lerp_mode": "catmullrom"
						}
					}
				},
				"lefthand": {
					"rotation": {
						"0.0": [118.8492, 8.77489, 104.65279],
						"0.3": [118.8492, 8.77489, 104.65279]
					},
					"position": {
						"0.0": [16, -8, -5],
						"0.3": {
							"pre": [16, -8, -5],
							"post": [16, -8, -5],
							"lerp_mode": "catmullrom"
						}
					},
					"scale": {
						"0.0": [1, 1.5, 1],
						"0.3": {
							"pre": [1, 1.5, 1],
							"post": [1, 1.5, 1],
							"lerp_mode": "catmullrom"
						}
					}
				},
				"gun_and_righthand": {
					"rotation": {
						"0.0": [0, 0, 0],
						"0.3": [0, 0, 0]
					},
					"position": {
						"0.0": [0, 0, 0],
						"0.3": [0, 0, 0]
					}
				},
				"righthand": {
					"rotation": [70.79289, 5.51541, -188.95607],
					"position": [-6, -6, 8],
					"scale": [1, 1.5, 1]
				},
				"camera": {
					"rotation": {
						"0.0": {
							"post": [0, 0, 0],
							"lerp_mode": "catmullrom"
						},
						"0.3": {
							"post": [-1.175, 0.325, -0.7],
							"lerp_mode": "catmullrom"
						},
						"0.5333": {
							"post": [0.88, -0.025, -0.925],
							"lerp_mode": "catmullrom"
						},
						"0.8333": {
							"post": [-0.245, 0.025, 0.175],
							"lerp_mode": "catmullrom"
						},
						"0.9333": {
							"post": [0.15, 0, -0.2],
							"lerp_mode": "catmullrom"
						},
						"1.0": {
							"post": [0.02, 0, -0.08],
							"lerp_mode": "catmullrom"
						},
						"1.0667": {
							"post": [-0.15, 0, 0.3],
							"lerp_mode": "catmullrom"
						},
						"1.1667": {
							"post": [-0.06, 0, -0.205],
							"lerp_mode": "catmullrom"
						},
						"1.2667": {
							"post": [0, 0, 0],
							"lerp_mode": "catmullrom"
						}
					}
				},
				"hexadecagon5": {
					"rotation": {
						"0.5333": [0, 0, 0],
						"0.5667": [45, 0, 0],
						"0.9333": [45, 0, 0],
						"1.3333": [70, 0, 0]
					}
				},
				"hexadecagon2": {
					"rotation": {
						"0.5333": [0, 0, 0],
						"0.5667": [60, 0, 0],
						"0.9333": [60, 0, 0],
						"1.3333": [70, 0, 0]
					}
				},
				"hexadecagon": {
					"rotation": {
						"0.5333": [0, 0, 0],
						"0.5667": [60, 0, 0],
						"0.9333": [60, 0, 0],
						"1.3333": [70, 0, 0]
					}
				},
				"heat_meter": {
					"position": [0, 0, 0]
				}
			},
			"sound_effects": {
				"0.0": {
					"effect": "tacz:m95/m95_raise_arm"
				},
				"0.3": {
					"effect": "tacz:m95/m95_raise_01"
				},
				"0.3333": {
					"effect": "tacz:m95/m95_raise_end"
				}
			}
		},
		"put_away": {
			"animation_length": 2,
			"bones": {
				"barrel_1": {
					"rotation": {
						"0.0": [0, 0, 0],
						"0.8667": [0, 0, 371]
					}
				},
				"root": {
					"rotation": {
						"0.0": {
							"post": [0, 0, 0],
							"lerp_mode": "catmullrom"
						},
						"0.1667": {
							"post": [-4.53, -1.25, -1.42],
							"lerp_mode": "catmullrom"
						},
						"0.3333": {
							"post": [-27.15, -7.52, -8.53],
							"lerp_mode": "catmullrom"
						},
						"0.4333": {
							"post": [-40.73045, -11.28181, -12.80042],
							"lerp_mode": "catmullrom"
						},
						"0.5333": {
							"post": [-51.25268, -7.98916, -16.98839],
							"lerp_mode": "catmullrom"
						},
						"0.6667": {
							"post": [-59.1046, 20.10068, 0.608],
							"lerp_mode": "catmullrom"
						},
						"0.7667": {
							"post": [-67.12, 33.68, 8.77],
							"lerp_mode": "catmullrom"
						},
						"0.8667": {
							"post": [-74.38, 35.33, 10.02],
							"lerp_mode": "catmullrom"
						}
					},
					"position": {
						"0.0": {
							"post": [0, 0, 0],
							"lerp_mode": "catmullrom"
						},
						"0.1667": {
							"post": [-0.38, -0.89, 0.09],
							"lerp_mode": "catmullrom"
						},
						"0.3333": {
							"post": [-1.325, -1.5, 0.28],
							"lerp_mode": "catmullrom"
						},
						"0.4333": {
							"post": [-1.95, -2.9, 1.95],
							"lerp_mode": "catmullrom"
						},
						"0.5333": {
							"post": [-2.2, -4.555, 4.37],
							"lerp_mode": "catmullrom"
						},
						"0.7": {
							"post": [-4.7, -8.48, 7.94],
							"lerp_mode": "catmullrom"
						},
						"0.8667": {
							"post": [-7.59, -13.82, 14.07],
							"lerp_mode": "catmullrom"
						},
						"0.9667": {
							"post": [-7.59, -20.82, 14.07],
							"lerp_mode": "catmullrom"
						}
					}
				},
				"lefthand": {
					"rotation": [118.8492, 8.77489, 104.65279],
					"position": [16, -8, -5],
					"scale": [1, 1.5, 1]
				},
				"righthand": {
					"rotation": [70.79289, 5.51541, -188.95607],
					"position": [-6, -6, 8],
					"scale": [1, 1.5, 1]
				},
				"camera": {
					"rotation": {
						"0.0": {
							"post": [0, 0, 0],
							"lerp_mode": "catmullrom"
						},
						"0.1333": {
							"post": [-0.225, 0, -0.125],
							"lerp_mode": "catmullrom"
						},
						"0.3667": {
							"post": [0.725, 0, 0.175],
							"lerp_mode": "catmullrom"
						},
						"0.5": {
							"post": [1.125, 0, 1.575],
							"lerp_mode": "catmullrom"
						},
						"0.7333": {
							"post": [0.275, 0, 1.5],
							"lerp_mode": "catmullrom"
						},
						"0.8667": {
							"post": [0, 0, 0],
							"lerp_mode": "catmullrom"
						}
					}
				},
				"bone": {
					"position": {
						"0.0": [0, -0.5, 0],
						"0.0667": [0, 0, 0]
					}
				},
				"stabler2": {
					"rotation": {
						"0.0": [-20.08512, -5.16738, 1.88623],
						"0.0667": [-20.08512, -5.16738, 1.88623],
						"0.1667": [0, 0, 0],
						"2.0": [0, 0, 0]
					},
					"position": {
						"0.0": [0, 0, 0],
						"0.0667": [0, 0, 0],
						"0.1667": [0, 0, 0],
						"2.0": [0, 0, 0]
					}
				},
				"stabler1": {
					"rotation": {
						"0.0": [-20.08512, 5.16738, -1.88623],
						"0.0667": [-20.08512, 5.16738, -1.88623],
						"0.1667": [0, 0, 0],
						"2.0": [0, 0, 0]
					},
					"position": {
						"0.0": [0, 0, 0],
						"0.0667": [0, 0, 0],
						"0.1667": [0, 0, 0],
						"2.0": [0, 0, 0]
					}
				},
				"hexadecagon5": {
					"rotation": {
						"0.0": [45, 0, 0],
						"0.0667": [70, 0, 0],
						"0.1333": {
							"pre": [45, 0, 0],
							"post": [45, 0, 0],
							"lerp_mode": "catmullrom"
						},
						"0.2333": [0, 0, 0]
					}
				},
				"bone3": {
					"position": {
						"0.0": [-0.5, 0.3, 0],
						"0.0667": [0, 0, 0]
					}
				},
				"stabler5": {
					"rotation": {
						"0.0": [-20.07031, -4.69776, 1.71394],
						"0.0667": [-20.07031, -4.69776, 1.71394],
						"0.1667": [0, 0, 0],
						"2.0": [0, 0, 0]
					},
					"position": {
						"0.0": [0, 0, 0],
						"0.0667": [0, 0, 0],
						"0.1667": [0, 0, 0],
						"2.0": [0, 0, 0]
					}
				},
				"stabler6": {
					"rotation": {
						"0.0": [-20.07031, 4.69776, -1.71394],
						"0.0667": [-20.07031, 4.69776, -1.71394],
						"0.1667": [0, 0, 0],
						"2.0": [0, 0, 0]
					},
					"position": {
						"0.0": [0, 0, 0],
						"0.0667": [0, 0, 0],
						"0.1667": [0, 0, 0],
						"2.0": [0, 0, 0]
					}
				},
				"hexadecagon2": {
					"rotation": {
						"0.0": [60, 0, 0],
						"0.0667": [70, 0, 0],
						"0.1333": {
							"pre": [60, 0, 0],
							"post": [60, 0, 0],
							"lerp_mode": "catmullrom"
						},
						"0.2333": [0, 0, 0]
					}
				},
				"bone2": {
					"position": {
						"0.0": [0.5, 0.3, 0],
						"0.0667": [0, 0, 0]
					}
				},
				"stabler3": {
					"rotation": {
						"0.0": [-20.07031, -4.69776, 1.71394],
						"0.0667": [-20.07031, -4.69776, 1.71394],
						"0.1667": [0, 0, 0],
						"2.0": [0, 0, 0]
					},
					"position": {
						"0.0": [0, 0, 0],
						"0.0667": [0, 0, 0],
						"0.1667": [0, 0, 0],
						"2.0": [0, 0, 0]
					}
				},
				"stabler4": {
					"rotation": {
						"0.0": [-20.07031, 4.69776, -1.71394],
						"0.0667": [-20.07031, 4.69776, -1.71394],
						"0.1667": [0, 0, 0],
						"2.0": [0, 0, 0]
					},
					"position": {
						"0.0": [0, 0, 0],
						"0.0667": [0, 0, 0],
						"0.1667": [0, 0, 0],
						"2.0": [0, 0, 0]
					}
				},
				"hexadecagon": {
					"rotation": {
						"0.0": [60, 0, 0],
						"0.0667": [70, 0, 0],
						"0.1333": {
							"pre": [60, 0, 0],
							"post": [60, 0, 0],
							"lerp_mode": "catmullrom"
						},
						"0.2333": [0, 0, 0]
					}
				}
			},
			"sound_effects": {
				"0.0": {
					"effect": "tacz:m95/m95_put_away"
				}
			}
		},
		"static_bolt_caught": {
			"loop": true,
			"animation_length": 2,
			"bones": {
				"barrel_1": {
					"rotation": {
						"0.0": [0, 0, 0],
						"2.0": [0, 0, 360]
					}
				},
				"lefthand": {
					"rotation": [118.8492, 8.77489, 104.65279],
					"position": [16, -8, -5],
					"scale": [1, 1.5, 1]
				},
				"righthand": {
					"rotation": [70.79289, 5.51541, -188.95607],
					"position": [-6, -6, 8],
					"scale": [1, 1.5, 1]
				},
				"rotate": {
					"rotation": {
						"0.0": {
							"post": [-90, 0, 0],
							"lerp_mode": "catmullrom"
						}
					},
					"position": {
						"0.0": {
							"post": [-0.6, 0, 0],
							"lerp_mode": "catmullrom"
						}
					}
				},
				"heat_meter": {
					"position": {
						"0.0": {
							"post": [0, 1, 0],
							"lerp_mode": "catmullrom"
						}
					}
				},
				"rotate2": {
					"rotation": [-90, 0, 0],
					"position": [-0.6, 0, 0]
				},
				"ligh_illuminated": {
					"scale": 1
				},
				"bone": {
					"rotation": [0, 0, 0],
					"position": [0, 0, 0]
				},
				"stabler2": {
					"rotation": [0, 0, 0],
					"position": [0, 0, 0]
				},
				"stabler1": {
					"rotation": [0, 0, 0],
					"position": [0, 0, 0]
				},
				"hexadecagon5": {
					"rotation": [0, 0, 0],
					"position": [0, 0, 0]
				},
				"bone3": {
					"rotation": [0, 0, 0],
					"position": [0, 0, 0]
				},
				"stabler5": {
					"rotation": [0, 0, 0],
					"position": [0, 0, 0]
				},
				"stabler6": {
					"rotation": [0, 0, 0],
					"position": [0, 0, 0]
				},
				"hexadecagon2": {
					"rotation": [0, 0, 0],
					"position": [0, 0, 0]
				},
				"bone2": {
					"rotation": [0, 0, 0],
					"position": [0, 0, 0]
				},
				"stabler3": {
					"rotation": [0, 0, 0],
					"position": [0, 0, 0]
				},
				"stabler4": {
					"rotation": [0, 0, 0],
					"position": [0, 0, 0]
				},
				"hexadecagon": {
					"rotation": [0, 0, 0],
					"position": [0, 0, 0]
				}
			}
		},
		"inspect": {
			"animation_length": 7.2,
			"bones": {
				"m95_bolt": {
					"position": {
						"4.3": [0, 0, 0],
						"4.3667": [0, 0, 4.15],
						"4.4333": [0, 0, 4.5],
						"4.5667": [0, 0, 4.3],
						"4.7667": [0, 0, 4.15],
						"5.1": [0, 0, 4.175],
						"5.2": [0, 0, 0]
					}
				},
				"l3": {
					"rotation": {
						"0.6": [0, 0, 0],
						"0.7333": [-3, 0, 0],
						"0.8667": [0, 0, 0],
						"1.0": [-2, 0, 0],
						"3.4333": [-2, 0, 0],
						"3.5667": [0, 0, 0],
						"3.7": [-2, 0, 0],
						"3.8333": [-0.75, 0, 0],
						"3.9333": [4.375, 0, 0],
						"4.1": [-1.025, 0, 0],
						"4.2333": [2.25, 0, 0],
						"4.3667": [1.25, 0, 0],
						"4.5667": [2.25, 0, 0],
						"4.7667": [0.25, 0, 0],
						"4.9333": [1.25, 0, 0],
						"5.1": [2.25, 0, 0],
						"5.2": [2.25, 0, 0],
						"5.3667": [-0.425, 0, 0],
						"5.5": [3.95, 0, 0],
						"5.6333": [0.6, 0, 0],
						"5.8": [1.75, 0, 0],
						"5.9333": [0, 0, 0],
						"6.1667": [0, 0, 0],
						"6.3": [-3, 0, 0],
						"6.4333": [-2, 0, 0],
						"6.5667": [0, 0, 0],
						"6.7333": [-1, 0, 0],
						"6.8667": [0, 0, 0]
					}
				},
				"bullet": {
					"scale": 0
				},
				"root": {
					"rotation": {
						"0.0": {
							"post": [0, 0, 0],
							"lerp_mode": "catmullrom"
						},
						"0.1667": {
							"post": [-1.38509, -1.24434, 4.29497],
							"lerp_mode": "catmullrom"
						},
						"0.2667": {
							"post": [-1.39, -1.24, 4.29],
							"lerp_mode": "catmullrom"
						},
						"0.4": {
							"post": [-3.91, -4.41, -2.02],
							"lerp_mode": "catmullrom"
						},
						"0.6667": {
							"post": [-10.80252, -12.68944, -19.80615],
							"lerp_mode": "catmullrom"
						},
						"0.8667": {
							"post": [-11.67934, -12.73253, -20.88586],
							"lerp_mode": "catmullrom"
						},
						"1.0": {
							"post": [-10.42561, -13.0448, -21.82949],
							"lerp_mode": "catmullrom"
						},
						"1.2": {
							"post": [-10.56428, -12.85979, -20.82188],
							"lerp_mode": "catmullrom"
						},
						"1.8667": {
							"post": [-10.39, -12.99, -21.57],
							"lerp_mode": "catmullrom"
						},
						"2.0333": {
							"post": [-10.9146, -13.35759, -23.13092],
							"lerp_mode": "catmullrom"
						},
						"2.3": {
							"post": [-10.25634, -13.50926, -24.0715],
							"lerp_mode": "catmullrom"
						},
						"2.6667": {
							"post": [-10.31, -13.4275, -24.0075],
							"lerp_mode": "catmullrom"
						},
						"2.7667": {
							"post": [-10.01823, -12.01652, -22.39677],
							"lerp_mode": "catmullrom"
						},
						"3.0": {
							"post": [-6.0733, -2.55567, -8.68449],
							"lerp_mode": "catmullrom"
						},
						"3.1667": {
							"post": [-3.30816, -6.55161, -3.15758],
							"lerp_mode": "catmullrom"
						},
						"3.3": {
							"post": [-11.99539, -6.2465, 14.78107],
							"lerp_mode": "catmullrom"
						},
						"3.4": {
							"post": [-24.07317, -0.97391, 28.22222],
							"lerp_mode": "catmullrom"
						},
						"3.6": {
							"post": [-32.28365, 5.59754, 44.62545],
							"lerp_mode": "catmullrom"
						},
						"3.7": {
							"post": [-32.44664, 5.36815, 46.1821],
							"lerp_mode": "catmullrom"
						},
						"3.7667": {
							"post": [-31.38661, 6.16105, 47.33802],
							"lerp_mode": "catmullrom"
						},
						"3.9": {
							"post": [-31.60382, 7.93459, 52.29084],
							"lerp_mode": "catmullrom"
						},
						"4.7333": {
							"post": [-32.04707, 7.50249, 48.73097],
							"lerp_mode": "catmullrom"
						},
						"5.0667": [-32.4996, 5.69075, 45.69734],
						"5.3667": [-32.4996, 5.69075, 38.09734],
						"6.3": [-2.77467, -6.47288, 5.91111],
						"6.3667": [-1.20016, -5.6579, 3.74312],
						"6.5": {
							"pre": [1.76605, -3.2563, 4.9369],
							"post": [1.76605, -3.2563, 4.9369],
							"lerp_mode": "catmullrom"
						},
						"6.5667": {
							"post": [1.78811, -2.65564, 4.66491],
							"lerp_mode": "catmullrom"
						},
						"6.6667": {
							"post": [0.8, -0.92, 3.05],
							"lerp_mode": "catmullrom"
						},
						"6.7333": {
							"post": [-0.30298, 0.34027, -1.56498],
							"lerp_mode": "catmullrom"
						},
						"6.8667": {
							"post": [0.2321, 0.0577, 2.25602],
							"lerp_mode": "catmullrom"
						},
						"7.0667": {
							"post": [0, 0, 0],
							"lerp_mode": "catmullrom"
						}
					},
					"position": {
						"0.0": {
							"post": [0, 0, 0],
							"lerp_mode": "catmullrom"
						},
						"0.1667": {
							"post": [-0.2, -0.31, 0],
							"lerp_mode": "catmullrom"
						},
						"0.3": {
							"post": [-0.2, -0.81, 0],
							"lerp_mode": "catmullrom"
						},
						"0.4": {
							"post": [-0.18, -0.4, 0],
							"lerp_mode": "catmullrom"
						},
						"0.5": {
							"post": [-0.14, 0.42, 0],
							"lerp_mode": "catmullrom"
						},
						"0.6667": {
							"post": [0, 2.8, 0],
							"lerp_mode": "catmullrom"
						},
						"0.7667": {
							"post": [0, 3.3, 0],
							"lerp_mode": "catmullrom"
						},
						"0.9667": {
							"post": [0, 3, 0],
							"lerp_mode": "catmullrom"
						},
						"1.2667": {
							"post": [0, 3.1, 0],
							"lerp_mode": "catmullrom"
						},
						"1.8667": {
							"post": [0, 3.17, 0],
							"lerp_mode": "catmullrom"
						},
						"2.0": {
							"post": [-0.1, 3.37, 0],
							"lerp_mode": "catmullrom"
						},
						"2.6": {
							"post": [-0.14, 3.53, -0.02],
							"lerp_mode": "catmullrom"
						},
						"2.7667": {
							"post": [-0.1, 3.345, 0],
							"lerp_mode": "catmullrom"
						},
						"2.8667": {
							"post": [0.4, 2.38, 0.23],
							"lerp_mode": "catmullrom"
						},
						"3.0": {
							"post": [1.875, -0.58, -0.855],
							"lerp_mode": "catmullrom"
						},
						"3.1667": {
							"post": [3.25, -1.13, -1.83],
							"lerp_mode": "catmullrom"
						},
						"3.4": {
							"post": [5.905, 3.385, -3.895],
							"lerp_mode": "catmullrom"
						},
						"3.5": {
							"post": [7.58, 4.975, -5.215],
							"lerp_mode": "catmullrom"
						},
						"3.6": {
							"post": [8.74, 4.71, -5.795],
							"lerp_mode": "catmullrom"
						},
						"3.7": {
							"post": [8.8, 3.5, -6.125],
							"lerp_mode": "catmullrom"
						},
						"3.8333": {
							"post": [8.8, 3.4, -6.4],
							"lerp_mode": "catmullrom"
						},
						"3.9667": {
							"post": [8.925, 3.975, -6.65],
							"lerp_mode": "catmullrom"
						},
						"4.8333": {
							"post": [8.585, 3.88125, -6.685],
							"lerp_mode": "catmullrom"
						},
						"5.0667": {
							"post": [8.6, 3.875, -6.65],
							"lerp_mode": "catmullrom"
						},
						"5.3333": {
							"post": [8.8, 3.675, -6.65],
							"lerp_mode": "catmullrom"
						},
						"5.5333": {
							"post": [8.55, 3.52, -6.645],
							"lerp_mode": "catmullrom"
						},
						"5.7333": {
							"post": [8.55, 3.55, -6.65],
							"lerp_mode": "catmullrom"
						},
						"5.8667": {
							"post": [7.93, 2.62, -6.015],
							"lerp_mode": "catmullrom"
						},
						"6.0333": {
							"post": [5.525, -1.04, -4.065],
							"lerp_mode": "catmullrom"
						},
						"6.1667": {
							"post": [3.235, -5.1, -4.215],
							"lerp_mode": "catmullrom"
						},
						"6.3333": {
							"post": [2.36, -4.48, -4.4],
							"lerp_mode": "catmullrom"
						},
						"6.5": {
							"post": [1.305, -1.125, -4.24],
							"lerp_mode": "catmullrom"
						},
						"6.6333": {
							"post": [0.79, 0.215, -2.5],
							"lerp_mode": "catmullrom"
						},
						"6.8": {
							"post": [0.125, -0.575, 0.275],
							"lerp_mode": "catmullrom"
						},
						"6.9": {
							"post": [0, -0.32875, -0.44],
							"lerp_mode": "catmullrom"
						},
						"7.0333": {
							"post": [0, -0.02, 0.17],
							"lerp_mode": "catmullrom"
						},
						"7.2": {
							"post": [0, 0, 0],
							"lerp_mode": "catmullrom"
						}
					}
				},
				"lefthand": {
					"rotation": {
						"0.0": [118.8492, 8.77489, 104.65279],
						"0.1": [118.8492, 8.77489, 104.65279],
						"0.2": [118.8492, 8.77489, 104.65279],
						"2.7667": [118.8492, 8.77489, 104.65279],
						"2.9667": [118.8492, 8.77489, 104.65279],
						"3.2667": [120.04898, -7.81007, 73.591],
						"6.0": [118.8492, 8.77489, 104.65279],
						"6.3": [118.8492, 8.77489, 104.65279]
					},
					"position": {
						"0.0": [16, -8, -5],
						"0.0667": [15, -8, -6],
						"0.1667": [15, -8, -6],
						"2.7333": [15, -8, -6],
						"2.9333": [15, -8, -6],
						"5.9667": [15, -8, -6],
						"6.1333": [15, -8, -6],
						"6.3": [16, -8, -5]
					},
					"scale": {
						"0.0": [1, 1.5, 1],
						"6.3": [1, 1.5, 1]
					}
				},
				"righthand": {
					"rotation": {
						"0.0": [70.79289, 5.51541, -188.95607],
						"3.3": [70.79289, 5.51541, -188.95607]
					},
					"position": {
						"0.0": [-6, -6, 8],
						"3.3": [-6, -6, 8]
					},
					"scale": {
						"0.0": [1, 1.5, 1],
						"3.3": [1, 1.5, 1]
					}
				},
				"r_stable": {
					"rotation": {
						"4.0": [0, 0, 0],
						"4.1333": [0, 0, -180],
						"4.2667": [0, 0, -360],
						"4.4": [0, 0, 0],
						"4.5333": [0, 0, -180],
						"4.6667": [0, 0, -360],
						"4.8333": [0, 0, 0],
						"5.1": [0, 0, -90],
						"5.4333": [0, 0, -180],
						"5.8667": [0, 0, -240],
						"6.4": [0, 0, -360]
					}
				},
				"hexadecagon3": {
					"rotation": {
						"4.0": [0, 0, 0],
						"4.1333": [0, 0, 180],
						"4.2667": [0, 0, 360],
						"4.4": [0, 0, 0],
						"4.5333": [0, 0, 180],
						"4.6667": [0, 0, 360],
						"4.8333": [0, 0, 0],
						"5.1": [0, 0, 90],
						"5.4333": [0, 0, 180],
						"5.8667": [0, 0, 240]
					}
				},
				"barrel": {
					"rotation": {
						"0.0": [0, 0, 0],
						"4.0": [0, 0, 0],
						"4.1333": [0, 0, 180],
						"4.2667": [0, 0, 360],
						"4.4": [0, 0, 0],
						"4.5333": [0, 0, 180],
						"4.6667": [0, 0, 360],
						"4.8333": [0, 0, 0],
						"5.1": [0, 0, 90],
						"5.4333": [0, 0, 180],
						"5.8667": [0, 0, 240],
						"6.4": [0, 0, 360]
					}
				},
				"camera": {
					"rotation": {
						"0.0": {
							"post": [0, 0, 0],
							"lerp_mode": "catmullrom"
						},
						"0.2667": {
							"post": [0.55, 0, 0],
							"lerp_mode": "catmullrom"
						},
						"0.6667": {
							"post": [-2.425, -0.25, -0.85],
							"lerp_mode": "catmullrom"
						},
						"0.8": {
							"post": [-2.21, -0.31, -0.65],
							"lerp_mode": "catmullrom"
						},
						"1.0": {
							"post": [-2.895, -0.38, -0.86],
							"lerp_mode": "catmullrom"
						},
						"1.3667": {
							"post": [-2.455, -0.25, -0.85],
							"lerp_mode": "catmullrom"
						},
						"1.7333": {
							"post": [4.925, 3.15, -1.425],
							"lerp_mode": "catmullrom"
						},
						"2.1": {
							"post": [6.075, 3.65, -1.425],
							"lerp_mode": "catmullrom"
						},
						"2.7333": {
							"post": [6.075, 3.85, -1.35],
							"lerp_mode": "catmullrom"
						},
						"3.1333": {
							"post": [1.525, 0, 0],
							"lerp_mode": "catmullrom"
						},
						"3.4": {
							"post": [0.955, -1.9, 1.35],
							"lerp_mode": "catmullrom"
						},
						"3.6333": {
							"post": [1.64, -1.97, 1.74],
							"lerp_mode": "catmullrom"
						},
						"3.7333": {
							"post": [2.11, -1.9, 2.025],
							"lerp_mode": "catmullrom"
						},
						"3.8667": {
							"post": [1.665, -1.83, 1.515],
							"lerp_mode": "catmullrom"
						},
						"4.0667": {
							"post": [2.14, -1.975, 1.85],
							"lerp_mode": "catmullrom"
						},
						"4.2333": {
							"post": [3.62, -2.97, 2.02],
							"lerp_mode": "catmullrom"
						},
						"4.3333": {
							"post": [4.83, -3.62, 1.54],
							"lerp_mode": "catmullrom"
						},
						"4.4333": {
							"post": [5.35, -3.96, 1.625],
							"lerp_mode": "catmullrom"
						},
						"4.5667": {
							"post": [5.36, -3.99, 1.685],
							"lerp_mode": "catmullrom"
						},
						"4.7333": {
							"post": [5.21, -4.01, 1.52],
							"lerp_mode": "catmullrom"
						},
						"4.9333": {
							"post": [5.24, -4.05, 1.775],
							"lerp_mode": "catmullrom"
						},
						"5.1667": {
							"post": [5.35, -4.09, 1.76],
							"lerp_mode": "catmullrom"
						},
						"5.2667": {
							"post": [5.41, -4.11, 1.88],
							"lerp_mode": "catmullrom"
						},
						"5.3667": {
							"post": [5.475, -4.13, 1.715],
							"lerp_mode": "catmullrom"
						},
						"5.4667": {
							"post": [4.405, -4.01, 1.565],
							"lerp_mode": "catmullrom"
						},
						"5.6": {
							"post": [2.415, -3.88, 1.75],
							"lerp_mode": "catmullrom"
						},
						"5.7667": {
							"post": [1.46, -3.3, 1.675],
							"lerp_mode": "catmullrom"
						},
						"6.1": {
							"post": [1.11, 0, 0],
							"lerp_mode": "catmullrom"
						},
						"6.4": {
							"post": [-1.3, 0, -0.775],
							"lerp_mode": "catmullrom"
						},
						"6.6333": {
							"post": [-1.3, 0, 0],
							"lerp_mode": "catmullrom"
						},
						"6.7667": {
							"post": [-0.15, 0, 0.15],
							"lerp_mode": "catmullrom"
						},
						"6.8667": {
							"post": [0.48, 0, 0.6],
							"lerp_mode": "catmullrom"
						},
						"7.0": {
							"post": [-0.22, 0, -0.525],
							"lerp_mode": "catmullrom"
						},
						"7.1667": {
							"post": [0, 0, 0],
							"lerp_mode": "catmullrom"
						}
					}
				},
				"hexadecagon4": {
					"rotation": {
						"4.0": [0, 0, 0],
						"4.1333": [0, 0, -180],
						"4.2667": [0, 0, -360],
						"4.4": [0, 0, 0],
						"4.5333": [0, 0, -180],
						"4.6667": [0, 0, -360],
						"4.8333": [0, 0, 0],
						"5.1": [0, 0, -90],
						"5.4333": [0, 0, -180],
						"5.8667": [0, 0, -240],
						"6.4": [0, 0, -360]
					}
				},
				"ligh_illuminated": {
					"scale": 0
				}
			}
		},
		"inspect_empty": {
			"animation_length": 7.2,
			"bones": {
				"m95_bolt": {
					"position": {
						"4.3": [0, 0, 0],
						"4.3667": [0, 0, 4.15],
						"4.4333": [0, 0, 4.5],
						"4.5667": [0, 0, 4.3],
						"4.7667": [0, 0, 4.15],
						"5.1": [0, 0, 4.175],
						"5.2": [0, 0, 0]
					}
				},
				"l3": {
					"rotation": {
						"0.6": [0, 0, 0],
						"0.7333": [-3, 0, 0],
						"0.8667": [0, 0, 0],
						"1.0": [-2, 0, 0],
						"3.4333": [-2, 0, 0],
						"3.5667": [0, 0, 0],
						"3.7": [-2, 0, 0],
						"3.8333": [-0.75, 0, 0],
						"3.9333": [4.375, 0, 0],
						"4.1": [-1.025, 0, 0],
						"4.2333": [2.25, 0, 0],
						"4.3667": [1.25, 0, 0],
						"4.5667": [2.25, 0, 0],
						"4.7667": [0.25, 0, 0],
						"4.9333": [1.25, 0, 0],
						"5.1": [2.25, 0, 0],
						"5.2": [2.25, 0, 0],
						"5.3667": [-0.425, 0, 0],
						"5.5": [3.95, 0, 0],
						"5.6333": [0.6, 0, 0],
						"5.8": [1.75, 0, 0],
						"5.9333": [0, 0, 0],
						"6.1667": [0, 0, 0],
						"6.3": [-3, 0, 0],
						"6.4333": [-2, 0, 0],
						"6.5667": [0, 0, 0],
						"6.7333": [-1, 0, 0],
						"6.8667": [0, 0, 0]
					}
				},
				"bullet": {
					"scale": 0
				},
				"root": {
					"rotation": {
						"0.0": {
							"post": [0, 0, 0],
							"lerp_mode": "catmullrom"
						},
						"0.1667": {
							"post": [-1.38509, -1.24434, 4.29497],
							"lerp_mode": "catmullrom"
						},
						"0.2667": {
							"post": [-1.39, -1.24, 4.29],
							"lerp_mode": "catmullrom"
						},
						"0.4": {
							"post": [-3.91, -4.41, -2.02],
							"lerp_mode": "catmullrom"
						},
						"0.6667": {
							"post": [-10.80252, -12.68944, -19.80615],
							"lerp_mode": "catmullrom"
						},
						"0.8667": {
							"post": [-11.67934, -12.73253, -20.88586],
							"lerp_mode": "catmullrom"
						},
						"1.0": {
							"post": [-10.42561, -13.0448, -21.82949],
							"lerp_mode": "catmullrom"
						},
						"1.2": {
							"post": [-10.56428, -12.85979, -20.82188],
							"lerp_mode": "catmullrom"
						},
						"1.8667": {
							"post": [-10.39, -12.99, -21.57],
							"lerp_mode": "catmullrom"
						},
						"2.0333": {
							"post": [-10.9146, -13.35759, -23.13092],
							"lerp_mode": "catmullrom"
						},
						"2.3": {
							"post": [-10.25634, -13.50926, -24.0715],
							"lerp_mode": "catmullrom"
						},
						"2.6667": {
							"post": [-10.31, -13.4275, -24.0075],
							"lerp_mode": "catmullrom"
						},
						"2.7667": {
							"post": [-10.01823, -12.01652, -22.39677],
							"lerp_mode": "catmullrom"
						},
						"3.0": {
							"post": [-6.0733, -2.55567, -8.68449],
							"lerp_mode": "catmullrom"
						},
						"3.1667": {
							"post": [-3.30816, -6.55161, -3.15758],
							"lerp_mode": "catmullrom"
						},
						"3.3": {
							"post": [-11.99539, -6.2465, 14.78107],
							"lerp_mode": "catmullrom"
						},
						"3.4": {
							"post": [-24.07317, -0.97391, 28.22222],
							"lerp_mode": "catmullrom"
						},
						"3.6": {
							"post": [-32.28365, 5.59754, 44.62545],
							"lerp_mode": "catmullrom"
						},
						"3.7": {
							"post": [-32.44664, 5.36815, 46.1821],
							"lerp_mode": "catmullrom"
						},
						"3.7667": {
							"post": [-31.38661, 6.16105, 47.33802],
							"lerp_mode": "catmullrom"
						},
						"3.9": {
							"post": [-31.60382, 7.93459, 52.29084],
							"lerp_mode": "catmullrom"
						},
						"4.7333": {
							"post": [-32.04707, 7.50249, 48.73097],
							"lerp_mode": "catmullrom"
						},
						"5.0667": [-32.4996, 5.69075, 45.69734],
						"5.3667": [-32.4996, 5.69075, 38.09734],
						"6.3": [-2.77467, -6.47288, 5.91111],
						"6.3667": [-1.20016, -5.6579, 3.74312],
						"6.5": {
							"pre": [1.76605, -3.2563, 4.9369],
							"post": [1.76605, -3.2563, 4.9369],
							"lerp_mode": "catmullrom"
						},
						"6.5667": {
							"post": [1.78811, -2.65564, 4.66491],
							"lerp_mode": "catmullrom"
						},
						"6.6667": {
							"post": [0.8, -0.92, 3.05],
							"lerp_mode": "catmullrom"
						},
						"6.7333": {
							"post": [-0.30298, 0.34027, -1.56498],
							"lerp_mode": "catmullrom"
						},
						"6.8667": {
							"post": [0.2321, 0.0577, 2.25602],
							"lerp_mode": "catmullrom"
						},
						"7.0667": {
							"post": [0, 0, 0],
							"lerp_mode": "catmullrom"
						}
					},
					"position": {
						"0.0": {
							"post": [0, 0, 0],
							"lerp_mode": "catmullrom"
						},
						"0.1667": {
							"post": [-0.2, -0.31, 0],
							"lerp_mode": "catmullrom"
						},
						"0.3": {
							"post": [-0.2, -0.81, 0],
							"lerp_mode": "catmullrom"
						},
						"0.4": {
							"post": [-0.18, -0.4, 0],
							"lerp_mode": "catmullrom"
						},
						"0.5": {
							"post": [-0.14, 0.42, 0],
							"lerp_mode": "catmullrom"
						},
						"0.6667": {
							"post": [0, 2.8, 0],
							"lerp_mode": "catmullrom"
						},
						"0.7667": {
							"post": [0, 3.3, 0],
							"lerp_mode": "catmullrom"
						},
						"0.9667": {
							"post": [0, 3, 0],
							"lerp_mode": "catmullrom"
						},
						"1.2667": {
							"post": [0, 3.1, 0],
							"lerp_mode": "catmullrom"
						},
						"1.8667": {
							"post": [0, 3.17, 0],
							"lerp_mode": "catmullrom"
						},
						"2.0": {
							"post": [-0.1, 3.37, 0],
							"lerp_mode": "catmullrom"
						},
						"2.6": {
							"post": [-0.14, 3.53, -0.02],
							"lerp_mode": "catmullrom"
						},
						"2.7667": {
							"post": [-0.1, 3.345, 0],
							"lerp_mode": "catmullrom"
						},
						"2.8667": {
							"post": [0.4, 2.38, 0.23],
							"lerp_mode": "catmullrom"
						},
						"3.0": {
							"post": [1.875, -0.58, -0.855],
							"lerp_mode": "catmullrom"
						},
						"3.1667": {
							"post": [3.25, -1.13, -1.83],
							"lerp_mode": "catmullrom"
						},
						"3.4": {
							"post": [5.905, 3.385, -3.895],
							"lerp_mode": "catmullrom"
						},
						"3.5": {
							"post": [7.58, 4.975, -5.215],
							"lerp_mode": "catmullrom"
						},
						"3.6": {
							"post": [8.74, 4.71, -5.795],
							"lerp_mode": "catmullrom"
						},
						"3.7": {
							"post": [8.8, 3.5, -6.125],
							"lerp_mode": "catmullrom"
						},
						"3.8333": {
							"post": [8.8, 3.4, -6.4],
							"lerp_mode": "catmullrom"
						},
						"3.9667": {
							"post": [8.925, 3.975, -6.65],
							"lerp_mode": "catmullrom"
						},
						"4.8333": {
							"post": [8.585, 3.88125, -6.685],
							"lerp_mode": "catmullrom"
						},
						"5.0667": {
							"post": [8.6, 3.875, -6.65],
							"lerp_mode": "catmullrom"
						},
						"5.3333": {
							"post": [8.8, 3.675, -6.65],
							"lerp_mode": "catmullrom"
						},
						"5.5333": {
							"post": [8.55, 3.52, -6.645],
							"lerp_mode": "catmullrom"
						},
						"5.7333": {
							"post": [8.55, 3.55, -6.65],
							"lerp_mode": "catmullrom"
						},
						"5.8667": {
							"post": [7.93, 2.62, -6.015],
							"lerp_mode": "catmullrom"
						},
						"6.0333": {
							"post": [5.525, -1.04, -4.065],
							"lerp_mode": "catmullrom"
						},
						"6.1667": {
							"post": [3.235, -5.1, -4.215],
							"lerp_mode": "catmullrom"
						},
						"6.3333": {
							"post": [2.36, -4.48, -4.4],
							"lerp_mode": "catmullrom"
						},
						"6.5": {
							"post": [1.305, -1.125, -4.24],
							"lerp_mode": "catmullrom"
						},
						"6.6333": {
							"post": [0.79, 0.215, -2.5],
							"lerp_mode": "catmullrom"
						},
						"6.8": {
							"post": [0.125, -0.575, 0.275],
							"lerp_mode": "catmullrom"
						},
						"6.9": {
							"post": [0, -0.32875, -0.44],
							"lerp_mode": "catmullrom"
						},
						"7.0333": {
							"post": [0, -0.02, 0.17],
							"lerp_mode": "catmullrom"
						},
						"7.2": {
							"post": [0, 0, 0],
							"lerp_mode": "catmullrom"
						}
					}
				},
				"lefthand": {
					"rotation": {
						"0.0": [118.8492, 8.77489, 104.65279],
						"0.1": [118.8492, 8.77489, 104.65279],
						"0.2": [118.8492, 8.77489, 104.65279],
						"2.7667": [118.8492, 8.77489, 104.65279],
						"2.9667": [118.8492, 8.77489, 104.65279],
						"3.2667": [120.04898, -7.81007, 73.591],
						"6.0": [118.8492, 8.77489, 104.65279],
						"6.3": [118.8492, 8.77489, 104.65279]
					},
					"position": {
						"0.0": [16, -8, -5],
						"0.0667": [15, -8, -6],
						"0.1667": [15, -8, -6],
						"2.7333": [15, -8, -6],
						"2.9333": [15, -8, -6],
						"5.9667": [15, -8, -6],
						"6.1333": [15, -8, -6],
						"6.3": [16, -8, -5]
					},
					"scale": {
						"0.0": [1, 1.5, 1],
						"6.3": [1, 1.5, 1]
					}
				},
				"righthand": {
					"rotation": [70.79289, 5.51541, -188.95607],
					"position": [-6, -6, 8],
					"scale": [1, 1.5, 1]
				},
				"r_stable": {
					"rotation": {
						"4.0": [0, 0, 0],
						"4.1333": [0, 0, -180],
						"4.2667": [0, 0, -360],
						"4.4": [0, 0, 0],
						"4.5333": [0, 0, -180],
						"4.6667": [0, 0, -360],
						"4.8333": [0, 0, 0],
						"5.1": [0, 0, -90],
						"5.4333": [0, 0, -180],
						"5.8667": [0, 0, -240],
						"6.4": [0, 0, -360]
					}
				},
				"hexadecagon3": {
					"rotation": {
						"4.0": [0, 0, 0],
						"4.1333": [0, 0, 180],
						"4.2667": [0, 0, 360],
						"4.4": [0, 0, 0],
						"4.5333": [0, 0, 180],
						"4.6667": [0, 0, 360],
						"4.8333": [0, 0, 0],
						"5.1": [0, 0, 90],
						"5.4333": [0, 0, 180],
						"5.8667": [0, 0, 240]
					}
				},
				"barrel": {
					"rotation": {
						"0.0": [0, 0, 0],
						"4.0": [0, 0, 0],
						"4.1333": [0, 0, 180],
						"4.2667": [0, 0, 360],
						"4.4": [0, 0, 0],
						"4.5333": [0, 0, 180],
						"4.6667": [0, 0, 360],
						"4.8333": [0, 0, 0],
						"5.1": [0, 0, 90],
						"5.4333": [0, 0, 180],
						"5.8667": [0, 0, 240],
						"6.4": [0, 0, 360]
					}
				},
				"hexadecagon4": {
					"rotation": {
						"4.0": [0, 0, 0],
						"4.1333": [0, 0, -180],
						"4.2667": [0, 0, -360],
						"4.4": [0, 0, 0],
						"4.5333": [0, 0, -180],
						"4.6667": [0, 0, -360],
						"4.8333": [0, 0, 0],
						"5.1": [0, 0, -90],
						"5.4333": [0, 0, -180],
						"5.8667": [0, 0, -240],
						"6.4": [0, 0, -360]
					}
				},
				"rotate": {
					"rotation": [-90, 0, 0],
					"position": [-0.6, 0, 0]
				},
				"heat_meter": {
					"position": [0, 1, 0]
				},
				"rotate2": {
					"rotation": [-90, 0, 0],
					"position": [-0.6, 0, 0]
				},
				"camera": {
					"rotation": {
						"0.0": {
							"post": [0, 0, 0],
							"lerp_mode": "catmullrom"
						},
						"0.2667": {
							"post": [0.55, 0, 0],
							"lerp_mode": "catmullrom"
						},
						"0.6667": {
							"post": [-2.425, -0.25, -0.85],
							"lerp_mode": "catmullrom"
						},
						"0.8": {
							"post": [-2.21, -0.31, -0.65],
							"lerp_mode": "catmullrom"
						},
						"1.0": {
							"post": [-2.895, -0.38, -0.86],
							"lerp_mode": "catmullrom"
						},
						"1.3667": {
							"post": [-2.455, -0.25, -0.85],
							"lerp_mode": "catmullrom"
						},
						"1.7333": {
							"post": [4.925, 3.15, -1.425],
							"lerp_mode": "catmullrom"
						},
						"2.1": {
							"post": [6.075, 3.65, -1.425],
							"lerp_mode": "catmullrom"
						},
						"2.7333": {
							"post": [6.075, 3.85, -1.35],
							"lerp_mode": "catmullrom"
						},
						"3.1333": {
							"post": [1.525, 0, 0],
							"lerp_mode": "catmullrom"
						},
						"3.4": {
							"post": [0.955, -1.9, 1.35],
							"lerp_mode": "catmullrom"
						},
						"3.6333": {
							"post": [1.64, -1.97, 1.74],
							"lerp_mode": "catmullrom"
						},
						"3.7333": {
							"post": [2.11, -1.9, 2.025],
							"lerp_mode": "catmullrom"
						},
						"3.8667": {
							"post": [1.665, -1.83, 1.515],
							"lerp_mode": "catmullrom"
						},
						"4.0667": {
							"post": [2.14, -1.975, 1.85],
							"lerp_mode": "catmullrom"
						},
						"4.2333": {
							"post": [3.62, -2.97, 2.02],
							"lerp_mode": "catmullrom"
						},
						"4.3333": {
							"post": [4.83, -3.62, 1.54],
							"lerp_mode": "catmullrom"
						},
						"4.4333": {
							"post": [5.35, -3.96, 1.625],
							"lerp_mode": "catmullrom"
						},
						"4.5667": {
							"post": [5.36, -3.99, 1.685],
							"lerp_mode": "catmullrom"
						},
						"4.7333": {
							"post": [5.21, -4.01, 1.52],
							"lerp_mode": "catmullrom"
						},
						"4.9333": {
							"post": [5.24, -4.05, 1.775],
							"lerp_mode": "catmullrom"
						},
						"5.1667": {
							"post": [5.35, -4.09, 1.76],
							"lerp_mode": "catmullrom"
						},
						"5.2667": {
							"post": [5.41, -4.11, 1.88],
							"lerp_mode": "catmullrom"
						},
						"5.3667": {
							"post": [5.475, -4.13, 1.715],
							"lerp_mode": "catmullrom"
						},
						"5.4667": {
							"post": [4.405, -4.01, 1.565],
							"lerp_mode": "catmullrom"
						},
						"5.6": {
							"post": [2.415, -3.88, 1.75],
							"lerp_mode": "catmullrom"
						},
						"5.7667": {
							"post": [1.46, -3.3, 1.675],
							"lerp_mode": "catmullrom"
						},
						"6.1": {
							"post": [1.11, 0, 0],
							"lerp_mode": "catmullrom"
						},
						"6.4": {
							"post": [-1.3, 0, -0.775],
							"lerp_mode": "catmullrom"
						},
						"6.6333": {
							"post": [-1.3, 0, 0],
							"lerp_mode": "catmullrom"
						},
						"6.7667": {
							"post": [-0.15, 0, 0.15],
							"lerp_mode": "catmullrom"
						},
						"6.8667": {
							"post": [0.48, 0, 0.6],
							"lerp_mode": "catmullrom"
						},
						"7.0": {
							"post": [-0.22, 0, -0.525],
							"lerp_mode": "catmullrom"
						},
						"7.1667": {
							"post": [0, 0, 0],
							"lerp_mode": "catmullrom"
						}
					}
				},
				"ligh_illuminated": {
					"scale": 1
				}
			}
		},
		"reload_tactical": {
			"animation_length": 3,
			"bones": {
				"bullet": {
					"scale": {
						"1.2": [0, 0, 0],
						"1.2333": [1, 1, 1]
					}
				},
				"bullet_in_mag": {
					"scale": {
						"1.2": [1, 1, 1],
						"1.2333": [0, 0, 0]
					}
				},
				"mag_standard": {
					"scale": 0
				},
				"mag_extended_1": {
					"scale": 0
				},
				"p90_mag_standard": {
					"rotation": {
						"0.2667": [0, 0, 0],
						"0.3": [5, 0, 0],
						"2.0333": [5, 0, 0],
						"2.0667": [0, 0, 0]
					},
					"position": {
						"0.2667": [0, 0, 0],
						"2.0333": [0, 0, 0]
					}
				},
				"root": {
					"rotation": {
						"0.0": {
							"post": [0, 0, 0],
							"lerp_mode": "catmullrom"
						},
						"0.1": {
							"post": [-9.9798, -5.69315, -3.78492],
							"lerp_mode": "catmullrom"
						},
						"0.2667": {
							"post": [-22.64721, -22.90108, -21.45411],
							"lerp_mode": "catmullrom"
						},
						"0.4": {
							"post": [-22.78083, -23.99681, -21.41099],
							"lerp_mode": "catmullrom"
						},
						"0.4667": {
							"post": [-23.18285, -22.38797, -17.48681],
							"lerp_mode": "catmullrom"
						},
						"0.6": {
							"post": [-25.28526, -21.88253, -17.1827],
							"lerp_mode": "catmullrom"
						},
						"0.8": {
							"post": [-24.56547, -22.82701, -21.2417],
							"lerp_mode": "catmullrom"
						},
						"0.9": {
							"post": [-22.18774, -23.50748, -24.20756],
							"lerp_mode": "catmullrom"
						},
						"1.0": {
							"post": [-24.75731, -21.79456, -17.61184],
							"lerp_mode": "catmullrom"
						},
						"1.1": {
							"post": [-23.43435, -24.326, -23.31597],
							"lerp_mode": "catmullrom"
						},
						"1.2": {
							"post": [-24.7515, -23.9375, -22.89313],
							"lerp_mode": "catmullrom"
						},
						"1.3": {
							"post": [-25.26, -24.065, -23.035],
							"lerp_mode": "catmullrom"
						},
						"1.4333": {
							"post": [-20.77608, -26.65719, -33.11244],
							"lerp_mode": "catmullrom"
						},
						"1.5333": {
							"post": [-20.445, -26.395, -33.385],
							"lerp_mode": "catmullrom"
						},
						"1.7": {
							"post": [-20.60933, -26.39091, -32.51659],
							"lerp_mode": "catmullrom"
						},
						"1.7667": {
							"post": [-20.59005, -27.93453, -34.45059],
							"lerp_mode": "catmullrom"
						},
						"1.8667": {
							"post": [-19.53133, -27.39199, -32.68718],
							"lerp_mode": "catmullrom"
						},
						"2.0333": {
							"post": [-17.95987, -27.15229, -34.29352],
							"lerp_mode": "catmullrom"
						},
						"2.0667": {
							"post": [-20.06525, -26.57494, -28.46179],
							"lerp_mode": "catmullrom"
						},
						"2.1667": {
							"post": [-11.53925, -27.59772, -34.83451],
							"lerp_mode": "catmullrom"
						},
						"2.3333": {
							"post": [-14.36214, -19.444, -20.68301],
							"lerp_mode": "catmullrom"
						},
						"2.4333": {
							"post": [-12.63606, -4.76279, -6.39753],
							"lerp_mode": "catmullrom"
						},
						"2.5667": {
							"post": [-4.48906, -0.82, -0.77],
							"lerp_mode": "catmullrom"
						},
						"2.6667": {
							"post": [1.70703, 0, -1.4],
							"lerp_mode": "catmullrom"
						},
						"2.7667": {
							"post": [-0.36328, 0.425, 1.025],
							"lerp_mode": "catmullrom"
						},
						"2.8667": {
							"post": [0, 0, 0],
							"lerp_mode": "catmullrom"
						},
						"3.0": {
							"post": [0, 0, 0],
							"lerp_mode": "catmullrom"
						}
					},
					"position": {
						"0.0": {
							"post": [0, 0, 0],
							"lerp_mode": "catmullrom"
						},
						"0.1": {
							"post": [-1.08, -1.26, -0.28],
							"lerp_mode": "catmullrom"
						},
						"0.2667": {
							"post": [-2.6, -1.95, -1.1],
							"lerp_mode": "catmullrom"
						},
						"0.4": {
							"post": [-2.85, -1.775, -0.73],
							"lerp_mode": "catmullrom"
						},
						"0.5": {
							"post": [-2.85, -1.535, -0.605],
							"lerp_mode": "catmullrom"
						},
						"0.6667": {
							"post": [-2.8, -1.55, -0.7],
							"lerp_mode": "catmullrom"
						},
						"0.8": {
							"post": [-2.8, -1.6, -0.7],
							"lerp_mode": "catmullrom"
						},
						"0.9": {
							"post": [-2.79, -1.85, -0.65],
							"lerp_mode": "catmullrom"
						},
						"1.0": {
							"post": [-2.77, -1.71, -0.67],
							"lerp_mode": "catmullrom"
						},
						"1.1": {
							"post": [-2.78, -1.63, -0.69],
							"lerp_mode": "catmullrom"
						},
						"1.2": {
							"post": [-2.83, -1.845, -0.71],
							"lerp_mode": "catmullrom"
						},
						"1.4333": {
							"post": [-2.92, -1.905, -0.7],
							"lerp_mode": "catmullrom"
						},
						"1.7667": {
							"post": [-2.895, -2.03, -0.7],
							"lerp_mode": "catmullrom"
						},
						"2.0333": {
							"post": [-2.8, -1.675, -0.7],
							"lerp_mode": "catmullrom"
						},
						"2.0667": {
							"post": [-2.9, -2.45, -0.5],
							"lerp_mode": "catmullrom"
						},
						"2.1333": {
							"post": [-2.9, -2.45, -0.54],
							"lerp_mode": "catmullrom"
						},
						"2.2667": {
							"post": [-2.7, -1.975, -0.575],
							"lerp_mode": "catmullrom"
						},
						"2.4333": {
							"post": [-0.8, -1.3, -0.875],
							"lerp_mode": "catmullrom"
						},
						"2.5333": {
							"post": [-0.05, -0.35, -1.525],
							"lerp_mode": "catmullrom"
						},
						"2.6667": {
							"post": [0.025, -0.05, 0.275],
							"lerp_mode": "catmullrom"
						},
						"2.7667": {
							"post": [0, -0.15, -0.15],
							"lerp_mode": "catmullrom"
						},
						"2.8667": {
							"post": [0, 0, 0],
							"lerp_mode": "catmullrom"
						},
						"3.0": {
							"post": [0, 0, 0],
							"lerp_mode": "catmullrom"
						}
					}
				},
				"mag_and_lefthand": {
					"rotation": {
						"0.9667": [0, 0, 0],
						"1.4333": [0, 0, 0],
						"1.6": [0, 0, 0],
						"2.0667": [0, 0, 0]
					},
					"position": {
						"0.4667": [0, 0, 0],
						"0.5667": [0, 0, 0],
						"0.7667": [0, 2, 21],
						"0.9667": [0, 2, 21],
						"1.4333": [0, 2, 14],
						"1.6": [0, 0, 0],
						"1.6667": [0, 0, 0],
						"1.7333": [0, 0, 0],
						"1.8333": [0, 0, 0],
						"1.9333": [0, 0, 0],
						"2.0": [0, 0, 0],
						"2.0333": [0, 0, 0],
						"2.0667": [0, 0, 0]
					}
				},
				"lefthand": {
					"rotation": {
						"0.0": [118.8492, 8.77489, 104.65279],
						"0.1667": [118.8492, 8.77489, 104.65279],
						"0.3667": [118.8492, 8.77489, 104.65279],
						"1.6": [171.0442, 8.8524, 104],
						"1.6667": [171.0442, 8.8524, 140],
						"1.9": {
							"pre": [112.47827, -65.78086, 140],
							"post": [112.47827, -65.78086, 140],
							"lerp_mode": "catmullrom"
						},
						"2.0": {
							"post": [112.47827, -65.78086, 140],
							"lerp_mode": "catmullrom"
						},
						"2.0667": {
							"post": [112.47827, -65.78086, 140],
							"lerp_mode": "catmullrom"
						},
						"2.2667": [99.56111, -11.48935, 192],
						"2.5": [118.8492, 8.77489, 104.65279]
					},
					"position": {
						"0.0": [16, -8, -5],
						"0.1667": [15, -8, -6],
						"0.3667": [15, -8, -6],
						"1.6": [7.8057, -3.67024, -0.99296],
						"1.6667": [7.8057, -3.67024, -1.39296],
						"1.7333": [7.8057, -3.67024, 0.00704],
						"1.9": {
							"pre": [4.83, -1.86, 0.15],
							"post": [4.83, -1.86, 0.15],
							"lerp_mode": "catmullrom"
						},
						"2.0": {
							"post": [4.83, -1.86, 0.15],
							"lerp_mode": "catmullrom"
						},
						"2.0333": {
							"post": [4.83, -6.86, 0.15],
							"lerp_mode": "catmullrom"
						},
						"2.0667": {
							"post": [4.83, -5.86, 0.15],
							"lerp_mode": "catmullrom"
						},
						"2.2667": [9.895, -18.075, -4.695],
						"2.5": [16, -8, -5]
					},
					"scale": {
						"0.0": [1, 1.5, 1],
						"2.5": [1, 1.5, 1]
					}
				},
				"righthand": {
					"rotation": [70.79289, 5.51541, -188.95607],
					"position": [-6, -6, 8],
					"scale": [1, 1.5, 1]
				},
				"rotate": {
					"rotation": {
						"0.0": [-90, 0, 0],
						"2.0333": [-90, 0, 0],
						"2.4": [0, 0, 0]
					},
					"position": {
						"0.0": [-0.6, 0, 0],
						"2.0333": [-0.6, 0, 0],
						"2.4": [0, 0, 0]
					}
				},
				"heat_meter": {
					"position": {
						"0.0": [0, 1, 0],
						"2.0": [0, 1, 0],
						"2.0333": [0, 0, 0]
					}
				},
				"ligh_illuminated": {
					"scale": {
						"0.0": [1, 1, 1],
						"2.1": [0, 0, 0]
					}
				},
				"rotate2": {
					"rotation": {
						"0.0": [90, 0, 0],
						"2.0333": [90, 0, 0],
						"2.4": [0, 0, 0]
					},
					"position": {
						"0.0": [-0.6, 0, 0],
						"2.0333": [-0.6, 0, 0],
						"2.4": [0, 0, 0]
					}
				},
				"refit_scope_view": {
					"position": [2, 0, 8]
				},
				"camera": {
					"rotation": {
						"0.0": {
							"post": [0, 0, 0],
							"lerp_mode": "catmullrom"
						},
						"0.1": {
							"post": [0.29, 0.05, -0.22],
							"lerp_mode": "catmullrom"
						},
						"0.3": {
							"post": [2.675, 0.3, -1.3],
							"lerp_mode": "catmullrom"
						},
						"0.4333": {
							"post": [2.875, 0.35, -1.51],
							"lerp_mode": "catmullrom"
						},
						"1.7": {
							"post": [3, 0.49, -1.61],
							"lerp_mode": "catmullrom"
						},
						"1.8": {
							"post": [2.775, 0.5, -1.925],
							"lerp_mode": "catmullrom"
						},
						"2.0": {
							"post": [2.85, 0.43, -1.79],
							"lerp_mode": "catmullrom"
						},
						"2.0667": {
							"post": [3.68, 0.4, -1.075],
							"lerp_mode": "catmullrom"
						},
						"2.1667": {
							"post": [2.675, 0.35, -2.11],
							"lerp_mode": "catmullrom"
						},
						"2.3333": {
							"post": [2.725, 0.3, -1.575],
							"lerp_mode": "catmullrom"
						},
						"2.5667": {
							"post": [0.04, 0.06, -0.4],
							"lerp_mode": "catmullrom"
						},
						"2.6333": {
							"post": [0.55, 0, 0.275],
							"lerp_mode": "catmullrom"
						},
						"2.7333": {
							"post": [-0.275, 0, -0.2],
							"lerp_mode": "catmullrom"
						},
						"2.8": {
							"post": [-0.19, 0, -0.13],
							"lerp_mode": "catmullrom"
						},
						"2.8667": {
							"post": [-0.05, 0, -0.04],
							"lerp_mode": "catmullrom"
						},
						"2.9667": {
							"post": [0, 0, 0],
							"lerp_mode": "catmullrom"
						}
					}
				}
			},
			"sound_effects": {
				"0.1667": {
					"effect": "fennec_reload_fast_up"
				},
				"0.4667": {
					"effect": "p10_sm_victor_raise"
				},
				"1.5333": {
					"effect": "p10_sm_victor_reload_maghit"
				},
				"1.9": {
					"effect": "p10_sm_victor_reload_magin"
				},
				"2.1": {
					"effect": "p10_sm_victor_reload_end"
				}
			}
		},
		"over_heat": {
			"animation_length": 5.8667,
			"bones": {
				"bullet": {
					"scale": {
						"4.2": [0, 0, 0],
						"4.2333": [1, 1, 1]
					}
				},
				"bullet_in_mag": {
					"scale": {
						"4.2": [1, 1, 1],
						"4.2333": [0, 0, 0]
					}
				},
				"mag_standard": {
					"scale": 0
				},
				"mag_extended_1": {
					"scale": 0
				},
				"p90_mag_standard": {
					"rotation": {
						"3.2667": [0, 0, 0],
						"3.3": [5, 0, 0],
						"5.0333": [5, 0, 0],
						"5.0667": [0, 0, 0]
					},
					"position": {
						"3.2667": [0, 0, 0],
						"5.0333": [0, 0, 0]
					}
				},
				"root": {
					"rotation": {
						"0.0": {
							"post": [0, 0, 0],
							"lerp_mode": "catmullrom"
						},
						"0.0667": {
							"post": [1.22274, -1.27668, 1.22274],
							"lerp_mode": "catmullrom"
						},
						"0.1667": {
							"post": [0.39505, 0.5563, 0.40792],
							"lerp_mode": "catmullrom"
						},
						"0.3667": {
							"post": [2.06738, -0.11066, -0.42414],
							"lerp_mode": "catmullrom"
						},
						"0.7": {
							"post": [4.02085, -3.5426, 7.57594],
							"lerp_mode": "catmullrom"
						},
						"0.9667": {
							"post": [5.03384, -3.71711, 6.47411],
							"lerp_mode": "catmullrom"
						},
						"1.4": {
							"post": [4.56369, -3.17025, 5.43034],
							"lerp_mode": "catmullrom"
						},
						"2.4667": {
							"post": [0, 0, 0],
							"lerp_mode": "catmullrom"
						},
						"2.9667": {
							"post": [-9.9798, -5.69315, -3.78492],
							"lerp_mode": "catmullrom"
						},
						"3.1333": {
							"post": [-22.64721, -22.90108, -21.45411],
							"lerp_mode": "catmullrom"
						},
						"3.2667": {
							"post": [-22.78083, -23.99681, -21.41099],
							"lerp_mode": "catmullrom"
						},
						"3.3333": {
							"post": [-23.18285, -22.38797, -17.48681],
							"lerp_mode": "catmullrom"
						},
						"3.4667": {
							"post": [-25.28526, -21.88253, -17.1827],
							"lerp_mode": "catmullrom"
						},
						"3.6667": {
							"post": [-24.56547, -22.82701, -21.2417],
							"lerp_mode": "catmullrom"
						},
						"3.7667": {
							"post": [-22.18774, -23.50748, -24.20756],
							"lerp_mode": "catmullrom"
						},
						"3.8667": {
							"post": [-24.75731, -21.79456, -17.61184],
							"lerp_mode": "catmullrom"
						},
						"3.9667": {
							"post": [-23.43435, -24.326, -23.31597],
							"lerp_mode": "catmullrom"
						},
						"4.0667": {
							"post": [-24.7515, -23.9375, -22.89313],
							"lerp_mode": "catmullrom"
						},
						"4.1667": {
							"post": [-25.26, -24.065, -23.035],
							"lerp_mode": "catmullrom"
						},
						"4.3": {
							"post": [-20.77608, -26.65719, -33.11244],
							"lerp_mode": "catmullrom"
						},
						"4.4": {
							"post": [-20.445, -26.395, -33.385],
							"lerp_mode": "catmullrom"
						},
						"4.5667": {
							"post": [-20.60933, -26.39091, -32.51659],
							"lerp_mode": "catmullrom"
						},
						"4.6333": {
							"post": [-20.59005, -27.93453, -34.45059],
							"lerp_mode": "catmullrom"
						},
						"4.7333": {
							"post": [-19.53133, -27.39199, -32.68718],
							"lerp_mode": "catmullrom"
						},
						"4.9": {
							"post": [-17.95987, -27.15229, -34.29352],
							"lerp_mode": "catmullrom"
						},
						"4.9333": {
							"post": [-20.06525, -26.57494, -28.46179],
							"lerp_mode": "catmullrom"
						},
						"5.0333": {
							"post": [-11.53925, -27.59772, -34.83451],
							"lerp_mode": "catmullrom"
						},
						"5.2": {
							"post": [-14.36214, -19.444, -20.68301],
							"lerp_mode": "catmullrom"
						},
						"5.3": {
							"post": [-12.63606, -4.76279, -6.39753],
							"lerp_mode": "catmullrom"
						},
						"5.4333": {
							"post": [-4.48906, -0.82, -0.77],
							"lerp_mode": "catmullrom"
						},
						"5.5333": {
							"post": [1.70703, 0, -1.4],
							"lerp_mode": "catmullrom"
						},
						"5.6333": {
							"post": [-0.36328, 0.425, 1.025],
							"lerp_mode": "catmullrom"
						},
						"5.7333": {
							"post": [0, 0, 0],
							"lerp_mode": "catmullrom"
						},
						"5.8667": {
							"post": [0, 0, 0],
							"lerp_mode": "catmullrom"
						}
					},
					"position": {
						"0.0": {
							"post": [0, 0, 0],
							"lerp_mode": "catmullrom"
						},
						"0.1": {
							"post": [0, -0.3, 0.745],
							"lerp_mode": "catmullrom"
						},
						"0.2667": {
							"post": [-0.225, -0.375, 0.475],
							"lerp_mode": "catmullrom"
						},
						"0.4": {
							"post": [-0.22, -0.35, 0.35],
							"lerp_mode": "catmullrom"
						},
						"0.8667": {
							"post": [-0.13, -0.56, 0.22],
							"lerp_mode": "catmullrom"
						},
						"1.5667": {
							"post": [-0.015, -0.59, 0.05],
							"lerp_mode": "catmullrom"
						},
						"2.4667": {
							"post": [0, 0, 0],
							"lerp_mode": "catmullrom"
						},
						"2.9667": {
							"post": [-1.08, -1.26, -0.28],
							"lerp_mode": "catmullrom"
						},
						"3.1333": {
							"post": [-2.6, -1.95, -1.1],
							"lerp_mode": "catmullrom"
						},
						"3.2667": {
							"post": [-2.85, -1.775, -0.73],
							"lerp_mode": "catmullrom"
						},
						"3.3667": {
							"post": [-2.85, -1.535, -0.605],
							"lerp_mode": "catmullrom"
						},
						"3.5333": {
							"post": [-2.8, -1.55, -0.7],
							"lerp_mode": "catmullrom"
						},
						"3.6667": {
							"post": [-2.8, -1.6, -0.7],
							"lerp_mode": "catmullrom"
						},
						"3.7667": {
							"post": [-2.79, -1.85, -0.65],
							"lerp_mode": "catmullrom"
						},
						"3.8667": {
							"post": [-2.77, -1.71, -0.67],
							"lerp_mode": "catmullrom"
						},
						"3.9667": {
							"post": [-2.78, -1.63, -0.69],
							"lerp_mode": "catmullrom"
						},
						"4.0667": {
							"post": [-2.83, -1.845, -0.71],
							"lerp_mode": "catmullrom"
						},
						"4.3": {
							"post": [-2.92, -1.905, -0.7],
							"lerp_mode": "catmullrom"
						},
						"4.6333": {
							"post": [-2.895, -2.03, -0.7],
							"lerp_mode": "catmullrom"
						},
						"4.9": {
							"post": [-2.8, -1.675, -0.7],
							"lerp_mode": "catmullrom"
						},
						"4.9333": {
							"post": [-2.9, -2.45, -0.5],
							"lerp_mode": "catmullrom"
						},
						"5.0": {
							"post": [-2.9, -2.45, -0.54],
							"lerp_mode": "catmullrom"
						},
						"5.1333": {
							"post": [-2.7, -1.975, -0.575],
							"lerp_mode": "catmullrom"
						},
						"5.3": {
							"post": [-0.8, -1.3, -0.875],
							"lerp_mode": "catmullrom"
						},
						"5.4": {
							"post": [-0.05, -0.35, -1.525],
							"lerp_mode": "catmullrom"
						},
						"5.5333": {
							"post": [0.025, -0.05, 0.275],
							"lerp_mode": "catmullrom"
						},
						"5.6333": {
							"post": [0, -0.15, -0.15],
							"lerp_mode": "catmullrom"
						},
						"5.7333": {
							"post": [0, 0, 0],
							"lerp_mode": "catmullrom"
						},
						"5.8667": {
							"post": [0, 0, 0],
							"lerp_mode": "catmullrom"
						}
					}
				},
				"mag_and_lefthand": {
					"rotation": {
						"4.3333": {
							"pre": [0, 0, 0],
							"post": [0, 0, 0],
							"lerp_mode": "catmullrom"
						},
						"4.8": {
							"post": [0, 0, 0],
							"lerp_mode": "catmullrom"
						},
						"4.9667": {
							"post": [37.5, 0, 12.5],
							"lerp_mode": "catmullrom"
						},
						"5.2667": {
							"post": [0, 0, 0],
							"lerp_mode": "catmullrom"
						}
					},
					"position": {
						"3.8333": {
							"pre": [0, 0, 0],
							"post": [0, 0, 0],
							"lerp_mode": "catmullrom"
						},
						"3.9333": {
							"post": [0, 0, 0],
							"lerp_mode": "catmullrom"
						},
						"4.1333": {
							"post": [-6, 6, 8],
							"lerp_mode": "catmullrom"
						},
						"4.3333": {
							"post": [-6, 6, 18],
							"lerp_mode": "catmullrom"
						},
						"4.8": {
							"post": [-6, 6, 8],
							"lerp_mode": "catmullrom"
						},
						"4.9667": {
							"post": [-9, 11, 10],
							"lerp_mode": "catmullrom"
						},
						"5.0333": {
							"post": [-6, 6, 8],
							"lerp_mode": "catmullrom"
						},
						"5.1": {
							"post": [-6, 6, 8],
							"lerp_mode": "catmullrom"
						},
						"5.2": {
							"post": [-6, 6, 8],
							"lerp_mode": "catmullrom"
						},
						"5.3": {
							"post": [-6, 6, 8],
							"lerp_mode": "catmullrom"
						},
						"5.3667": {
							"post": [-6, 6, 8],
							"lerp_mode": "catmullrom"
						},
						"5.7667": {
							"post": [0, 0, 0],
							"lerp_mode": "catmullrom"
						}
					}
				},
				"rotate": {
					"rotation": {
						"0.0": [0, 0, 0],
						"0.1667": [-90, 0, 0],
						"5.0667": [-90, 0, 0],
						"5.4333": [0, 0, 0]
					},
					"position": {
						"0.0": [0, 0, 0],
						"0.1667": [-0.6, 0, 0],
						"5.0667": [-0.6, 0, 0],
						"5.4333": [0, 0, 0]
					}
				},
				"heat_meter": {
					"position": {
						"0.0": [0, 0, 0],
						"0.2": [0, 1, 0],
						"5.0": [0, 1, 0],
						"5.0333": [0, 0, 0]
					}
				},
				"ligh_illuminated": {
					"scale": {
						"3.0": [1, 1, 1],
						"5.1": [0, 0, 0]
					}
				},
				"rotate2": {
					"rotation": {
						"0.0": [0, 0, 0],
						"0.1667": [90, 0, 0],
						"5.0667": [90, 0, 0],
						"5.4333": [0, 0, 0]
					},
					"position": {
						"0.0": [0, 0, 0],
						"0.1667": [-0.6, 0, 0],
						"5.0667": [-0.6, 0, 0],
						"5.4333": [0, 0, 0]
					}
				},
				"refit_scope_view": {
					"position": [2, 0, 8]
				},
				"camera": {
					"rotation": {
						"3.0": {
							"pre": [0, 0, 0],
							"post": [0, 0, 0],
							"lerp_mode": "catmullrom"
						},
						"3.1": {
							"post": [0.29, 0.05, -0.22],
							"lerp_mode": "catmullrom"
						},
						"3.3": {
							"post": [2.675, 0.3, -1.3],
							"lerp_mode": "catmullrom"
						},
						"3.4333": {
							"post": [2.875, 0.35, -1.51],
							"lerp_mode": "catmullrom"
						},
						"4.7": {
							"post": [3, 0.49, -1.61],
							"lerp_mode": "catmullrom"
						},
						"4.8": {
							"post": [2.775, 0.5, -1.925],
							"lerp_mode": "catmullrom"
						},
						"5.0": {
							"post": [2.85, 0.43, -1.79],
							"lerp_mode": "catmullrom"
						},
						"5.0667": {
							"post": [3.68, 0.4, -1.075],
							"lerp_mode": "catmullrom"
						},
						"5.1667": {
							"post": [2.675, 0.35, -2.11],
							"lerp_mode": "catmullrom"
						},
						"5.3333": {
							"post": [2.725, 0.3, -1.575],
							"lerp_mode": "catmullrom"
						},
						"5.5667": {
							"post": [0.04, 0.06, -0.4],
							"lerp_mode": "catmullrom"
						},
						"5.6333": {
							"post": [0.55, 0, 0.275],
							"lerp_mode": "catmullrom"
						},
						"5.7333": {
							"post": [-0.275, 0, -0.2],
							"lerp_mode": "catmullrom"
						},
						"5.8": {
							"post": [-0.19, 0, -0.13],
							"lerp_mode": "catmullrom"
						},
						"5.8667": {
							"post": [-0.05, 0, -0.04],
							"lerp_mode": "catmullrom"
						},
						"5.9667": {
							"post": [0, 0, 0],
							"lerp_mode": "catmullrom"
						}
					}
				}
			},
			"sound_effects": {
				"0.0": {
					"effect": "tacz:minigun/minigun_winddown"
				},
				"3.0": {
					"effect": "deep_rock_galactic:minigun/minigun_reload"
				}
			}
		},
		"reload_empty": {
			"animation_length": 3.6,
			"bones": {
				"bullet": {
					"scale": {
						"1.2": [0, 0, 0],
						"1.2333": [1, 1, 1]
					}
				},
				"bullet_in_mag": {
					"scale": {
						"1.2": [1, 1, 1],
						"1.2333": [0, 0, 0]
					}
				},
				"mag_standard": {
					"scale": 0
				},
				"mag_extended_1": {
					"scale": 0
				},
				"p90_mag_standard": {
					"rotation": {
						"0.2667": [0, 0, 0],
						"0.3": [5, 0, 0],
						"2.0333": [5, 0, 0],
						"2.0667": [0, 0, 0]
					},
					"position": {
						"0.2667": [0, 0, 0],
						"2.0333": [0, 0, 0]
					}
				},
				"root": {
					"rotation": {
						"0.0": {
							"post": [0, 0, 0],
							"lerp_mode": "catmullrom"
						},
						"0.1": {
							"post": [-9.9798, -5.69315, -3.78492],
							"lerp_mode": "catmullrom"
						},
						"0.2667": {
							"post": [-22.64721, -22.90108, -21.45411],
							"lerp_mode": "catmullrom"
						},
						"0.4": {
							"post": [-22.78083, -23.99681, -21.41099],
							"lerp_mode": "catmullrom"
						},
						"0.4667": {
							"post": [-23.18285, -22.38797, -17.48681],
							"lerp_mode": "catmullrom"
						},
						"0.6": {
							"post": [-25.28526, -21.88253, -17.1827],
							"lerp_mode": "catmullrom"
						},
						"0.8": {
							"post": [-24.56547, -22.82701, -21.2417],
							"lerp_mode": "catmullrom"
						},
						"0.9": {
							"post": [-22.18774, -23.50748, -24.20756],
							"lerp_mode": "catmullrom"
						},
						"1.0": {
							"post": [-24.75731, -21.79456, -17.61184],
							"lerp_mode": "catmullrom"
						},
						"1.1": {
							"post": [-23.43435, -24.326, -23.31597],
							"lerp_mode": "catmullrom"
						},
						"1.2": {
							"post": [-24.7515, -23.9375, -22.89313],
							"lerp_mode": "catmullrom"
						},
						"1.3": {
							"post": [-25.26, -24.065, -23.035],
							"lerp_mode": "catmullrom"
						},
						"1.4333": {
							"post": [-20.77608, -26.65719, -33.11244],
							"lerp_mode": "catmullrom"
						},
						"1.5333": {
							"post": [-20.445, -26.395, -33.385],
							"lerp_mode": "catmullrom"
						},
						"1.7": {
							"post": [-20.60933, -26.39091, -32.51659],
							"lerp_mode": "catmullrom"
						},
						"1.7667": {
							"post": [-20.59005, -27.93453, -34.45059],
							"lerp_mode": "catmullrom"
						},
						"1.8667": {
							"post": [-19.53133, -27.39199, -32.68718],
							"lerp_mode": "catmullrom"
						},
						"2.0333": {
							"post": [-17.95987, -27.15229, -34.29352],
							"lerp_mode": "catmullrom"
						},
						"2.0667": {
							"post": [-20.06525, -26.57494, -28.46179],
							"lerp_mode": "catmullrom"
						},
						"2.1667": {
							"post": [-11.53925, -27.59772, -34.83451],
							"lerp_mode": "catmullrom"
						},
						"2.3333": {
							"post": [-14.36214, -19.444, -20.68301],
							"lerp_mode": "catmullrom"
						},
						"2.4333": {
							"post": [-12.63606, -4.76279, -6.39753],
							"lerp_mode": "catmullrom"
						},
						"2.5667": {
							"post": [-4.48906, -0.82, -0.77],
							"lerp_mode": "catmullrom"
						},
						"2.6667": {
							"post": [1.70703, 0, -1.4],
							"lerp_mode": "catmullrom"
						},
						"2.7667": {
							"post": [-0.36328, 0.425, 1.025],
							"lerp_mode": "catmullrom"
						},
						"2.8667": {
							"post": [0, 0, 0],
							"lerp_mode": "catmullrom"
						},
						"3.0": {
							"post": [0, 0, 0],
							"lerp_mode": "catmullrom"
						}
					},
					"position": {
						"0.0": {
							"post": [0, 0, 0],
							"lerp_mode": "catmullrom"
						},
						"0.1": {
							"post": [-1.08, -1.26, -0.28],
							"lerp_mode": "catmullrom"
						},
						"0.2667": {
							"post": [-2.6, -1.95, -1.1],
							"lerp_mode": "catmullrom"
						},
						"0.4": {
							"post": [-2.85, -1.775, -0.73],
							"lerp_mode": "catmullrom"
						},
						"0.5": {
							"post": [-2.85, -1.535, -0.605],
							"lerp_mode": "catmullrom"
						},
						"0.6667": {
							"post": [-2.8, -1.55, -0.7],
							"lerp_mode": "catmullrom"
						},
						"0.8": {
							"post": [-2.8, -1.6, -0.7],
							"lerp_mode": "catmullrom"
						},
						"0.9": {
							"post": [-2.79, -1.85, -0.65],
							"lerp_mode": "catmullrom"
						},
						"1.0": {
							"post": [-2.77, -1.71, -0.67],
							"lerp_mode": "catmullrom"
						},
						"1.1": {
							"post": [-2.78, -1.63, -0.69],
							"lerp_mode": "catmullrom"
						},
						"1.2": {
							"post": [-2.83, -1.845, -0.71],
							"lerp_mode": "catmullrom"
						},
						"1.4333": {
							"post": [-2.92, -1.905, -0.7],
							"lerp_mode": "catmullrom"
						},
						"1.7667": {
							"post": [-2.895, -2.03, -0.7],
							"lerp_mode": "catmullrom"
						},
						"2.0333": {
							"post": [-2.8, -1.675, -0.7],
							"lerp_mode": "catmullrom"
						},
						"2.0667": {
							"post": [-2.9, -2.45, -0.5],
							"lerp_mode": "catmullrom"
						},
						"2.1333": {
							"post": [-2.9, -2.45, -0.54],
							"lerp_mode": "catmullrom"
						},
						"2.2667": {
							"post": [-2.7, -1.975, -0.575],
							"lerp_mode": "catmullrom"
						},
						"2.4333": {
							"post": [-0.8, -1.3, -0.875],
							"lerp_mode": "catmullrom"
						},
						"2.5333": {
							"post": [-0.05, -0.35, -1.525],
							"lerp_mode": "catmullrom"
						},
						"2.6667": {
							"post": [0.025, -0.05, 0.275],
							"lerp_mode": "catmullrom"
						},
						"2.7667": {
							"post": [0, -0.15, -0.15],
							"lerp_mode": "catmullrom"
						},
						"2.8667": {
							"post": [0, 0, 0],
							"lerp_mode": "catmullrom"
						},
						"3.0": {
							"post": [0, 0, 0],
							"lerp_mode": "catmullrom"
						}
					}
				},
				"mag_and_lefthand": {
					"rotation": {
						"0.9667": [0, 0, 0],
						"1.4333": [0, 0, 0],
						"1.6": [0, 0, 0],
						"2.0667": [0, 0, 0]
					},
					"position": {
						"0.4667": [0, 0, 0],
						"0.5667": [0, 0, 0],
						"0.7667": [0, 2, 21],
						"0.9667": [0, 2, 21],
						"1.4333": [0, 2, 14],
						"1.6": [0, 0, 0],
						"1.6667": [0, 0, 0],
						"1.7333": [0, 0, 0],
						"1.8333": [0, 0, 0],
						"1.9333": [0, 0, 0],
						"2.0": [0, 0, 0],
						"2.0333": [0, 0, 0],
						"2.0667": [0, 0, 0]
					}
				},
				"lefthand": {
					"rotation": {
						"0.0": [118.8492, 8.77489, 104.65279],
						"0.1667": [118.8492, 8.77489, 104.65279],
						"0.3667": [118.8492, 8.77489, 104.65279],
						"1.6": [171.0442, 8.8524, 104],
						"1.6667": [171.0442, 8.8524, 140],
						"1.9": {
							"pre": [112.47827, -65.78086, 140],
							"post": [112.47827, -65.78086, 140],
							"lerp_mode": "catmullrom"
						},
						"2.0": {
							"post": [112.47827, -65.78086, 140],
							"lerp_mode": "catmullrom"
						},
						"2.0667": {
							"post": [112.47827, -65.78086, 140],
							"lerp_mode": "catmullrom"
						},
						"2.2667": [99.56111, -11.48935, 192],
						"2.5": [118.8492, 8.77489, 104.65279]
					},
					"position": {
						"0.0": [16, -8, -5],
						"0.1667": [15, -8, -6],
						"0.3667": [15, -8, -6],
						"1.6": [7.8057, -3.67024, -0.99296],
						"1.6667": [7.8057, -3.67024, -1.39296],
						"1.7333": [7.8057, -3.67024, 0.00704],
						"1.9": {
							"pre": [4.83, -1.86, 0.15],
							"post": [4.83, -1.86, 0.15],
							"lerp_mode": "catmullrom"
						},
						"2.0": {
							"post": [4.83, -1.86, 0.15],
							"lerp_mode": "catmullrom"
						},
						"2.0333": {
							"post": [4.83, -6.86, 0.15],
							"lerp_mode": "catmullrom"
						},
						"2.0667": {
							"post": [4.83, -5.86, 0.15],
							"lerp_mode": "catmullrom"
						},
						"2.2667": [9.895, -18.075, -4.695],
						"2.5": [16, -8, -5]
					},
					"scale": {
						"0.0": [1, 1.5, 1],
						"2.5": [1, 1.5, 1]
					}
				},
				"righthand": {
					"rotation": [70.79289, 5.51541, -188.95607],
					"position": [-6, -6, 8],
					"scale": [1, 1.5, 1]
				},
				"rotate": {
					"rotation": {
						"0.0": [-90, 0, 0],
						"2.0333": [-90, 0, 0],
						"2.4": [0, 0, 0]
					},
					"position": {
						"0.0": [-0.6, 0, 0],
						"2.0333": [-0.6, 0, 0],
						"2.4": [0, 0, 0]
					}
				},
				"heat_meter": {
					"position": {
						"0.0": [0, 1, 0],
						"2.0": [0, 1, 0],
						"2.0333": [0, 0, 0]
					}
				},
				"rotate2": {
					"rotation": {
						"0.0": [90, 0, 0],
						"2.0333": [90, 0, 0],
						"2.4": [0, 0, 0]
					},
					"position": {
						"0.0": [-0.6, 0, 0],
						"2.0333": [-0.6, 0, 0],
						"2.4": [0, 0, 0]
					}
				},
				"refit_scope_view": {
					"position": [2, 0, 8]
				},
				"ligh_illuminated": {
					"scale": {
						"0.0": [1, 1, 1],
						"2.1": [0, 0, 0]
					}
				},
				"camera": {
					"rotation": {
						"0.0": {
							"post": [0, 0, 0],
							"lerp_mode": "catmullrom"
						},
						"0.1": {
							"post": [0.29, 0.05, -0.22],
							"lerp_mode": "catmullrom"
						},
						"0.3": {
							"post": [2.675, 0.3, -1.3],
							"lerp_mode": "catmullrom"
						},
						"0.4333": {
							"post": [2.875, 0.35, -1.51],
							"lerp_mode": "catmullrom"
						},
						"1.7": {
							"post": [3, 0.49, -1.61],
							"lerp_mode": "catmullrom"
						},
						"1.8": {
							"post": [2.775, 0.5, -1.925],
							"lerp_mode": "catmullrom"
						},
						"2.0": {
							"post": [2.85, 0.43, -1.79],
							"lerp_mode": "catmullrom"
						},
						"2.0667": {
							"post": [3.68, 0.4, -1.075],
							"lerp_mode": "catmullrom"
						},
						"2.1667": {
							"post": [2.675, 0.35, -2.11],
							"lerp_mode": "catmullrom"
						},
						"2.3333": {
							"post": [2.725, 0.3, -1.575],
							"lerp_mode": "catmullrom"
						},
						"2.5667": {
							"post": [0.04, 0.06, -0.4],
							"lerp_mode": "catmullrom"
						},
						"2.6333": {
							"post": [0.55, 0, 0.275],
							"lerp_mode": "catmullrom"
						},
						"2.7333": {
							"post": [-0.275, 0, -0.2],
							"lerp_mode": "catmullrom"
						},
						"2.8": {
							"post": [-0.19, 0, -0.13],
							"lerp_mode": "catmullrom"
						},
						"2.8667": {
							"post": [-0.05, 0, -0.04],
							"lerp_mode": "catmullrom"
						},
						"2.9667": {
							"post": [0, 0, 0],
							"lerp_mode": "catmullrom"
						}
					}
				},
				"bone": {
					"rotation": [0, 0, 0],
					"position": {
						"0.0": [0, 0, 0],
						"2.6667": [0, 0, 0],
						"2.8": [0, -0.5, 0]
					}
				},
				"stabler2": {
					"rotation": {
						"0.0": [0, 0, 0],
						"2.1333": [0, 0, 0],
						"2.2333": [-20.08512, -5.16738, 1.88623],
						"3.6": [-20.08512, -5.16738, 1.88623]
					},
					"position": {
						"0.0": [0, 0, 0],
						"2.1333": [0, 0, 0],
						"2.2333": [0, 0, 0],
						"3.6": [0, 0, 0]
					}
				},
				"stabler1": {
					"rotation": {
						"0.0": [0, 0, 0],
						"2.1333": [0, 0, 0],
						"2.2333": [-20.08512, 5.16738, -1.88623],
						"3.6": [-20.08512, 5.16738, -1.88623]
					},
					"position": {
						"0.0": [0, 0, 0],
						"2.1333": [0, 0, 0],
						"2.2333": [0, 0, 0],
						"3.6": [0, 0, 0]
					}
				},
				"hexadecagon5": {
					"rotation": {
						"0.0": [0, 0, 0],
						"2.1333": [0, 0, 0],
						"2.1667": [45, 0, 0],
						"2.5333": [45, 0, 0],
						"2.9333": [70, 0, 0]
					},
					"position": [0, 0, 0]
				},
				"bone3": {
					"rotation": [0, 0, 0],
					"position": {
						"0.0": [0, 0, 0],
						"2.6667": [0, 0, 0],
						"2.8": [-0.5, 0.3, 0]
					}
				},
				"stabler5": {
					"rotation": {
						"0.0": [0, 0, 0],
						"2.1333": [0, 0, 0],
						"2.2333": [-20.07031, -4.69776, 1.71394],
						"3.6": [-20.07031, -4.69776, 1.71394]
					},
					"position": {
						"0.0": [0, 0, 0],
						"2.1333": [0, 0, 0],
						"2.2333": [0, 0, 0],
						"3.6": [0, 0, 0]
					}
				},
				"stabler6": {
					"rotation": {
						"0.0": [0, 0, 0],
						"2.1333": [0, 0, 0],
						"2.2333": [-20.07031, 4.69776, -1.71394],
						"3.6": [-20.07031, 4.69776, -1.71394]
					},
					"position": {
						"0.0": [0, 0, 0],
						"2.1333": [0, 0, 0],
						"2.2333": [0, 0, 0],
						"3.6": [0, 0, 0]
					}
				},
				"hexadecagon2": {
					"rotation": {
						"0.0": [0, 0, 0],
						"2.1333": [0, 0, 0],
						"2.1667": [60, 0, 0],
						"2.5333": [60, 0, 0],
						"2.9333": [70, 0, 0]
					},
					"position": [0, 0, 0]
				},
				"bone2": {
					"rotation": [0, 0, 0],
					"position": {
						"0.0": [0, 0, 0],
						"2.6667": [0, 0, 0],
						"2.8": [0.5, 0.3, 0]
					}
				},
				"stabler3": {
					"rotation": {
						"0.0": [0, 0, 0],
						"2.1333": [0, 0, 0],
						"2.2333": [-20.07031, -4.69776, 1.71394],
						"3.6": [-20.07031, -4.69776, 1.71394]
					},
					"position": {
						"0.0": [0, 0, 0],
						"2.1333": [0, 0, 0],
						"2.2333": [0, 0, 0],
						"3.6": [0, 0, 0]
					}
				},
				"stabler4": {
					"rotation": {
						"0.0": [0, 0, 0],
						"2.1333": [0, 0, 0],
						"2.2333": [-20.07031, 4.69776, -1.71394],
						"3.6": [-20.07031, 4.69776, -1.71394]
					},
					"position": {
						"0.0": [0, 0, 0],
						"2.1333": [0, 0, 0],
						"2.2333": [0, 0, 0],
						"3.6": [0, 0, 0]
					}
				},
				"hexadecagon": {
					"rotation": {
						"0.0": [0, 0, 0],
						"2.1333": [0, 0, 0],
						"2.1667": [60, 0, 0],
						"2.5333": [60, 0, 0],
						"2.9333": [70, 0, 0]
					},
					"position": [0, 0, 0]
				}
			},
			"sound_effects": {
				"0.1667": {
					"effect": "fennec_reload_fast_up"
				},
				"0.4667": {
					"effect": "p10_sm_victor_raise"
				},
				"1.5333": {
					"effect": "p10_sm_victor_reload_maghit"
				},
				"1.9": {
					"effect": "p10_sm_victor_reload_magin"
				},
				"2.1": {
					"effect": "p10_sm_victor_reload_end"
				}
			}
		}
	}
}