{
	"format_version": "1.8.0",
	"animations": {
		"static_idle": {
			"loop": true,
			"bones": {
				"lf": {
					"rotation": [32.5, 22.5, 180],
					"position": [12, 0, 11],
					"scale": [1, 1.5, 1]
				},
				"rh_and_gun": {
					"rotation": [90, 0, -180],
					"position": [-11, 0, 8]
				},
				"impact": {
					"rotation": [72.5, 0, 0],
					"position": [7, 12.8375, 0.2125]
				},
				"rh": {
					"scale": [1, 1.5, 1]
				},
				"rh_and_pickaxe": {
					"rotation": [62.29788, 6.64851, -183.47875],
					"position": [-10, 7, 7]
				},
				"pickaxe": {
					"rotation": [90, 0, 97.5],
					"position": [6, 7, -1]
				},
				"lefthand": {
					"rotation": [77.87699, -32.76448, -185.4751],
					"position": [13, 0, 7]
				},
				"righthand": {
					"rotation": [0, 0, 0],
					"position": [0, 0, 0]
				},
				"lefthand_pos": {
					"scale": [1, 1.5, 1]
				},
				"righthand_pos": {
					"scale": [1, 1.5, 1]
				}
			}
		},
		"put_away": {
			"loop": true,
			"animation_length": 0.25,
			"bones": {
				"lf": {
					"rotation": [32.5, 22.5, 180],
					"position": [12, 0, 11],
					"scale": [1, 1.5, 1]
				},
				"rh_and_gun": {
					"rotation": [90, 0, -180],
					"position": [-11, 0, 8]
				},
				"impact": {
					"rotation": [72.5, 0, 0],
					"position": [7, 12.8375, 0.2125]
				},
				"rh": {
					"scale": [1, 1.5, 1]
				},
				"rh_and_pickaxe": {
					"rotation": [62.29788, 6.64851, -183.47875],
					"position": [-10, 7, 7]
				},
				"pickaxe": {
					"rotation": [90, 0, 97.5],
					"position": [6, 7, -1]
				},
				"lefthand": {
					"rotation": [77.87699, -32.76448, -185.4751],
					"position": [13, 0, 7]
				},
				"righthand": {
					"rotation": [0, 0, 0],
					"position": [0, 0, 0]
				},
				"root": {
					"rotation": {
						"0.0": {
							"post": [0, 0, 0],
							"lerp_mode": "catmullrom"
						},
						"0.25": {
							"post": [65, 0, 0],
							"lerp_mode": "catmullrom"
						}
					},
					"position": {
						"0.0": {
							"post": [0, 0, 0],
							"lerp_mode": "catmullrom"
						},
						"0.25": {
							"post": [0, -7, 6],
							"lerp_mode": "catmullrom"
						}
					}
				},
				"lefthand_pos": {
					"scale": [1, 1.5, 1]
				},
				"righthand_pos": {
					"scale": [1, 1.5, 1]
				}
			}
		},
		"melee_stock": {
			"loop": true,
			"animation_length": 1.5,
			"bones": {
				"lf": {
					"rotation": [32.5, 22.5, 180],
					"position": [12, 0, 11],
					"scale": [1, 1.5, 1]
				},
				"rh_and_gun": {
					"rotation": [90, 0, -180],
					"position": [-11, 0, 8]
				},
				"impact": {
					"rotation": [72.5, 0, 0],
					"position": [7, 12.8375, 0.2125]
				},
				"rh": {
					"scale": [1, 1.5, 1]
				},
				"root": {
					"rotation": {
						"0.0": {
							"post": [0, 0, 0],
							"lerp_mode": "catmullrom"
						},
						"0.5": {
							"post": [-50, 7.5, 0],
							"lerp_mode": "catmullrom"
						},
						"0.5417": {
							"post": [65, 7.5, 0],
							"lerp_mode": "catmullrom"
						},
						"1.0": {
							"post": [0, 0, 0],
							"lerp_mode": "catmullrom"
						},
						"1.5": {
							"post": [0, 0, 0],
							"lerp_mode": "catmullrom"
						}
					},
					"position": {
						"0.0": {
							"post": [0, 0, 0],
							"lerp_mode": "catmullrom"
						},
						"0.5": {
							"post": [5, 0, 0],
							"lerp_mode": "catmullrom"
						},
						"0.5417": {
							"post": [5.24, -4.48, 15.6],
							"lerp_mode": "catmullrom"
						},
						"0.625": {
							"post": [5.24, -4.48, 15.6],
							"lerp_mode": "catmullrom"
						},
						"0.7083": {
							"post": [5.24, -4.48, 15.6],
							"lerp_mode": "catmullrom"
						},
						"1.0": {
							"post": [0, 0, 0],
							"lerp_mode": "catmullrom"
						},
						"1.5": {
							"post": [0, 0, 0],
							"lerp_mode": "catmullrom"
						}
					}
				},
				"rh_and_pickaxe": {
					"rotation": [62.29788, 6.64851, -183.47875],
					"position": [-10, 7, 7]
				},
				"pickaxe": {
					"rotation": {
						"0.0": [90, 0, 97.5],
						"0.1667": [90, 0, 97.5],
						"0.4167": [90, 0, 97.5]
					},
					"position": {
						"0.0": [6, 7, -1],
						"0.1667": [6, 7, -1],
						"0.4167": [6, 7, -1]
					}
				},
				"righthand_pos": {
					"scale": [1, 1.5, 1]
				},
				"idle_view": {
					"rotation": {
						"0.0": {
							"post": [0, 0, 0],
							"lerp_mode": "catmullrom"
						},
						"0.1667": {
							"post": [-37.5, 0, 0],
							"lerp_mode": "catmullrom"
						},
						"0.3333": {
							"post": [27.5, 0, 0],
							"lerp_mode": "catmullrom"
						},
						"1.0": {
							"post": [0, 0, 0],
							"lerp_mode": "catmullrom"
						},
						"1.5": {
							"post": [0, 0, 0],
							"lerp_mode": "catmullrom"
						}
					}
				},
				"lefthand": {
					"rotation": {
						"0.0": {
							"post": [77.87699, -32.76448, -185.4751],
							"lerp_mode": "catmullrom"
						},
						"0.0833": {
							"post": [81.01529, -15.43764, -188.09828],
							"lerp_mode": "catmullrom"
						},
						"0.2083": {
							"post": [83.32071, -12.91878, -188.18662],
							"lerp_mode": "catmullrom"
						},
						"0.375": {
							"post": [95.37699, -32.76448, -185.4751],
							"lerp_mode": "catmullrom"
						},
						"0.5833": [95.18323, -29.27932, -185.09931],
						"0.6667": [95.18323, -29.27932, -185.09931],
						"0.75": {
							"pre": [82.9578, -10.37896, -187.71552],
							"post": [82.9578, -10.37896, -187.71552],
							"lerp_mode": "catmullrom"
						},
						"1.0": {
							"post": [77.87699, -32.76448, -185.4751],
							"lerp_mode": "catmullrom"
						}
					},
					"position": {
						"0.0": {
							"post": [13, 0, 7],
							"lerp_mode": "catmullrom"
						},
						"0.375": {
							"post": [13, 6, 2],
							"lerp_mode": "catmullrom"
						},
						"0.5833": [13, 6, 2],
						"0.6667": [13, 6, 2],
						"1.0": {
							"pre": [13, 0, 7],
							"post": [13, 0, 7],
							"lerp_mode": "catmullrom"
						}
					}
				},
				"camera": {
					"rotation": {
						"0.0": {
							"post": [0, 0, 0],
							"lerp_mode": "catmullrom"
						},
						"0.5": {
							"post": [-27.5, 0, 0],
							"lerp_mode": "catmullrom"
						},
						"0.5833": {
							"post": [7.5, 0, 0],
							"lerp_mode": "catmullrom"
						},
						"0.6667": {
							"post": [10.94, 0, 0],
							"lerp_mode": "catmullrom"
						},
						"0.75": {
							"post": [7.8, 0, 0],
							"lerp_mode": "catmullrom"
						},
						"1.0": {
							"post": [0, 0, 0],
							"lerp_mode": "catmullrom"
						},
						"1.5": {
							"post": [0, 0, 0],
							"lerp_mode": "catmullrom"
						}
					}
				},
				"lefthand_pos": {
					"scale": [1, 1.5, 1]
				}
			},
			"sound_effects": {
				"0.5": {
					"effect": "deep_rock_galactic:pickaxe/pickaxe_melee_stock"
				},
				"0.5417": {
					"effect": "deep_rock_galactic:misc/kill"
				}
			}
		},
		"inspect_empty": {
			"loop": true,
			"animation_length": 3.5417,
			"bones": {
				"lf": {
					"rotation": [32.5, 22.5, 180],
					"position": [12, 0, 11],
					"scale": [1, 1.5, 1]
				},
				"rh_and_gun": {
					"rotation": [90, 0, -180],
					"position": [-11, 0, 8]
				},
				"impact": {
					"rotation": [72.5, 0, 0],
					"position": [7, 12.8375, 0.2125]
				},
				"rh": {
					"scale": [1, 1.5, 1]
				},
				"rh_and_pickaxe": {
					"rotation": {
						"0.0": [62.29788, 6.64851, -183.47875],
						"0.375": {
							"pre": [85.1051, -64.63386, -81.03406],
							"post": [85.1051, -64.63386, -81.03406],
							"lerp_mode": "catmullrom"
						},
						"0.5": {
							"post": [85.1051, -64.63386, -81.03406],
							"lerp_mode": "catmullrom"
						},
						"0.5833": {
							"post": [95.1051, -64.63386, -81.03406],
							"lerp_mode": "catmullrom"
						},
						"1.0": {
							"post": [100.1051, -64.63386, -81.03406],
							"lerp_mode": "catmullrom"
						},
						"2.25": {
							"post": [100.1051, -64.63386, -81.03406],
							"lerp_mode": "catmullrom"
						},
						"2.75": [100.1051, -64.63386, -81.03406],
						"3.125": [62.29788, 6.64851, -183.47875],
						"3.5833": {
							"pre": [62.29788, 6.64851, -183.47875],
							"post": [62.29788, 6.64851, -183.47875],
							"lerp_mode": "catmullrom"
						}
					},
					"position": {
						"0.0": {
							"post": [-10, 7, 7],
							"lerp_mode": "catmullrom"
						},
						"0.375": {
							"post": [-10, -15, 11],
							"lerp_mode": "catmullrom"
						},
						"0.5": {
							"post": [-14, 6, 1],
							"lerp_mode": "catmullrom"
						},
						"0.5833": [-14, 6, 1],
						"0.75": [-13.75, 6.25, 1],
						"1.0": [-13.25, 6.25, 1],
						"2.75": [-10.65, 6.85, 5.78],
						"3.0833": [-12.81, -1.04, 4.11],
						"3.5417": {
							"pre": [-10, 7, 7],
							"post": [-10, 7, 7],
							"lerp_mode": "catmullrom"
						}
					}
				},
				"pickaxe": {
					"rotation": {
						"0.0": [90, 0, 97.5],
						"0.375": [90, 0, 97.5],
						"0.5": [90, 27.5, 97.5],
						"3.0833": [90, 27.5, 97.5],
						"3.2083": [90, 0, 97.5]
					},
					"position": {
						"0.0": [6, 7, -1],
						"0.375": [6, 7, -1],
						"0.5": [6, 6, -1],
						"3.0833": [6, 6, -1],
						"3.2083": [6, 7, -1]
					}
				},
				"idle_view": {
					"rotation": {
						"0.0": {
							"post": [0, 0, 0],
							"lerp_mode": "catmullrom"
						},
						"0.375": {
							"post": [5, 0, 0],
							"lerp_mode": "catmullrom"
						},
						"0.5": {
							"post": [-12.45392, 1.08089, 4.88206],
							"lerp_mode": "catmullrom"
						},
						"1.7083": {
							"post": [-12.45392, 1.08089, 4.88206],
							"lerp_mode": "catmullrom"
						},
						"1.9167": {
							"post": [0, 0, 0],
							"lerp_mode": "catmullrom"
						},
						"2.25": {
							"post": [0, 0, 0],
							"lerp_mode": "catmullrom"
						}
					}
				},
				"lefthand": {
					"rotation": {
						"0.0": {
							"post": [77.87699, -32.76448, -185.4751],
							"lerp_mode": "catmullrom"
						},
						"0.25": {
							"post": [-17.12301, -32.76448, -185.4751],
							"lerp_mode": "catmullrom"
						},
						"3.1667": {
							"post": [-17.12301, -32.76448, -185.4751],
							"lerp_mode": "catmullrom"
						},
						"3.5": {
							"post": [77.87699, -32.76448, -185.4751],
							"lerp_mode": "catmullrom"
						}
					},
					"position": {
						"0.0": {
							"post": [13, 0, 7],
							"lerp_mode": "catmullrom"
						},
						"3.5": {
							"post": [13, 0, 7],
							"lerp_mode": "catmullrom"
						}
					}
				},
				"camera": {
					"rotation": {
						"0.0": {
							"post": [0, 0, 0],
							"lerp_mode": "catmullrom"
						},
						"0.375": {
							"post": [5, 0, 0],
							"lerp_mode": "catmullrom"
						},
						"0.5": {
							"post": [-12.45392, 1.08089, 4.88206],
							"lerp_mode": "catmullrom"
						},
						"2.75": {
							"post": [-12.45392, 1.08089, 4.88206],
							"lerp_mode": "catmullrom"
						},
						"3.2083": {
							"post": [0, 0, 0],
							"lerp_mode": "catmullrom"
						},
						"3.5417": {
							"post": [0, 0, 0],
							"lerp_mode": "catmullrom"
						}
					}
				},
				"lefthand_pos": {
					"scale": [1, 1.5, 1]
				},
				"righthand_pos": {
					"scale": [1, 1.5, 1]
				}
			},
			"sound_effects": {
				"0.0": {
					"effect": "pickaxe_inspect"
				}
			}
		},
		"inspect": {
			"loop": true,
			"animation_length": 3.5417,
			"bones": {
				"lf": {
					"rotation": [32.5, 22.5, 180],
					"position": [12, 0, 11],
					"scale": [1, 1.5, 1]
				},
				"rh_and_gun": {
					"rotation": [90, 0, -180],
					"position": [-11, 0, 8]
				},
				"impact": {
					"rotation": [72.5, 0, 0],
					"position": [7, 12.8375, 0.2125]
				},
				"rh": {
					"scale": [1, 1.5, 1]
				},
				"rh_and_pickaxe": {
					"rotation": {
						"0.0": [62.29788, 6.64851, -183.47875],
						"0.375": {
							"pre": [85.1051, -64.63386, -81.03406],
							"post": [85.1051, -64.63386, -81.03406],
							"lerp_mode": "catmullrom"
						},
						"0.5": {
							"post": [85.1051, -64.63386, -81.03406],
							"lerp_mode": "catmullrom"
						},
						"0.5833": {
							"post": [95.1051, -64.63386, -81.03406],
							"lerp_mode": "catmullrom"
						},
						"1.0": {
							"post": [100.1051, -64.63386, -81.03406],
							"lerp_mode": "catmullrom"
						},
						"2.25": {
							"post": [100.1051, -64.63386, -81.03406],
							"lerp_mode": "catmullrom"
						},
						"2.75": [100.1051, -64.63386, -81.03406],
						"3.125": [62.29788, 6.64851, -183.47875],
						"3.5833": {
							"pre": [62.29788, 6.64851, -183.47875],
							"post": [62.29788, 6.64851, -183.47875],
							"lerp_mode": "catmullrom"
						}
					},
					"position": {
						"0.0": {
							"post": [-10, 7, 7],
							"lerp_mode": "catmullrom"
						},
						"0.375": {
							"post": [-10, -15, 11],
							"lerp_mode": "catmullrom"
						},
						"0.5": {
							"post": [-14, 6, 1],
							"lerp_mode": "catmullrom"
						},
						"0.5833": [-14, 6, 1],
						"0.75": [-13.75, 6.25, 1],
						"1.0": [-13.25, 6.25, 1],
						"2.75": [-10.65, 6.85, 5.78],
						"3.0833": [-12.81, -1.04, 4.11],
						"3.5417": {
							"pre": [-10, 7, 7],
							"post": [-10, 7, 7],
							"lerp_mode": "catmullrom"
						}
					}
				},
				"pickaxe": {
					"rotation": {
						"0.0": [90, 0, 97.5],
						"0.375": [90, 0, 97.5],
						"0.5": [90, 27.5, 97.5],
						"3.0833": [90, 27.5, 97.5],
						"3.2083": [90, 0, 97.5]
					},
					"position": {
						"0.0": [6, 7, -1],
						"0.375": [6, 7, -1],
						"0.5": [6, 6, -1],
						"3.0833": [6, 6, -1],
						"3.2083": [6, 7, -1]
					}
				},
				"idle_view": {
					"rotation": {
						"0.0": {
							"post": [0, 0, 0],
							"lerp_mode": "catmullrom"
						},
						"0.375": {
							"post": [5, 0, 0],
							"lerp_mode": "catmullrom"
						},
						"0.5": {
							"post": [-12.45392, 1.08089, 4.88206],
							"lerp_mode": "catmullrom"
						},
						"1.7083": {
							"post": [-12.45392, 1.08089, 4.88206],
							"lerp_mode": "catmullrom"
						},
						"1.9167": {
							"post": [0, 0, 0],
							"lerp_mode": "catmullrom"
						},
						"2.25": {
							"post": [0, 0, 0],
							"lerp_mode": "catmullrom"
						}
					}
				},
				"lefthand": {
					"rotation": {
						"0.0": {
							"post": [77.87699, -32.76448, -185.4751],
							"lerp_mode": "catmullrom"
						},
						"0.25": {
							"post": [-17.12301, -32.76448, -185.4751],
							"lerp_mode": "catmullrom"
						},
						"3.1667": {
							"post": [-17.12301, -32.76448, -185.4751],
							"lerp_mode": "catmullrom"
						},
						"3.5": {
							"post": [77.87699, -32.76448, -185.4751],
							"lerp_mode": "catmullrom"
						}
					},
					"position": {
						"0.0": {
							"post": [13, 0, 7],
							"lerp_mode": "catmullrom"
						},
						"3.5": {
							"post": [13, 0, 7],
							"lerp_mode": "catmullrom"
						}
					}
				},
				"camera": {
					"rotation": {
						"0.0": {
							"post": [0, 0, 0],
							"lerp_mode": "catmullrom"
						},
						"0.375": {
							"post": [5, 0, 0],
							"lerp_mode": "catmullrom"
						},
						"0.5": {
							"post": [-12.45392, 1.08089, 4.88206],
							"lerp_mode": "catmullrom"
						},
						"2.75": {
							"post": [-12.45392, 1.08089, 4.88206],
							"lerp_mode": "catmullrom"
						},
						"3.2083": {
							"post": [0, 0, 0],
							"lerp_mode": "catmullrom"
						},
						"3.5417": {
							"post": [0, 0, 0],
							"lerp_mode": "catmullrom"
						}
					}
				},
				"lefthand_pos": {
					"scale": [1, 1.5, 1]
				},
				"righthand_pos": {
					"scale": [1, 1.5, 1]
				}
			},
			"sound_effects": {
				"0.0": {
					"effect": "pickaxe_inspect"
				}
			}
		},
		"run_end": {
			"animation_length": 0.5,
			"bones": {
				"lefthand": {
					"rotation": {
						"0.0": {
							"post": [5.28605, 19.4877, 68.92606],
							"lerp_mode": "catmullrom"
						},
						"0.25": {
							"post": [0, 0, 0],
							"lerp_mode": "catmullrom"
						},
						"0.5": {
							"post": [0, 0, 0],
							"lerp_mode": "catmullrom"
						}
					},
					"position": {
						"0.0": {
							"post": [0, 0, 0],
							"lerp_mode": "catmullrom"
						},
						"0.25": {
							"post": [0, 0, 0],
							"lerp_mode": "catmullrom"
						},
						"0.5": {
							"post": [0, 0, 0],
							"lerp_mode": "catmullrom"
						}
					}
				},
				"rh_and_pickaxe": {
					"rotation": {
						"0.0": {
							"post": [15.12438, 16.72038, 65.92855],
							"lerp_mode": "catmullrom"
						},
						"0.25": {
							"post": [0, 0, 0],
							"lerp_mode": "catmullrom"
						},
						"0.5": {
							"post": [0, 0, 0],
							"lerp_mode": "catmullrom"
						}
					},
					"position": {
						"0.0": {
							"post": [0, 0, 0],
							"lerp_mode": "catmullrom"
						},
						"0.25": {
							"post": [0, 0, 0],
							"lerp_mode": "catmullrom"
						},
						"0.5": {
							"post": [0, 0, 0],
							"lerp_mode": "catmullrom"
						}
					}
				}
			}
		},
		"run_start": {
			"animation_length": 0.25,
			"bones": {
				"lefthand": {
					"rotation": {
						"0.0": {
							"post": [0, 0, 0],
							"lerp_mode": "catmullrom"
						},
						"0.125": {
							"post": [3.24921, 22.08527, 32.38408],
							"lerp_mode": "catmullrom"
						},
						"0.25": {
							"post": [5.28605, 19.4877, 68.92606],
							"lerp_mode": "catmullrom"
						}
					},
					"position": {
						"0.0": {
							"post": [0, 0, 0],
							"lerp_mode": "catmullrom"
						}
					}
				},
				"rh_and_pickaxe": {
					"rotation": {
						"0.0": {
							"post": [0, 0, 0],
							"lerp_mode": "catmullrom"
						},
						"0.25": {
							"post": [15.12438, 16.72038, 65.92855],
							"lerp_mode": "catmullrom"
						}
					},
					"position": {
						"0.0": {
							"post": [0, 0, 0],
							"lerp_mode": "catmullrom"
						}
					}
				}
			}
		},
		"run": {
			"loop": true,
			"animation_length": 0.8333,
			"bones": {
				"root": {
					"rotation": {
						"0.0": {
							"post": [0, 0, 0],
							"lerp_mode": "catmullrom"
						},
						"0.2083": {
							"post": [0, 0, -7.5],
							"lerp_mode": "catmullrom"
						},
						"0.4167": {
							"post": [0, 0, 0],
							"lerp_mode": "catmullrom"
						},
						"0.625": {
							"post": [0, 0, 13.01],
							"lerp_mode": "catmullrom"
						},
						"0.8333": {
							"post": [0, 0, 0],
							"lerp_mode": "catmullrom"
						}
					},
					"position": {
						"0.0": {
							"post": [0, 0, 0],
							"lerp_mode": "catmullrom"
						},
						"0.2083": {
							"post": [4, -3, 0],
							"lerp_mode": "catmullrom"
						},
						"0.4167": {
							"post": [0, 0, 0],
							"lerp_mode": "catmullrom"
						},
						"0.625": {
							"post": [-4, -2, 0],
							"lerp_mode": "catmullrom"
						},
						"0.8333": {
							"post": [0, 0, 0],
							"lerp_mode": "catmullrom"
						}
					}
				},
				"lefthand": {
					"rotation": {
						"0.0": {
							"post": [5.28605, 19.4877, 68.92606],
							"lerp_mode": "catmullrom"
						},
						"0.5833": {
							"post": [5.28605, 19.4877, 68.92606],
							"lerp_mode": "catmullrom"
						}
					},
					"position": {
						"0.0": {
							"post": [0, 0, 0],
							"lerp_mode": "catmullrom"
						},
						"0.5833": {
							"post": [0, 0, 0],
							"lerp_mode": "catmullrom"
						}
					}
				},
				"rh_and_pickaxe": {
					"rotation": {
						"0.0": {
							"post": [15.12438, 16.72038, 65.92855],
							"lerp_mode": "catmullrom"
						},
						"0.5833": {
							"post": [15.12438, 16.72038, 65.92855],
							"lerp_mode": "catmullrom"
						}
					},
					"position": {
						"0.0": {
							"post": [0, 0, 0],
							"lerp_mode": "catmullrom"
						},
						"0.5833": {
							"post": [0, 0, 0],
							"lerp_mode": "catmullrom"
						}
					}
				}
			}
		},
		"run_melee": {
			"loop": true,
			"animation_length": 1.25,
			"bones": {
				"root": {
					"rotation": {
						"0.0": {
							"post": [0, 0, 0],
							"lerp_mode": "catmullrom"
						},
						"0.5": {
							"post": [0, 0, -12.5],
							"lerp_mode": "catmullrom"
						},
						"0.5833": {
							"post": [61.54938, 75.06849, 27.82408],
							"lerp_mode": "catmullrom"
						},
						"1.25": {
							"post": [0, 0, 0],
							"lerp_mode": "catmullrom"
						}
					},
					"position": {
						"0.0": {
							"post": [0, 0, 0],
							"lerp_mode": "catmullrom"
						},
						"0.5": {
							"post": [0, 0, 0],
							"lerp_mode": "catmullrom"
						},
						"0.5833": {
							"post": [0, 0, 7],
							"lerp_mode": "catmullrom"
						},
						"0.8333": {
							"post": [-2, -2, 5.09],
							"lerp_mode": "catmullrom"
						},
						"1.25": {
							"post": [0, 0, 0],
							"lerp_mode": "catmullrom"
						}
					}
				},
				"lefthand": {
					"rotation": {
						"0.0": {
							"post": [5.28605, 19.4877, 68.92606],
							"lerp_mode": "catmullrom"
						},
						"0.5": {
							"post": [62.77663, 3.98081, 55.38657],
							"lerp_mode": "catmullrom"
						},
						"0.5833": {
							"post": [62.77663, 3.98081, 55.38657],
							"lerp_mode": "catmullrom"
						},
						"1.25": {
							"post": [5.28605, 19.4877, 68.92606],
							"lerp_mode": "catmullrom"
						}
					},
					"position": {
						"0.0": {
							"post": [0, 0, 0],
							"lerp_mode": "catmullrom"
						},
						"1.25": {
							"post": [0, 0, 0],
							"lerp_mode": "catmullrom"
						}
					}
				},
				"rh_and_pickaxe": {
					"rotation": {
						"0.0": {
							"post": [15.12438, 16.72038, 65.92855],
							"lerp_mode": "catmullrom"
						},
						"0.5": {
							"post": [59.12341, 3.57189, 74.11974],
							"lerp_mode": "catmullrom"
						},
						"0.5833": {
							"post": [59.12341, 3.57189, 74.11974],
							"lerp_mode": "catmullrom"
						},
						"1.25": {
							"post": [15.12438, 16.72038, 65.92855],
							"lerp_mode": "catmullrom"
						}
					},
					"position": {
						"0.0": {
							"post": [0, 0, 0],
							"lerp_mode": "catmullrom"
						},
						"1.25": {
							"post": [0, 0, 0],
							"lerp_mode": "catmullrom"
						}
					}
				},
				"camera": {
					"rotation": {
						"0.0": {
							"post": [0, 0, 0],
							"lerp_mode": "catmullrom"
						},
						"0.5": {
							"post": [0, -7.5, 0],
							"lerp_mode": "catmullrom"
						},
						"0.5833": {
							"post": [4.98107, -0.43523, 4.98107],
							"lerp_mode": "catmullrom"
						},
						"0.7083": {
							"post": [0, 0, 0],
							"lerp_mode": "catmullrom"
						}
					}
				}
			},
			"sound_effects": {
				"0.5": {
					"effect": "deep_rock_galactic:pickaxe/pickaxe_melee_stock"
				},
				"0.5417": {
					"effect": "deep_rock_galactic:misc/kill"
				}
			}
		},
		"run_hold": {
			"loop": true,
			"bones": {
				"lefthand": {
					"rotation": {
						"0.0": {
							"post": [5.28605, 19.4877, 68.92606],
							"lerp_mode": "catmullrom"
						}
					},
					"position": {
						"0.0": {
							"post": [0, 0, 0],
							"lerp_mode": "catmullrom"
						}
					}
				},
				"rh_and_pickaxe": {
					"rotation": {
						"0.0": {
							"post": [15.12438, 16.72038, 65.92855],
							"lerp_mode": "catmullrom"
						}
					},
					"position": {
						"0.0": {
							"post": [0, 0, 0],
							"lerp_mode": "catmullrom"
						}
					}
				}
			}
		}
	}
}