{
	"format_version": "1.8.0",
	"animations": {
		"static_idle": {
			"loop": true,
			"animation_length": 0.5417,
			"bones": {
				"bullet_new_mag": {
					"scale": 0
				},
				"left": {
					"rotation": [96.46298, -388.94431, -144.09311],
					"position": [7.4, -5.7, -6.5],
					"scale": [1, 1.5, 1]
				},
				"right": {
					"rotation": [92.73772, 12.3071, -177.79539],
					"position": [-6.8, -5.45, 7.65],
					"scale": [1, 1.5, 1]
				},
				"constraint": {
					"rotation": [0.3, 0.3, 0.3]
				},
				"pickaxe": {
					"scale": 0
				}
			}
		},
		"melee_bayonet_1": {
			"loop": true,
			"animation_length": 1,
			"bones": {
				"bullet_new_mag": {
					"scale": 0
				},
				"left": {
					"rotation": {
						"0.0": [96.46298, -388.94431, -144.09311],
						"0.0417": [172.3341, -373.65581, -153.27399],
						"0.125": [77.04331, -363.82563, -154.16401],
						"0.4167": [63.21207, -358.43984, -156.11017],
						"0.6667": {
							"pre": [172.3341, -373.65581, -153.27399],
							"post": [172.3341, -373.65581, -153.27399],
							"lerp_mode": "catmullrom"
						},
						"0.8333": {
							"post": [133.49811, -381.74207, -194.2406],
							"lerp_mode": "catmullrom"
						},
						"1.0": {
							"post": [96.46298, -388.94431, -144.09311],
							"lerp_mode": "catmullrom"
						}
					},
					"position": {
						"0.0": [7.4, -5.7, -6.5],
						"0.0417": [19.71319, 6.4116, 7.8757],
						"0.125": [14.6531, -3.31841, 5.8176],
						"0.4167": [14.68012, -7.84042, 7.95084],
						"0.6667": {
							"pre": [19.71319, 6.4116, 7.8757],
							"post": [19.71319, 6.4116, 7.8757],
							"lerp_mode": "catmullrom"
						},
						"0.8333": {
							"post": [13.1, -4.51, -0.22],
							"lerp_mode": "catmullrom"
						},
						"1.0": {
							"post": [7.4, -5.7, -6.5],
							"lerp_mode": "catmullrom"
						}
					},
					"scale": [1, 1.5, 1]
				},
				"right": {
					"rotation": [92.73772, 12.3071, -177.79539],
					"position": [-6.8, -5.45, 7.65],
					"scale": [1, 1.5, 1]
				},
				"constraint": {
					"rotation": [0.3, 0.3, 0.3]
				},
				"root": {
					"rotation": {
						"0.0": {
							"post": [0, 0, 0],
							"lerp_mode": "catmullrom"
						},
						"0.125": {
							"post": [23.63885, 15.69912, -7.46311],
							"lerp_mode": "catmullrom"
						},
						"0.4167": {
							"post": [23.63885, 15.69912, -7.46311],
							"lerp_mode": "catmullrom"
						},
						"0.7917": {
							"post": [0, 0, 0],
							"lerp_mode": "catmullrom"
						},
						"1.0833": {
							"post": [0, 0, 0],
							"lerp_mode": "catmullrom"
						}
					},
					"position": {
						"0.0": [0, 0, 0],
						"0.125": {
							"pre": [-3.86036, -8.3881, -5.1984],
							"post": [-3.86036, -8.3881, -5.1984],
							"lerp_mode": "catmullrom"
						},
						"0.4167": {
							"post": [-3.86036, -8.3881, -5.1984],
							"lerp_mode": "catmullrom"
						},
						"0.7083": {
							"post": [0, 0, 0],
							"lerp_mode": "catmullrom"
						},
						"1.0": {
							"post": [0, 0, 0],
							"lerp_mode": "catmullrom"
						}
					}
				},
				"camera": {
					"rotation": {
						"0.0": {
							"post": [0, 0, 0],
							"lerp_mode": "catmullrom"
						},
						"0.0833": {
							"post": [-4.95744, -0.65181, -7.47179],
							"lerp_mode": "catmullrom"
						},
						"0.1667": {
							"post": [17.42582, -0.06992, 7.26163],
							"lerp_mode": "catmullrom"
						},
						"0.5833": {
							"post": [16.69, 5.1, -9.48],
							"lerp_mode": "catmullrom"
						},
						"0.7917": {
							"post": [0, 0, 0],
							"lerp_mode": "catmullrom"
						}
					}
				},
				"pickaxe": {
					"rotation": {
						"0.0": [0, 0, 0],
						"0.125": [0, 0, 0],
						"0.2083": [-57.5, 0, 0],
						"0.5417": [32.5, 0, 0],
						"0.7083": [175, 0, 0]
					},
					"scale": {
						"0.0": {
							"post": [1, 0.6, 1],
							"lerp_mode": "catmullrom"
						},
						"0.0833": [1, 0.6, 1],
						"0.5833": [1, 1, 1],
						"0.625": {
							"pre": [0, 0, 0],
							"post": [0, 0, 0],
							"lerp_mode": "catmullrom"
						}
					}
				}
			}
		},
		"melee_bayonet_2": {
			"loop": true,
			"animation_length": 1,
			"bones": {
				"bullet_new_mag": {
					"scale": 0
				},
				"left": {
					"rotation": {
						"0.0": [96.46298, -388.94431, -144.09311],
						"0.0417": [172.3341, -373.65581, -153.27399],
						"0.125": [77.04331, -363.82563, -154.16401],
						"0.4167": [63.21207, -358.43984, -156.11017],
						"0.6667": {
							"pre": [172.3341, -373.65581, -153.27399],
							"post": [172.3341, -373.65581, -153.27399],
							"lerp_mode": "catmullrom"
						},
						"0.8333": {
							"post": [133.49811, -381.74207, -194.2406],
							"lerp_mode": "catmullrom"
						},
						"1.0": {
							"post": [96.46298, -388.94431, -144.09311],
							"lerp_mode": "catmullrom"
						}
					},
					"position": {
						"0.0": [7.4, -5.7, -6.5],
						"0.0417": [19.71319, 6.4116, 7.8757],
						"0.125": [14.6531, -3.31841, 5.8176],
						"0.4167": [14.68012, -7.84042, 7.95084],
						"0.6667": {
							"pre": [19.71319, 6.4116, 7.8757],
							"post": [19.71319, 6.4116, 7.8757],
							"lerp_mode": "catmullrom"
						},
						"0.8333": {
							"post": [13.1, -4.51, -0.22],
							"lerp_mode": "catmullrom"
						},
						"1.0": {
							"post": [7.4, -5.7, -6.5],
							"lerp_mode": "catmullrom"
						}
					},
					"scale": [1, 1.5, 1]
				},
				"right": {
					"rotation": [92.73772, 12.3071, -177.79539],
					"position": [-6.8, -5.45, 7.65],
					"scale": [1, 1.5, 1]
				},
				"constraint": {
					"rotation": [0.3, 0.3, 0.3]
				},
				"root": {
					"rotation": {
						"0.0": {
							"post": [0, 0, 0],
							"lerp_mode": "catmullrom"
						},
						"0.125": {
							"post": [23.63885, 15.69912, -7.46311],
							"lerp_mode": "catmullrom"
						},
						"0.4167": {
							"post": [23.63885, 15.69912, -7.46311],
							"lerp_mode": "catmullrom"
						},
						"0.7917": {
							"post": [0, 0, 0],
							"lerp_mode": "catmullrom"
						},
						"1.0833": {
							"post": [0, 0, 0],
							"lerp_mode": "catmullrom"
						}
					},
					"position": {
						"0.0": [0, 0, 0],
						"0.125": {
							"pre": [-3.86036, -8.3881, -5.1984],
							"post": [-3.86036, -8.3881, -5.1984],
							"lerp_mode": "catmullrom"
						},
						"0.4167": {
							"post": [-3.86036, -8.3881, -5.1984],
							"lerp_mode": "catmullrom"
						},
						"0.7083": {
							"post": [0, 0, 0],
							"lerp_mode": "catmullrom"
						},
						"1.0": {
							"post": [0, 0, 0],
							"lerp_mode": "catmullrom"
						}
					}
				},
				"camera": {
					"rotation": {
						"0.0": {
							"post": [0, 0, 0],
							"lerp_mode": "catmullrom"
						},
						"0.0833": {
							"post": [-4.95744, -0.65181, -7.47179],
							"lerp_mode": "catmullrom"
						},
						"0.1667": {
							"post": [17.42582, -0.06992, 7.26163],
							"lerp_mode": "catmullrom"
						},
						"0.5833": {
							"post": [16.69, 5.1, -9.48],
							"lerp_mode": "catmullrom"
						},
						"0.7917": {
							"post": [0, 0, 0],
							"lerp_mode": "catmullrom"
						}
					}
				},
				"pickaxe": {
					"rotation": {
						"0.0": [0, 0, 0],
						"0.125": [0, 0, 0],
						"0.2083": [-57.5, 0, 0],
						"0.5417": [32.5, 0, 0],
						"0.7083": [175, 0, 0]
					},
					"scale": {
						"0.0": {
							"post": [1, 0.6, 1],
							"lerp_mode": "catmullrom"
						},
						"0.0833": [1, 0.6, 1],
						"0.5833": [1, 1, 1],
						"0.625": {
							"pre": [0, 0, 0],
							"post": [0, 0, 0],
							"lerp_mode": "catmullrom"
						}
					}
				}
			}
		},
		"melee_bayonet_3": {
			"loop": true,
			"animation_length": 1,
			"bones": {
				"bullet_new_mag": {
					"scale": 0
				},
				"left": {
					"rotation": {
						"0.0": [96.46298, -388.94431, -144.09311],
						"0.0417": [172.3341, -373.65581, -153.27399],
						"0.125": [77.04331, -363.82563, -154.16401],
						"0.4167": [63.21207, -358.43984, -156.11017],
						"0.6667": {
							"pre": [172.3341, -373.65581, -153.27399],
							"post": [172.3341, -373.65581, -153.27399],
							"lerp_mode": "catmullrom"
						},
						"0.8333": {
							"post": [133.49811, -381.74207, -194.2406],
							"lerp_mode": "catmullrom"
						},
						"1.0": {
							"post": [96.46298, -388.94431, -144.09311],
							"lerp_mode": "catmullrom"
						}
					},
					"position": {
						"0.0": [7.4, -5.7, -6.5],
						"0.0417": [19.71319, 6.4116, 7.8757],
						"0.125": [14.6531, -3.31841, 5.8176],
						"0.4167": [14.68012, -7.84042, 7.95084],
						"0.6667": {
							"pre": [19.71319, 6.4116, 7.8757],
							"post": [19.71319, 6.4116, 7.8757],
							"lerp_mode": "catmullrom"
						},
						"0.8333": {
							"post": [13.1, -4.51, -0.22],
							"lerp_mode": "catmullrom"
						},
						"1.0": {
							"post": [7.4, -5.7, -6.5],
							"lerp_mode": "catmullrom"
						}
					},
					"scale": [1, 1.5, 1]
				},
				"right": {
					"rotation": [92.73772, 12.3071, -177.79539],
					"position": [-6.8, -5.45, 7.65],
					"scale": [1, 1.5, 1]
				},
				"constraint": {
					"rotation": [0.3, 0.3, 0.3]
				},
				"root": {
					"rotation": {
						"0.0": {
							"post": [0, 0, 0],
							"lerp_mode": "catmullrom"
						},
						"0.125": {
							"post": [23.63885, 15.69912, -7.46311],
							"lerp_mode": "catmullrom"
						},
						"0.4167": {
							"post": [23.63885, 15.69912, -7.46311],
							"lerp_mode": "catmullrom"
						},
						"0.7917": {
							"post": [0, 0, 0],
							"lerp_mode": "catmullrom"
						},
						"1.0833": {
							"post": [0, 0, 0],
							"lerp_mode": "catmullrom"
						}
					},
					"position": {
						"0.0": [0, 0, 0],
						"0.125": {
							"pre": [-3.86036, -8.3881, -5.1984],
							"post": [-3.86036, -8.3881, -5.1984],
							"lerp_mode": "catmullrom"
						},
						"0.4167": {
							"post": [-3.86036, -8.3881, -5.1984],
							"lerp_mode": "catmullrom"
						},
						"0.7083": {
							"post": [0, 0, 0],
							"lerp_mode": "catmullrom"
						},
						"1.0": {
							"post": [0, 0, 0],
							"lerp_mode": "catmullrom"
						}
					}
				},
				"camera": {
					"rotation": {
						"0.0": {
							"post": [0, 0, 0],
							"lerp_mode": "catmullrom"
						},
						"0.0833": {
							"post": [-4.95744, -0.65181, -7.47179],
							"lerp_mode": "catmullrom"
						},
						"0.1667": {
							"post": [17.42582, -0.06992, 7.26163],
							"lerp_mode": "catmullrom"
						},
						"0.5833": {
							"post": [16.69, 5.1, -9.48],
							"lerp_mode": "catmullrom"
						},
						"0.7917": {
							"post": [0, 0, 0],
							"lerp_mode": "catmullrom"
						}
					}
				},
				"pickaxe": {
					"rotation": {
						"0.0": [0, 0, 0],
						"0.125": [0, 0, 0],
						"0.2083": [-57.5, 0, 0],
						"0.5417": [32.5, 0, 0],
						"0.7083": [175, 0, 0]
					},
					"scale": {
						"0.0": {
							"post": [1, 0.6, 1],
							"lerp_mode": "catmullrom"
						},
						"0.0833": [1, 0.6, 1],
						"0.5833": [1, 1, 1],
						"0.625": {
							"pre": [0, 0, 0],
							"post": [0, 0, 0],
							"lerp_mode": "catmullrom"
						}
					}
				}
			}
		},
		"static_bolt_caught": {
			"loop": true,
			"bones": {
				"bullet_new_mag": {
					"scale": 0
				},
				"left": {
					"rotation": [96.46298, -388.94431, -144.09311],
					"position": [7.4, -5.7, -6.5],
					"scale": [1, 1.5, 1]
				},
				"right": {
					"rotation": [92.73772, 12.3071, -177.79539],
					"position": [-6.8, -5.45, 7.65],
					"scale": [1, 1.5, 1]
				},
				"bone": {
					"scale": 0
				}
			}
		},
		"draw": {
			"loop": "hold_on_last_frame",
			"animation_length": 0.6667,
			"bones": {
				"root": {
					"rotation": {
						"0.0": [25, -60, 0],
						"0.2083": {
							"pre": [3.125, -6.6875, 0],
							"post": [3.125, -6.6875, 0],
							"lerp_mode": "catmullrom"
						},
						"0.3333": {
							"post": [-3.3125, 2.6875, -3.5],
							"lerp_mode": "catmullrom"
						},
						"0.4167": {
							"post": [-0.39, 2.72, 3.5],
							"lerp_mode": "catmullrom"
						},
						"0.5": {
							"post": [0, 1.59, -0.1875],
							"lerp_mode": "catmullrom"
						},
						"0.5833": {
							"post": [0, 0.3975, 2.5625],
							"lerp_mode": "catmullrom"
						},
						"0.6667": [0, 0, 0]
					},
					"position": {
						"0.0": [0, -4, 0],
						"0.3333": [0, 0.5, -1],
						"0.4167": [0, 0, 0.4375],
						"0.5417": {
							"pre": [0, 0, 0.06],
							"post": [0, 0, 0.06],
							"lerp_mode": "catmullrom"
						},
						"0.6667": [0, 0, 0]
					}
				},
				"left": {
					"rotation": [96.46298, -388.94431, -144.09311],
					"position": [7.4, -5.7, -6.5],
					"scale": [1, 1.5, 1]
				},
				"right": {
					"rotation": [92.73772, 12.3071, -177.79539],
					"position": [-6.8, -5.45, 7.65],
					"scale": [1, 1.5, 1]
				},
				"camera": {
					"rotation": {
						"0.0": [0, 0, 0],
						"0.125": {
							"pre": [1, 0, 0.5],
							"post": [1, 0, 0.5],
							"lerp_mode": "catmullrom"
						},
						"0.3333": [0, 0, 0],
						"0.4167": [0, 0, 0.5],
						"0.5": [0, 0, -0.25],
						"0.5833": [0, 0, 0.125],
						"0.6667": [0, 0, 0]
					}
				}
			}
		},
		"put_away": {
			"loop": "hold_on_last_frame",
			"animation_length": 0.5,
			"bones": {
				"root": {
					"rotation": {
						"0.0": [0, 0, 0],
						"0.25": {
							"pre": [1.9375, -5.0625, 4.75],
							"post": [1.9375, -5.0625, 4.75],
							"lerp_mode": "catmullrom"
						},
						"0.5": [25, -60, 4.75]
					},
					"position": {
						"0.0": [0, 0, 0],
						"0.25": [0, 0, 0],
						"0.5": [0, -3, 0]
					}
				},
				"left": {
					"rotation": {
						"0.0": [96.46298, -388.94431, -144.09311],
						"0.1667": [153.25627, -388.54465, -214.97513],
						"0.375": [151.50733, -382.99943, -235.6931]
					},
					"position": {
						"0.0": [7.4, -5.7, -6.5],
						"0.25": [7.9, -0.7, -9.5]
					},
					"scale": [1, 1.5, 1]
				},
				"right": {
					"rotation": [92.73772, 12.3071, -177.79539],
					"position": [-6.8, -5.45, 7.65],
					"scale": [1, 1.5, 1]
				},
				"camera": {
					"rotation": {
						"0.0": [0, 0, 0],
						"0.1667": {
							"pre": [-0.75, 0, -0.5],
							"post": [-0.75, 0, -0.5],
							"lerp_mode": "catmullrom"
						},
						"0.3333": {
							"post": [0.25, 0, 0.25],
							"lerp_mode": "catmullrom"
						},
						"0.5": [0, 0, 0]
					}
				}
			}
		},
		"reload_tactical": {
			"animation_length": 2,
			"bones": {
				"bullet_new_mag": {
					"scale": 0
				},
				"root": {
					"rotation": {
						"0.0": [0, 0, 0],
						"0.0417": {
							"pre": [0, 0, -3.135],
							"post": [0, 0, -3.135],
							"lerp_mode": "catmullrom"
						},
						"0.25": [0, 0, -27],
						"0.4583": [0.3125, 0, -27],
						"0.5417": [4, 0, -26.25],
						"0.6667": [2, 0, -27.75],
						"0.875": {
							"pre": [-16, 0, -20.4375],
							"post": [-16, 0, -20.4375],
							"lerp_mode": "catmullrom"
						},
						"1.0417": [-19, -1, -19],
						"1.2917": [-17.8125, -1, -17.8125],
						"1.375": [-13, -3, -14],
						"1.5": [-13, -2, -16],
						"1.625": [-13, -3, -14.5],
						"1.7083": [-8.75, -2.75, -12.25],
						"1.875": {
							"pre": [-1.625, -0.415, -1.9375],
							"post": [-1.625, -0.415, -1.9375],
							"lerp_mode": "catmullrom"
						},
						"2.0": [0, 0, 0]
					},
					"position": {
						"0.0": [0, 0, 0],
						"0.0833": {
							"pre": [-0.235, 0.2975, 0],
							"post": [-0.235, 0.2975, 0],
							"lerp_mode": "catmullrom"
						},
						"0.3333": {
							"post": [-1.75, 1.75, 0],
							"lerp_mode": "catmullrom"
						},
						"0.4583": [-2, 2, 0],
						"0.5417": [-2, 1.5, 0],
						"0.8333": [-1, 1.5, 0.5],
						"1.2917": [-1, 1.5, 0.5],
						"1.375": [-1, 1, 0],
						"1.5833": [-1, 1, 0],
						"1.8333": {
							"pre": [-0.15, 0.15, 0],
							"post": [-0.15, 0.15, 0],
							"lerp_mode": "catmullrom"
						},
						"2.0": [0, 0, 0]
					}
				},
				"mag": {
					"rotation": {
						"0.5": [0, 0, 0],
						"0.75": [25, 0, 0],
						"1.0833": [25, 0, 0],
						"1.2917": [0, 0, 0]
					},
					"position": {
						"0.4583": [0, 0, 0],
						"0.6667": [0, -5, 0],
						"1.0": [0, -5, 5],
						"1.1667": {
							"pre": [0, -2.78, 0.5925],
							"post": [0, -2.78, 0.5925],
							"lerp_mode": "catmullrom"
						},
						"1.375": [0, 0, 0]
					},
					"scale": {
						"0.9167": [1, 1, 1],
						"1.0": [0, 0, 0],
						"1.0417": [0, 0, 0],
						"1.0833": [1, 1, 1]
					}
				},
				"left": {
					"rotation": {
						"0.0": [96.46298, -388.94431, -144.09311],
						"0.25": [89.09233, -408.7745, -147.43741],
						"1.25": [89.09233, -408.7745, -147.43741],
						"1.3333": [89.09233, -408.7745, -147.43741],
						"2.0": [96.46298, -388.94431, -144.09311]
					},
					"position": {
						"0.0": [7.4, -5.7, -6.5],
						"0.2917": [8.4, -4.7, 1.5],
						"1.375": [8.4, -4.7, 1.5],
						"1.5": [6.4, -8.7, 0.5],
						"1.8333": {
							"pre": [7.15, -5.325, -8.25],
							"post": [7.15, -5.325, -8.25],
							"lerp_mode": "catmullrom"
						},
						"2.0": [7.4, -5.7, -6.5]
					},
					"scale": [1, 1.5, 1]
				},
				"right": {
					"rotation": [92.73772, 12.3071, -177.79539],
					"position": [-6.8, -5.45, 7.65],
					"scale": [1, 1.5, 1]
				},
				"gaizi": {
					"position": {
						"0.5": [0, 0, 0],
						"0.625": [0, -0.4, 0],
						"1.375": [0, -0.4, 0],
						"1.5": [0, 0, 0]
					}
				},
				"g2": {
					"position": {
						"0.5": [0, 0, 0],
						"0.625": [0, 0, 3],
						"1.375": [0, 0, 3],
						"1.5": [0, 0, 0]
					}
				},
				"bone2": {
					"position": {
						"0.5": [0, 0, 0],
						"0.625": [0, 0, 3],
						"1.375": [0, 0, 3],
						"1.5": [0, 0, 0]
					}
				},
				"camera": {
					"rotation": {
						"0.0": [0, 0, 0],
						"0.3333": {
							"pre": [-0.3925, 0, -0.375],
							"post": [-0.3925, 0, -0.375],
							"lerp_mode": "catmullrom"
						},
						"0.5": [-0.5, 0, -0.1875],
						"0.5833": [-0.5, 0, 0.75],
						"0.6667": [-0.5, 0, -0.5],
						"0.7917": [-0.5, 0, 0.5],
						"0.9167": [-0.5, 0, -0.125],
						"1.3333": [-0.5, 0, 0.125],
						"1.4167": [-0.5, 0, -1],
						"1.5": [-0.5, 0, 0.5],
						"1.625": [-0.5, 0, -0.25],
						"1.75": [-0.5, 0, 0.125],
						"1.875": {
							"pre": [-0.0625, 0, 0.01312],
							"post": [-0.0625, 0, 0.01312],
							"lerp_mode": "catmullrom"
						},
						"2.0": [0, 0, 0]
					}
				}
			}
		},
		"reload_empty": {
			"animation_length": 2.5833,
			"bones": {
				"bullet_in_mag": {
					"scale": 0
				},
				"shell_main": {
					"rotation": {
						"2.0833": [0, 0, 0],
						"2.5": [0, 270, 0]
					},
					"position": {
						"2.0417": [0, 0, 0],
						"2.1667": [-3.1947, 3.09687, 1.93738],
						"2.2083": [-4.69363, 3.44845, 3.37836],
						"2.25": [-6.25, 3.80635, 5.53519],
						"2.2917": [-7.91, 3.92, 7.25],
						"2.3333": [-9.4714, 3.71606, 8.10864],
						"2.375": [-11.17256, 3.25805, 9.29811],
						"2.4167": [-12.68824, 2.21857, 10.9837],
						"2.4583": [-13.4071, 0.36484, 12.78797],
						"2.5": [-13.89, -2.026, 14.14971],
						"2.5417": [-14.31, -4.3987, 15.02],
						"2.5833": [-14.72551, -6.74373, 15.8816]
					}
				},
				"bullet_new_mag": {
					"scale": {
						"1.0": [0, 0, 0],
						"1.0417": [1, 1, 1]
					}
				},
				"root": {
					"rotation": {
						"0.0": [0, 0, 0],
						"0.0417": {
							"pre": [0, 0, -3.135],
							"post": [0, 0, -3.135],
							"lerp_mode": "catmullrom"
						},
						"0.25": [0, 0, -27],
						"0.4583": [0.3125, 0, -27],
						"0.5417": [4, 0, -26.25],
						"0.6667": [2, 0, -27.75],
						"0.875": {
							"pre": [-16, 0, -20.4375],
							"post": [-16, 0, -20.4375],
							"lerp_mode": "catmullrom"
						},
						"1.0417": [-19, -1, -19],
						"1.2917": [-17.8125, -1, -17.8125],
						"1.375": [-13, -3, -14],
						"1.5": [-13, -2, -16],
						"1.625": [-13, -3, -14.5],
						"1.7083": [-8.75, -2.75, -12.25],
						"1.9167": {
							"pre": [-8.3575, 0, 2.4375],
							"post": [-8.3575, 0, 2.4375],
							"lerp_mode": "catmullrom"
						},
						"1.9583": [-10, 0, 3],
						"2.0417": [-10, 0, 8],
						"2.0833": [-10, -2, 7],
						"2.1667": [-10, -2, 7],
						"2.2917": [-10, 1, 3],
						"2.3333": [-10, 0.5, 4],
						"2.375": [-10, 0, 4],
						"2.5": {
							"pre": [-1.375, 0, 0.6375],
							"post": [-1.375, 0, 0.6375],
							"lerp_mode": "catmullrom"
						},
						"2.5833": [0, 0, 0]
					},
					"position": {
						"0.0": [0, 0, 0],
						"0.0833": {
							"pre": [-0.235, 0.2975, 0],
							"post": [-0.235, 0.2975, 0],
							"lerp_mode": "catmullrom"
						},
						"0.3333": {
							"post": [-1.75, 1.75, 0],
							"lerp_mode": "catmullrom"
						},
						"0.4583": [-2, 2, 0],
						"0.5417": [-2, 1.5, 0],
						"0.8333": [-1, 1.5, 0.5],
						"1.2917": [-1, 1.5, 0.5],
						"1.375": [-1, 1, 0],
						"1.5833": [-1, 1, 0],
						"1.8333": {
							"pre": [-0.15, 0.15, 0],
							"post": [-0.15, 0.15, 0],
							"lerp_mode": "catmullrom"
						},
						"2.0417": [0, -0.5, 0.5],
						"2.1667": [0, -0.5, 0.5],
						"2.2917": [0, -0.25, 0.25],
						"2.375": [0, -0.25, 0.25],
						"2.5833": [0, 0, 0]
					}
				},
				"mag": {
					"rotation": {
						"0.5": [0, 0, 0],
						"0.75": [25, 0, 0],
						"1.0833": [25, 0, 0],
						"1.2917": [0, 0, 0]
					},
					"position": {
						"0.4583": [0, 0, 0],
						"0.6667": [0, -5, 0],
						"1.0": [0, -5, 5],
						"1.1667": {
							"pre": [0, -2.78, 0.5925],
							"post": [0, -2.78, 0.5925],
							"lerp_mode": "catmullrom"
						},
						"1.375": [0, 0, 0]
					},
					"scale": {
						"0.9583": [1, 1, 1],
						"1.0417": [0, 0, 0],
						"1.0833": [0, 0, 0],
						"1.125": [1, 1, 1]
					}
				},
				"left": {
					"rotation": {
						"0.0": [96.46298, -388.94431, -144.09311],
						"0.25": [89.09233, -408.7745, -147.43741],
						"1.25": [89.09233, -408.7745, -147.43741],
						"1.3333": [89.09233, -408.7745, -147.43741],
						"1.9583": [98.96298, -388.94431, -144.09311],
						"2.0417": [91.49754, -391.43917, -144.16463],
						"2.1667": [91.49754, -391.43917, -144.16463],
						"2.2917": [98.96298, -388.94431, -144.09311],
						"2.5833": [96.46298, -388.94431, -144.09311]
					},
					"position": {
						"0.0": [7.4, -5.7, -6.5],
						"0.2917": [8.4, -4.7, 1.5],
						"1.375": [8.4, -4.7, 1.5],
						"1.5": [6.4, -8.7, 0.5],
						"1.8333": {
							"pre": [7.15, -5.325, -8.25],
							"post": [7.15, -5.325, -8.25],
							"lerp_mode": "catmullrom"
						},
						"1.9583": [7.4, -4.7, -9.5],
						"2.0417": [7.4, -4.7, -6],
						"2.1667": [7.4, -4.7, -6],
						"2.2917": [7.4, -5.7, -6.5]
					},
					"scale": {
						"0.0": [1, 1.5, 1],
						"2.5833": [1, 1.5, 1]
					}
				},
				"right": {
					"rotation": {
						"0.0": [92.73772, 12.3071, -177.79539],
						"2.5833": [92.73772, 12.3071, -177.79539]
					},
					"position": {
						"0.0": [-6.8, -5.45, 7.65],
						"2.5833": [-6.8, -5.45, 7.65]
					},
					"scale": {
						"0.0": [1, 1.5, 1],
						"2.5833": [1, 1.5, 1]
					}
				},
				"gaizi": {
					"position": {
						"0.5": [0, 0, 0],
						"0.625": [0, -0.4, 0],
						"1.25": [0, -0.4, 0],
						"1.375": [0, 0, 0]
					}
				},
				"g2": {
					"position": {
						"0.5": [0, 0, 0],
						"0.625": [0, 0, 3],
						"2.2917": [0, 0, 3],
						"2.4167": [0, 0, 0]
					}
				},
				"bone2": {
					"position": {
						"0.5": [0, 0, 0],
						"0.625": [0, 0, 3],
						"2.2917": [0, 0, 3],
						"2.4167": [0, 0, 0]
					}
				},
				"pump": {
					"position": {
						"1.9583": [0, 0, 0],
						"2.0417": [0, 0, 1.5],
						"2.1667": [0, 0, 1.5],
						"2.2917": [0, 0, 0]
					}
				},
				"camera": {
					"rotation": {
						"0.0": [0, 0, 0],
						"0.3333": {
							"pre": [-0.3925, 0, -0.375],
							"post": [-0.3925, 0, -0.375],
							"lerp_mode": "catmullrom"
						},
						"0.5": [-0.5, 0, -0.1875],
						"0.5833": [-0.5, 0, 0.75],
						"0.6667": [-0.5, 0, -0.5],
						"0.7917": [-0.5, 0, 0.5],
						"0.9167": [-0.5, 0, -0.125],
						"1.3333": [-0.5, 0, 0.125],
						"1.4167": [-0.5, 0, -1],
						"1.5": [-0.5, 0, 0.5],
						"1.625": [-0.5, 0, -0.25],
						"1.75": [-0.25, 0, 0.125],
						"1.875": {
							"pre": [-0.0625, 0, 0.01312],
							"post": [-0.0625, 0, 0.01312],
							"lerp_mode": "catmullrom"
						},
						"2.0": [0, 0, 0],
						"2.0417": [0, 0, 0],
						"2.0833": [0, 0, 0.5],
						"2.1667": [0, 0, -0.75],
						"2.25": [0, 0, -0.13],
						"2.2917": [0, 0, 0],
						"2.3333": [0, 0, 0.75],
						"2.4167": [0, 0, 0],
						"2.5": {
							"pre": [0, 0, 0.4325],
							"post": [0, 0, 0.4325],
							"lerp_mode": "catmullrom"
						},
						"2.5833": [0, 0, 0]
					}
				},
				"bone": {
					"scale": {
						"0.0": [0, 0, 0],
						"1.0417": [0, 0, 0],
						"1.0833": [1, 1, 1]
					}
				},
				"she": {
					"scale": 1
				}
			}
		},
		"inspect": {
			"animation_length": 7.7083,
			"bones": {
				"bullet_new_mag": {
					"scale": 0
				},
				"root": {
					"rotation": {
						"0.0": {
							"post": [0, 0, 0],
							"lerp_mode": "catmullrom"
						},
						"0.1667": {
							"post": [0.48, 0.02, -0.29],
							"lerp_mode": "catmullrom"
						},
						"0.4167": {
							"post": [-18.82686, -30.0579, -35.61364],
							"lerp_mode": "catmullrom"
						},
						"0.5417": {
							"post": [-26.28, -34.34, -35.43],
							"lerp_mode": "catmullrom"
						},
						"0.6667": {
							"post": [-26.2, -34.67, -37.19],
							"lerp_mode": "catmullrom"
						},
						"0.75": {
							"post": [-26.88936, -34.3704, -36.11364],
							"lerp_mode": "catmullrom"
						},
						"1.0": {
							"post": [-26.065, -34.5375, -38.29],
							"lerp_mode": "catmullrom"
						},
						"1.5": {
							"post": [-28.17, -33.36, -34.85],
							"lerp_mode": "catmullrom"
						},
						"1.875": {
							"post": [-26.89, -28.37, -27.86],
							"lerp_mode": "catmullrom"
						},
						"2.1667": {
							"post": [-29.57552, 19.93339, 29.44049],
							"lerp_mode": "catmullrom"
						},
						"2.3333": {
							"post": [-29.57552, 33.18339, 47.31549],
							"lerp_mode": "catmullrom"
						},
						"2.4583": {
							"post": [-29.58, 34.12, 49.25],
							"lerp_mode": "catmullrom"
						},
						"2.5417": {
							"post": [-29.58, 34.12, 52.25],
							"lerp_mode": "catmullrom"
						},
						"2.625": {
							"post": [-29.58, 34.12, 54.625],
							"lerp_mode": "catmullrom"
						},
						"2.875": {
							"post": [-29.58, 34.12, 54.625],
							"lerp_mode": "catmullrom"
						},
						"3.0417": {
							"post": [-29.08, 34.32, 54.125],
							"lerp_mode": "catmullrom"
						},
						"3.1667": {
							"post": [-29.08, 34.32, 54.125],
							"lerp_mode": "catmullrom"
						},
						"3.3333": {
							"post": [-29.258, 34.32, 54.16125],
							"lerp_mode": "catmullrom"
						},
						"3.4583": {
							"post": [-29.58, 34.12, 53.255],
							"lerp_mode": "catmullrom"
						},
						"3.5833": {
							"post": [-28.84389, 31.18003, 47.62926],
							"lerp_mode": "catmullrom"
						},
						"3.9167": {
							"post": [-28.84389, 31.74253, 43.12926],
							"lerp_mode": "catmullrom"
						},
						"4.25": {
							"post": [-26.28, -28.215, -26.3675],
							"lerp_mode": "catmullrom"
						},
						"4.5": {
							"post": [-26.28, -34.34, -35.43],
							"lerp_mode": "catmullrom"
						},
						"4.5833": {
							"post": [-17.7175, -34.34, -35.43],
							"lerp_mode": "catmullrom"
						},
						"4.875": {
							"post": [-25.7175, -34.34, -35.43],
							"lerp_mode": "catmullrom"
						},
						"5.0417": {
							"post": [-26.28, -34.34, -35.43],
							"lerp_mode": "catmullrom"
						},
						"5.5417": {
							"post": [-26.9375, -33.2775, -35.13],
							"lerp_mode": "catmullrom"
						},
						"6.0417": {
							"post": [-26.28, -34.34, -35.43],
							"lerp_mode": "catmullrom"
						},
						"6.2083": {
							"post": [-23.28, -34.34, -35.43],
							"lerp_mode": "catmullrom"
						},
						"6.2917": {
							"post": [-22.03, -34.34, -34.805],
							"lerp_mode": "catmullrom"
						},
						"6.375": {
							"post": [-15.8425, -34.34, -31.18],
							"lerp_mode": "catmullrom"
						},
						"6.4167": {
							"post": [-15.28, -30.09, -23.9925],
							"lerp_mode": "catmullrom"
						},
						"6.5417": {
							"post": [-12.0925, -35.1525, -35.9925],
							"lerp_mode": "catmullrom"
						},
						"6.6667": {
							"post": [-13.03, -32.74, -33.1],
							"lerp_mode": "catmullrom"
						},
						"6.8333": {
							"post": [-11.8425, -34.34, -34.43],
							"lerp_mode": "catmullrom"
						},
						"6.9167": {
							"post": [-23.84, -34.34, -34.43],
							"lerp_mode": "catmullrom"
						},
						"7.0417": {
							"post": [-23.84, -34.34, -34.43],
							"lerp_mode": "catmullrom"
						},
						"7.2083": {
							"post": [-4.6525, -28.34, -28.4925],
							"lerp_mode": "catmullrom"
						},
						"7.4167": {
							"post": [1.6875, -1.5, -3.5],
							"lerp_mode": "catmullrom"
						},
						"7.7083": {
							"post": [0, 0, 0],
							"lerp_mode": "catmullrom"
						}
					},
					"position": {
						"0.0": {
							"post": [0, 0, 0],
							"lerp_mode": "catmullrom"
						},
						"0.0833": {
							"post": [0, -1.08, 0],
							"lerp_mode": "catmullrom"
						},
						"0.25": {
							"post": [0, -1.015, 0],
							"lerp_mode": "catmullrom"
						},
						"0.5": {
							"post": [0, 1, 0],
							"lerp_mode": "catmullrom"
						},
						"0.75": {
							"post": [0, 1, 0],
							"lerp_mode": "catmullrom"
						},
						"1.875": {
							"post": [0, 0.9375, 0],
							"lerp_mode": "catmullrom"
						},
						"2.0417": {
							"post": [0, 0.25, 0.125],
							"lerp_mode": "catmullrom"
						},
						"2.125": {
							"post": [0, -0.125, 0.8125],
							"lerp_mode": "catmullrom"
						},
						"2.3333": {
							"post": [0, 0.75, 1],
							"lerp_mode": "catmullrom"
						},
						"2.4583": {
							"post": [0, 1, 1],
							"lerp_mode": "catmullrom"
						},
						"2.5417": {
							"post": [0, 1.02, 1.3125],
							"lerp_mode": "catmullrom"
						},
						"2.625": {
							"post": [0, 1.02, 1.375],
							"lerp_mode": "catmullrom"
						},
						"2.75": {
							"post": [0, 1.01, 1.0025],
							"lerp_mode": "catmullrom"
						},
						"2.875": {
							"post": [0, 1, 1],
							"lerp_mode": "catmullrom"
						},
						"3.4583": {
							"post": [0, 0.8125, 1],
							"lerp_mode": "catmullrom"
						},
						"3.5833": {
							"post": [0, -0.5, 0.75],
							"lerp_mode": "catmullrom"
						},
						"3.75": {
							"post": [0, 0.125, 1.0625],
							"lerp_mode": "catmullrom"
						},
						"3.9167": {
							"post": [0, 0.5, 1],
							"lerp_mode": "catmullrom"
						},
						"4.5": {
							"post": [0, 0.5, 1],
							"lerp_mode": "catmullrom"
						},
						"4.5833": {
							"post": [0, 0.25, 1],
							"lerp_mode": "catmullrom"
						},
						"5.125": {
							"post": [0, 0.5, 1],
							"lerp_mode": "catmullrom"
						},
						"6.4167": {
							"post": [0, 0.5, 1],
							"lerp_mode": "catmullrom"
						},
						"6.5417": {
							"post": [0, 0.375, 1],
							"lerp_mode": "catmullrom"
						},
						"6.75": {
							"post": [0, 0.5, 0.875],
							"lerp_mode": "catmullrom"
						},
						"7.4167": {
							"post": [0, 0.0625, 0.125],
							"lerp_mode": "catmullrom"
						},
						"7.7083": {
							"post": [0, 0, 0],
							"lerp_mode": "catmullrom"
						}
					}
				},
				"mag": {
					"rotation": {
						"4.6667": [0, 0, 0],
						"5.0": {
							"pre": [23.52134, 11.65321, 41.84568],
							"post": [23.52134, 11.65321, 41.84568],
							"lerp_mode": "catmullrom"
						},
						"5.1667": {
							"post": [27.02134, 13.15321, 50.53318],
							"lerp_mode": "catmullrom"
						},
						"6.0": {
							"post": [23.77134, 12.65321, 46.84568],
							"lerp_mode": "catmullrom"
						},
						"6.2083": {
							"post": [5.4675, 2.6675, 10.565],
							"lerp_mode": "catmullrom"
						},
						"6.3333": {
							"post": [0, 0, 0],
							"lerp_mode": "catmullrom"
						}
					},
					"position": {
						"4.5": [0, 0, 0],
						"4.6667": {
							"pre": [0.375, -3.1875, -0.375],
							"post": [0.375, -3.1875, -0.375],
							"lerp_mode": "catmullrom"
						},
						"4.9583": {
							"post": [4.6875, -4, -2.75],
							"lerp_mode": "catmullrom"
						},
						"5.8333": {
							"post": [4.625, -4, -2.875],
							"lerp_mode": "catmullrom"
						},
						"6.2917": {
							"post": [0.375, -2.6875, -0.375],
							"lerp_mode": "catmullrom"
						},
						"6.4167": [0, 0, 0]
					}
				},
				"left": {
					"rotation": {
						"0.0": [96.46298, -388.94431, -144.09311],
						"2.2083": [96.46298, -388.94431, -144.09311],
						"6.5417": [96.46298, -388.94431, -144.09311],
						"6.75": {
							"pre": [113.85269, -369.27255, -117.46815],
							"post": [113.85269, -369.27255, -117.46815],
							"lerp_mode": "catmullrom"
						},
						"6.8333": [111.33, -396.16, -111.12],
						"7.375": {
							"pre": [97.38, -391.69, -141.03],
							"post": [97.38, -391.69, -141.03],
							"lerp_mode": "catmullrom"
						},
						"7.7083": [96.46298, -388.94431, -144.09311]
					},
					"position": {
						"0.0": [7.4, -5.7, -6.5],
						"0.25": {
							"pre": [7.4, -7.45, -7.9375],
							"post": [7.4, -7.45, -7.9375],
							"lerp_mode": "catmullrom"
						},
						"0.5": {
							"post": [7.4, -27.7, 2.5],
							"lerp_mode": "catmullrom"
						},
						"1.7083": {
							"post": [7.4, -27.7, 2.5],
							"lerp_mode": "catmullrom"
						},
						"2.2083": [7.4, -4.7, -9.5],
						"2.4583": [7.4, -4.7, -9.5],
						"2.5833": [7.4, -4.7, -7.5],
						"3.5": [7.4, -4.7, -7.5],
						"3.5833": [7.4, -4.7, -9.5],
						"3.9167": {
							"pre": [7.4, -5.2, -8.125],
							"post": [7.4, -5.2, -8.125],
							"lerp_mode": "catmullrom"
						},
						"4.375": [8.4, -5.7, 0.5],
						"6.5417": [8.4, -5.7, 0.5],
						"6.75": {
							"pre": [6.4, -16.7, 0],
							"post": [6.4, -16.7, 0],
							"lerp_mode": "catmullrom"
						},
						"6.8333": [6.4, -6.7, 0.5],
						"7.0833": {
							"pre": [6.66, -7.885, -0.27],
							"post": [6.66, -7.885, -0.27],
							"lerp_mode": "catmullrom"
						},
						"7.4167": {
							"post": [7.07, -5.28, -8.295],
							"lerp_mode": "catmullrom"
						},
						"7.7083": [7.4, -5.7, -6.5]
					},
					"scale": {
						"0.0": [1, 1.5, 1],
						"7.7083": [1, 1.5, 1]
					}
				},
				"right": {
					"rotation": [92.73772, 12.3071, -177.79539],
					"position": [-6.8, -5.45, 7.65],
					"scale": [1, 1.5, 1]
				},
				"gaizi": {
					"position": {
						"4.5": [0, 0, 0],
						"4.5833": [0, -0.4, 0],
						"6.4167": [0, -0.4, 0],
						"6.5": [0, 0, 0]
					}
				},
				"g2": {
					"position": {
						"4.5": [0, 0, 0],
						"4.5833": [0, 0, 3],
						"6.8333": [0, 0, 3],
						"6.9167": [0, 0, 0]
					}
				},
				"bone2": {
					"position": {
						"2.4583": [0, 0, 0],
						"2.5833": [0, 0, 3],
						"3.5": [0, 0, 3],
						"3.5833": [0, 0, 0],
						"4.5": [0, 0, 0],
						"4.5833": [0, 0, 3],
						"6.8333": [0, 0, 3],
						"6.9167": [0, 0, 0]
					}
				},
				"pump": {
					"position": {
						"2.4583": [0, 0, 0],
						"2.5833": [0, 0, 1],
						"3.5": [0, 0, 1],
						"3.5833": [0, 0, 0]
					}
				},
				"camera": {
					"rotation": {
						"0.0": {
							"post": [0, 0, 0],
							"lerp_mode": "catmullrom"
						},
						"0.25": {
							"post": [-0.125, 0.6875, 0],
							"lerp_mode": "catmullrom"
						},
						"0.6667": {
							"post": [-0.875, 0.9375, 0],
							"lerp_mode": "catmullrom"
						},
						"1.0": {
							"post": [-1, 1, 0],
							"lerp_mode": "catmullrom"
						},
						"1.7917": {
							"post": [-0.875, 0.75, 0.125],
							"lerp_mode": "catmullrom"
						},
						"2.2917": {
							"post": [0.5, -0.775, 0.875],
							"lerp_mode": "catmullrom"
						},
						"2.4167": {
							"post": [0.875, -1, 0.875],
							"lerp_mode": "catmullrom"
						},
						"2.5417": {
							"post": [1, -1, -0.5],
							"lerp_mode": "catmullrom"
						},
						"2.7083": {
							"post": [0.875, -1, 0.375],
							"lerp_mode": "catmullrom"
						},
						"2.9583": {
							"post": [0.5, -1.125, 0],
							"lerp_mode": "catmullrom"
						},
						"3.1667": {
							"post": [0.595, -1.125, -0.03],
							"lerp_mode": "catmullrom"
						},
						"3.4583": {
							"post": [0.5, -1, 0],
							"lerp_mode": "catmullrom"
						},
						"3.5417": {
							"post": [1.5, -1, -0.5],
							"lerp_mode": "catmullrom"
						},
						"3.625": {
							"post": [1.5, -1, 1],
							"lerp_mode": "catmullrom"
						},
						"3.75": {
							"post": [1.5, -1, -0.25],
							"lerp_mode": "catmullrom"
						},
						"3.875": {
							"post": [1.5, -0.75, 0.25],
							"lerp_mode": "catmullrom"
						},
						"4.0417": {
							"post": [0.5, -0.125, 0.0625],
							"lerp_mode": "catmullrom"
						},
						"4.2917": {
							"post": [-1.25, 0, 0],
							"lerp_mode": "catmullrom"
						},
						"4.5": {
							"post": [-0.98, 0.01, 0.125],
							"lerp_mode": "catmullrom"
						},
						"4.5833": {
							"post": [-0.5, 0, 1],
							"lerp_mode": "catmullrom"
						},
						"4.7083": {
							"post": [-0.125, -0.25, -0.5],
							"lerp_mode": "catmullrom"
						},
						"4.8333": {
							"post": [0, -0.625, -0.0625],
							"lerp_mode": "catmullrom"
						},
						"5.0": {
							"post": [0, -0.875, 0],
							"lerp_mode": "catmullrom"
						},
						"5.2917": {
							"post": [0.0625, -0.9825, -0.0525],
							"lerp_mode": "catmullrom"
						},
						"5.75": {
							"post": [-0.0625, -1.0525, 0.03],
							"lerp_mode": "catmullrom"
						},
						"6.0417": {
							"post": [0, -0.9375, 0.02],
							"lerp_mode": "catmullrom"
						},
						"6.2083": {
							"post": [0, -0.38, 0],
							"lerp_mode": "catmullrom"
						},
						"6.3333": {
							"post": [0, -0.25, -0.125],
							"lerp_mode": "catmullrom"
						},
						"6.4167": {
							"post": [0, -0.25, -1],
							"lerp_mode": "catmullrom"
						},
						"6.5417": {
							"post": [0, -0.25, 0.5],
							"lerp_mode": "catmullrom"
						},
						"6.7083": {
							"post": [0, -0.25, 0.0625],
							"lerp_mode": "catmullrom"
						},
						"6.8333": {
							"post": [0, -0.25, 0],
							"lerp_mode": "catmullrom"
						},
						"6.9167": {
							"post": [-0.0625, -0.25, 0.75],
							"lerp_mode": "catmullrom"
						},
						"7.0": {
							"post": [-0.25, -0.25, -0.5],
							"lerp_mode": "catmullrom"
						},
						"7.125": {
							"post": [-0.4375, -0.25, -0.125],
							"lerp_mode": "catmullrom"
						},
						"7.25": {
							"post": [-0.5, -0.25, 0],
							"lerp_mode": "catmullrom"
						},
						"7.4583": {
							"post": [-0.125, -0.0625, 0],
							"lerp_mode": "catmullrom"
						},
						"7.7083": {
							"post": [0, 0, 0],
							"lerp_mode": "catmullrom"
						}
					}
				}
			}
		},
		"shoot": {
			"loop": true,
			"animation_length": 0.75,
			"bones": {
				"bolt": {
					"position": {
						"0.0": [0, 0, 0],
						"0.0333": [0, 0, -3.425],
						"0.1": [0, 0, 0]
					}
				},
				"charge_handle": {
					"position": {
						"0.0": [0, 0, 0],
						"0.0333": [0, 0, 0.5],
						"0.0833": [0, 0, 0]
					}
				},
				"charge_l": {
					"rotation": {
						"0.0167": [0, 0, 0],
						"0.0667": [0, -17, 0],
						"0.1167": [0, 0, 0],
						"0.1833": [0, 0, 0],
						"0.25": [0, -8, 0],
						"0.3167": [0, 0, 0]
					}
				},
				"charge_r": {
					"rotation": {
						"0.0": [0, 0, 0],
						"0.05": [0, 10.65, 0],
						"0.1": [0, 0, 0],
						"0.1667": [0, 0, 0],
						"0.2333": [0, 7.05, 0],
						"0.3": [0, 0, 0]
					}
				},
				"root": {
					"rotation": {
						"0.0": {
							"post": [0, 0, 0],
							"lerp_mode": "catmullrom"
						},
						"0.0167": {
							"post": [1.43203, 0, -1.63828],
							"lerp_mode": "catmullrom"
						},
						"0.0333": {
							"post": [-1.99297, 0, 1.55703],
							"lerp_mode": "catmullrom"
						},
						"0.1": {
							"post": [-2.28203, 0, -0.76719],
							"lerp_mode": "catmullrom"
						},
						"0.1667": {
							"post": [-2.17265, 0, 0.825],
							"lerp_mode": "catmullrom"
						},
						"0.3": {
							"post": [-0.09766, 0, 0.50938],
							"lerp_mode": "catmullrom"
						},
						"0.3667": {
							"post": [0.2275, 0.05859, 0.10891],
							"lerp_mode": "catmullrom"
						},
						"0.4333": {
							"post": [-0.11328, 0.11328, 0],
							"lerp_mode": "catmullrom"
						},
						"0.55": {
							"post": [-0.0625, -0.05859, 0],
							"lerp_mode": "catmullrom"
						},
						"0.6833": {
							"post": [0, 0, 0],
							"lerp_mode": "catmullrom"
						}
					},
					"position": {
						"0.0": {
							"post": [0, 0, 0],
							"lerp_mode": "catmullrom"
						},
						"0.0167": {
							"post": [0, -0.22656, 1.95156],
							"lerp_mode": "catmullrom"
						},
						"0.0833": {
							"post": [0, -0.28516, 1.58844],
							"lerp_mode": "catmullrom"
						},
						"0.15": {
							"post": [0, -0.28516, 0.08828],
							"lerp_mode": "catmullrom"
						},
						"0.2": {
							"post": [0, 0, -0.40391],
							"lerp_mode": "catmullrom"
						},
						"0.25": {
							"post": [0, 0, -0.36719],
							"lerp_mode": "catmullrom"
						},
						"0.3167": {
							"post": [0, 0, 0.05469],
							"lerp_mode": "catmullrom"
						},
						"0.3667": {
							"post": [0, 0, 0.19922],
							"lerp_mode": "catmullrom"
						},
						"0.4333": {
							"post": [0, -0.10547, 0],
							"lerp_mode": "catmullrom"
						},
						"0.5": {
							"post": [0, -0.10547, -0.08031],
							"lerp_mode": "catmullrom"
						},
						"0.6": {
							"post": [0, -0.03516, -0.07031],
							"lerp_mode": "catmullrom"
						},
						"0.7333": {
							"post": [0, 0, 0],
							"lerp_mode": "catmullrom"
						}
					}
				},
				"gaizi": {
					"position": {
						"0.0167": {
							"pre": [0, 0, 0],
							"post": [0, 0, 0],
							"lerp_mode": "catmullrom"
						},
						"0.0833": {
							"post": [0, 0.4, 2.1],
							"lerp_mode": "catmullrom"
						},
						"0.15": {
							"post": [0, 0, 0],
							"lerp_mode": "catmullrom"
						}
					}
				},
				"bone2": {
					"position": {
						"0.0167": {
							"pre": [0, 0, 0],
							"post": [0, 0, 0],
							"lerp_mode": "catmullrom"
						},
						"0.0833": {
							"post": [0, 0, 3],
							"lerp_mode": "catmullrom"
						},
						"0.15": {
							"post": [0, 0, 0],
							"lerp_mode": "catmullrom"
						}
					}
				},
				"camera": {
					"rotation": {
						"0.0": [0, 0, 0],
						"0.0167": [0, 0, 1.55],
						"0.05": [0, 0, -1.275],
						"0.0833": [0, 0, 0.995],
						"0.1167": [0, 0, -0.58],
						"0.15": [0, 0, 0.47],
						"0.1833": [0, 0, 0]
					}
				}
			}
		},
		"inspect_empty": {
			"animation_length": 7.7083,
			"bones": {
				"bullet_new_mag": {
					"scale": 0
				},
				"root": {
					"rotation": {
						"0.0": {
							"post": [0, 0, 0],
							"lerp_mode": "catmullrom"
						},
						"0.1667": {
							"post": [0.48, 0.02, -0.29],
							"lerp_mode": "catmullrom"
						},
						"0.4167": {
							"post": [-18.82686, -30.0579, -35.61364],
							"lerp_mode": "catmullrom"
						},
						"0.5417": {
							"post": [-26.28, -34.34, -35.43],
							"lerp_mode": "catmullrom"
						},
						"0.6667": {
							"post": [-26.2, -34.67, -37.19],
							"lerp_mode": "catmullrom"
						},
						"0.75": {
							"post": [-26.88936, -34.3704, -36.11364],
							"lerp_mode": "catmullrom"
						},
						"1.0": {
							"post": [-26.065, -34.5375, -38.29],
							"lerp_mode": "catmullrom"
						},
						"1.5": {
							"post": [-28.17, -33.36, -34.85],
							"lerp_mode": "catmullrom"
						},
						"1.875": {
							"post": [-26.89, -28.37, -27.86],
							"lerp_mode": "catmullrom"
						},
						"2.1667": {
							"post": [-29.57552, 19.93339, 29.44049],
							"lerp_mode": "catmullrom"
						},
						"2.3333": {
							"post": [-29.57552, 33.18339, 47.31549],
							"lerp_mode": "catmullrom"
						},
						"2.4583": {
							"post": [-29.58, 34.12, 49.25],
							"lerp_mode": "catmullrom"
						},
						"2.5417": {
							"post": [-29.58, 34.12, 52.25],
							"lerp_mode": "catmullrom"
						},
						"2.625": {
							"post": [-29.58, 34.12, 54.625],
							"lerp_mode": "catmullrom"
						},
						"2.875": {
							"post": [-29.58, 34.12, 54.625],
							"lerp_mode": "catmullrom"
						},
						"3.0417": {
							"post": [-29.08, 34.32, 54.125],
							"lerp_mode": "catmullrom"
						},
						"3.1667": {
							"post": [-29.08, 34.32, 54.125],
							"lerp_mode": "catmullrom"
						},
						"3.3333": {
							"post": [-29.258, 34.32, 54.16125],
							"lerp_mode": "catmullrom"
						},
						"3.4583": {
							"post": [-29.58, 34.12, 53.255],
							"lerp_mode": "catmullrom"
						},
						"3.5833": {
							"post": [-28.84389, 31.18003, 47.62926],
							"lerp_mode": "catmullrom"
						},
						"3.9167": {
							"post": [-28.84389, 31.74253, 43.12926],
							"lerp_mode": "catmullrom"
						},
						"4.25": {
							"post": [-26.28, -28.215, -26.3675],
							"lerp_mode": "catmullrom"
						},
						"4.5": {
							"post": [-26.28, -34.34, -35.43],
							"lerp_mode": "catmullrom"
						},
						"4.5833": {
							"post": [-17.7175, -34.34, -35.43],
							"lerp_mode": "catmullrom"
						},
						"4.875": {
							"post": [-25.7175, -34.34, -35.43],
							"lerp_mode": "catmullrom"
						},
						"5.0417": {
							"post": [-26.28, -34.34, -35.43],
							"lerp_mode": "catmullrom"
						},
						"5.5417": {
							"post": [-26.9375, -33.2775, -35.13],
							"lerp_mode": "catmullrom"
						},
						"6.0417": {
							"post": [-26.28, -34.34, -35.43],
							"lerp_mode": "catmullrom"
						},
						"6.2083": {
							"post": [-23.28, -34.34, -35.43],
							"lerp_mode": "catmullrom"
						},
						"6.2917": {
							"post": [-22.03, -34.34, -34.805],
							"lerp_mode": "catmullrom"
						},
						"6.375": {
							"post": [-15.8425, -34.34, -31.18],
							"lerp_mode": "catmullrom"
						},
						"6.4167": {
							"post": [-15.28, -30.09, -23.9925],
							"lerp_mode": "catmullrom"
						},
						"6.5417": {
							"post": [-12.0925, -35.1525, -35.9925],
							"lerp_mode": "catmullrom"
						},
						"6.6667": {
							"post": [-13.03, -32.74, -33.1],
							"lerp_mode": "catmullrom"
						},
						"6.8333": {
							"post": [-11.8425, -34.34, -34.43],
							"lerp_mode": "catmullrom"
						},
						"6.9167": {
							"post": [-23.84, -34.34, -34.43],
							"lerp_mode": "catmullrom"
						},
						"7.0417": {
							"post": [-23.84, -34.34, -34.43],
							"lerp_mode": "catmullrom"
						},
						"7.2083": {
							"post": [-4.6525, -28.34, -28.4925],
							"lerp_mode": "catmullrom"
						},
						"7.4167": {
							"post": [1.6875, -1.5, -3.5],
							"lerp_mode": "catmullrom"
						},
						"7.7083": {
							"post": [0, 0, 0],
							"lerp_mode": "catmullrom"
						}
					},
					"position": {
						"0.0": {
							"post": [0, 0, 0],
							"lerp_mode": "catmullrom"
						},
						"0.0833": {
							"post": [0, -1.08, 0],
							"lerp_mode": "catmullrom"
						},
						"0.25": {
							"post": [0, -1.015, 0],
							"lerp_mode": "catmullrom"
						},
						"0.5": {
							"post": [0, 1, 0],
							"lerp_mode": "catmullrom"
						},
						"0.75": {
							"post": [0, 1, 0],
							"lerp_mode": "catmullrom"
						},
						"1.875": {
							"post": [0, 0.9375, 0],
							"lerp_mode": "catmullrom"
						},
						"2.0417": {
							"post": [0, 0.25, 0.125],
							"lerp_mode": "catmullrom"
						},
						"2.125": {
							"post": [0, -0.125, 0.8125],
							"lerp_mode": "catmullrom"
						},
						"2.3333": {
							"post": [0, 0.75, 1],
							"lerp_mode": "catmullrom"
						},
						"2.4583": {
							"post": [0, 1, 1],
							"lerp_mode": "catmullrom"
						},
						"2.5417": {
							"post": [0, 1.02, 1.3125],
							"lerp_mode": "catmullrom"
						},
						"2.625": {
							"post": [0, 1.02, 1.375],
							"lerp_mode": "catmullrom"
						},
						"2.75": {
							"post": [0, 1.01, 1.0025],
							"lerp_mode": "catmullrom"
						},
						"2.875": {
							"post": [0, 1, 1],
							"lerp_mode": "catmullrom"
						},
						"3.4583": {
							"post": [0, 0.8125, 1],
							"lerp_mode": "catmullrom"
						},
						"3.5833": {
							"post": [0, -0.5, 0.75],
							"lerp_mode": "catmullrom"
						},
						"3.75": {
							"post": [0, 0.125, 1.0625],
							"lerp_mode": "catmullrom"
						},
						"3.9167": {
							"post": [0, 0.5, 1],
							"lerp_mode": "catmullrom"
						},
						"4.5": {
							"post": [0, 0.5, 1],
							"lerp_mode": "catmullrom"
						},
						"4.5833": {
							"post": [0, 0.25, 1],
							"lerp_mode": "catmullrom"
						},
						"5.125": {
							"post": [0, 0.5, 1],
							"lerp_mode": "catmullrom"
						},
						"6.4167": {
							"post": [0, 0.5, 1],
							"lerp_mode": "catmullrom"
						},
						"6.5417": {
							"post": [0, 0.375, 1],
							"lerp_mode": "catmullrom"
						},
						"6.75": {
							"post": [0, 0.5, 0.875],
							"lerp_mode": "catmullrom"
						},
						"7.4167": {
							"post": [0, 0.0625, 0.125],
							"lerp_mode": "catmullrom"
						},
						"7.7083": {
							"post": [0, 0, 0],
							"lerp_mode": "catmullrom"
						}
					}
				},
				"mag": {
					"rotation": {
						"4.6667": [0, 0, 0],
						"5.0": {
							"pre": [23.52134, 11.65321, 41.84568],
							"post": [23.52134, 11.65321, 41.84568],
							"lerp_mode": "catmullrom"
						},
						"5.1667": {
							"post": [27.02134, 13.15321, 50.53318],
							"lerp_mode": "catmullrom"
						},
						"6.0": {
							"post": [23.77134, 12.65321, 46.84568],
							"lerp_mode": "catmullrom"
						},
						"6.2083": {
							"post": [5.4675, 2.6675, 10.565],
							"lerp_mode": "catmullrom"
						},
						"6.3333": {
							"post": [0, 0, 0],
							"lerp_mode": "catmullrom"
						}
					},
					"position": {
						"4.5": [0, 0, 0],
						"4.6667": {
							"pre": [0.375, -3.1875, -0.375],
							"post": [0.375, -3.1875, -0.375],
							"lerp_mode": "catmullrom"
						},
						"4.9583": {
							"post": [4.6875, -4, -2.75],
							"lerp_mode": "catmullrom"
						},
						"5.8333": {
							"post": [4.625, -4, -2.875],
							"lerp_mode": "catmullrom"
						},
						"6.2917": {
							"post": [0.375, -2.6875, -0.375],
							"lerp_mode": "catmullrom"
						},
						"6.4167": [0, 0, 0]
					}
				},
				"left": {
					"rotation": {
						"0.0": [96.46298, -388.94431, -144.09311],
						"2.2083": [96.46298, -388.94431, -144.09311],
						"6.5417": [96.46298, -388.94431, -144.09311],
						"6.75": {
							"pre": [113.85269, -369.27255, -117.46815],
							"post": [113.85269, -369.27255, -117.46815],
							"lerp_mode": "catmullrom"
						},
						"6.8333": [111.33, -396.16, -111.12],
						"7.375": {
							"pre": [97.38, -391.69, -141.03],
							"post": [97.38, -391.69, -141.03],
							"lerp_mode": "catmullrom"
						},
						"7.7083": [96.46298, -388.94431, -144.09311]
					},
					"position": {
						"0.0": [7.4, -5.7, -6.5],
						"0.25": {
							"pre": [7.4, -7.45, -7.9375],
							"post": [7.4, -7.45, -7.9375],
							"lerp_mode": "catmullrom"
						},
						"0.5": {
							"post": [7.4, -27.7, 2.5],
							"lerp_mode": "catmullrom"
						},
						"1.7083": {
							"post": [7.4, -27.7, 2.5],
							"lerp_mode": "catmullrom"
						},
						"2.2083": [7.4, -4.7, -9.5],
						"2.4583": [7.4, -4.7, -9.5],
						"2.5833": [7.4, -4.7, -7.5],
						"3.5": [7.4, -4.7, -7.5],
						"3.5833": [7.4, -4.7, -9.5],
						"3.9167": {
							"pre": [7.4, -5.2, -8.125],
							"post": [7.4, -5.2, -8.125],
							"lerp_mode": "catmullrom"
						},
						"4.375": [8.4, -5.7, 0.5],
						"6.5417": [8.4, -5.7, 0.5],
						"6.75": {
							"pre": [6.4, -16.7, 0],
							"post": [6.4, -16.7, 0],
							"lerp_mode": "catmullrom"
						},
						"6.8333": [6.4, -6.7, 0.5],
						"7.0833": {
							"pre": [6.66, -7.885, -0.27],
							"post": [6.66, -7.885, -0.27],
							"lerp_mode": "catmullrom"
						},
						"7.4167": {
							"post": [7.07, -5.28, -8.295],
							"lerp_mode": "catmullrom"
						},
						"7.7083": [7.4, -5.7, -6.5]
					},
					"scale": {
						"0.0": [1, 1.5, 1],
						"7.7083": [1, 1.5, 1]
					}
				},
				"right": {
					"rotation": [92.73772, 12.3071, -177.79539],
					"position": [-6.8, -5.45, 7.65],
					"scale": [1, 1.5, 1]
				},
				"gaizi": {
					"position": {
						"4.5": [0, 0, 0],
						"4.5833": [0, -0.4, 0],
						"6.4167": [0, -0.4, 0],
						"6.5": [0, 0, 0]
					}
				},
				"g2": {
					"position": {
						"4.5": [0, 0, 0],
						"4.5833": [0, 0, 3],
						"6.8333": [0, 0, 3],
						"6.9167": [0, 0, 0]
					}
				},
				"bone2": {
					"position": {
						"2.4583": [0, 0, 0],
						"2.5833": [0, 0, 3],
						"3.5": [0, 0, 3],
						"3.5833": [0, 0, 0],
						"4.5": [0, 0, 0],
						"4.5833": [0, 0, 3],
						"6.8333": [0, 0, 3],
						"6.9167": [0, 0, 0]
					}
				},
				"pump": {
					"position": {
						"2.4583": [0, 0, 0],
						"2.5833": [0, 0, 1],
						"3.5": [0, 0, 1],
						"3.5833": [0, 0, 0]
					}
				},
				"camera": {
					"rotation": {
						"0.0": {
							"post": [0, 0, 0],
							"lerp_mode": "catmullrom"
						},
						"0.25": {
							"post": [-0.125, 0.6875, 0],
							"lerp_mode": "catmullrom"
						},
						"0.6667": {
							"post": [-0.875, 0.9375, 0],
							"lerp_mode": "catmullrom"
						},
						"1.0": {
							"post": [-1, 1, 0],
							"lerp_mode": "catmullrom"
						},
						"1.7917": {
							"post": [-0.875, 0.75, 0.125],
							"lerp_mode": "catmullrom"
						},
						"2.2917": {
							"post": [0.5, -0.775, 0.875],
							"lerp_mode": "catmullrom"
						},
						"2.4167": {
							"post": [0.875, -1, 0.875],
							"lerp_mode": "catmullrom"
						},
						"2.5417": {
							"post": [1, -1, -0.5],
							"lerp_mode": "catmullrom"
						},
						"2.7083": {
							"post": [0.875, -1, 0.375],
							"lerp_mode": "catmullrom"
						},
						"2.9583": {
							"post": [0.5, -1.125, 0],
							"lerp_mode": "catmullrom"
						},
						"3.1667": {
							"post": [0.595, -1.125, -0.03],
							"lerp_mode": "catmullrom"
						},
						"3.4583": {
							"post": [0.5, -1, 0],
							"lerp_mode": "catmullrom"
						},
						"3.5417": {
							"post": [1.5, -1, -0.5],
							"lerp_mode": "catmullrom"
						},
						"3.625": {
							"post": [1.5, -1, 1],
							"lerp_mode": "catmullrom"
						},
						"3.75": {
							"post": [1.5, -1, -0.25],
							"lerp_mode": "catmullrom"
						},
						"3.875": {
							"post": [1.5, -0.75, 0.25],
							"lerp_mode": "catmullrom"
						},
						"4.0417": {
							"post": [0.5, -0.125, 0.0625],
							"lerp_mode": "catmullrom"
						},
						"4.2917": {
							"post": [-1.25, 0, 0],
							"lerp_mode": "catmullrom"
						},
						"4.5": {
							"post": [-0.98, 0.01, 0.125],
							"lerp_mode": "catmullrom"
						},
						"4.5833": {
							"post": [-0.5, 0, 1],
							"lerp_mode": "catmullrom"
						},
						"4.7083": {
							"post": [-0.125, -0.25, -0.5],
							"lerp_mode": "catmullrom"
						},
						"4.8333": {
							"post": [0, -0.625, -0.0625],
							"lerp_mode": "catmullrom"
						},
						"5.0": {
							"post": [0, -0.875, 0],
							"lerp_mode": "catmullrom"
						},
						"5.2917": {
							"post": [0.0625, -0.9825, -0.0525],
							"lerp_mode": "catmullrom"
						},
						"5.75": {
							"post": [-0.0625, -1.0525, 0.03],
							"lerp_mode": "catmullrom"
						},
						"6.0417": {
							"post": [0, -0.9375, 0.02],
							"lerp_mode": "catmullrom"
						},
						"6.2083": {
							"post": [0, -0.38, 0],
							"lerp_mode": "catmullrom"
						},
						"6.3333": {
							"post": [0, -0.25, -0.125],
							"lerp_mode": "catmullrom"
						},
						"6.4167": {
							"post": [0, -0.25, -1],
							"lerp_mode": "catmullrom"
						},
						"6.5417": {
							"post": [0, -0.25, 0.5],
							"lerp_mode": "catmullrom"
						},
						"6.7083": {
							"post": [0, -0.25, 0.0625],
							"lerp_mode": "catmullrom"
						},
						"6.8333": {
							"post": [0, -0.25, 0],
							"lerp_mode": "catmullrom"
						},
						"6.9167": {
							"post": [-0.0625, -0.25, 0.75],
							"lerp_mode": "catmullrom"
						},
						"7.0": {
							"post": [-0.25, -0.25, -0.5],
							"lerp_mode": "catmullrom"
						},
						"7.125": {
							"post": [-0.4375, -0.25, -0.125],
							"lerp_mode": "catmullrom"
						},
						"7.25": {
							"post": [-0.5, -0.25, 0],
							"lerp_mode": "catmullrom"
						},
						"7.4583": {
							"post": [-0.125, -0.0625, 0],
							"lerp_mode": "catmullrom"
						},
						"7.7083": {
							"post": [0, 0, 0],
							"lerp_mode": "catmullrom"
						}
					}
				},
				"bone": {
					"scale": 0
				}
			}
		}
	}
}