{
	"format_version": "1.8.0",
	"animations": {
		"static_idle": {
			"loop": true,
			"animation_length": 0.4,
			"bones": {
				"constraint2": {
					"rotation": [0.2, 0.2, 0.2],
					"position": [0, 0, 0]
				},
				"lefthand": {
					"rotation": [90.8048, -31.27324, -131.00752],
					"position": [15.525, -15, -1.2],
					"scale": [1, 1.5, 1]
				},
				"righthand": {
					"rotation": [94.51712, 4.98455, -179.60671],
					"position": [-5.70625, -11.4, 11.4],
					"scale": [1, 1.5, 1]
				},
				"constraint": {
					"rotation": [0.05, 0.2, 0.2],
					"position": [0.02, 0.05, 0.1]
				}
			}
		},
		"shoot": {
			"loop": true,
			"animation_length": 0.75,
			"bones": {
				"bolt": {
					"position": {
						"0.0": [0, 0, 0],
						"0.0333": [0, 0, -3.425],
						"0.1": [0, 0, 0]
					}
				},
				"charge_handle": {
					"position": {
						"0.0": [0, 0, 0],
						"0.0333": [0, 0, 0.5],
						"0.0833": [0, 0, 0]
					}
				},
				"charge_l": {
					"rotation": {
						"0.0167": [0, 0, 0],
						"0.0667": [0, -17, 0],
						"0.1167": [0, 0, 0],
						"0.1833": [0, 0, 0],
						"0.25": [0, -8, 0],
						"0.3167": [0, 0, 0]
					}
				},
				"charge_r": {
					"rotation": {
						"0.0": [0, 0, 0],
						"0.05": [0, 10.65, 0],
						"0.1": [0, 0, 0],
						"0.1667": [0, 0, 0],
						"0.2333": [0, 7.05, 0],
						"0.3": [0, 0, 0]
					}
				},
				"root": {
					"rotation": {
						"0.0": [0, 0, 0],
						"0.0333": [1.225, 0, 0.725],
						"0.0667": [-0.595, 0, -1.175],
						"0.1": [-0.72, 0, -1.225],
						"0.1667": [0.18, 0, 0.525],
						"0.2667": [0.45, 0, -0.25],
						"0.3667": [0.225, -0.2, 0.25],
						"0.5": [0.055, -0.075, -0.075],
						"0.6333": [0, 0, 0]
					},
					"position": {
						"0.0": [0, 0, 0],
						"0.0333": [0, -0.025, 1.725],
						"0.0667": [0, -0.05, 1.38],
						"0.1333": [0, -0.05, -0.045],
						"0.2667": [0, -0.025, 0.1],
						"0.3667": [0, 0, 0]
					}
				},
				"camera": {
					"rotation": {
						"0.0": {
							"post": [0, 0, 0],
							"lerp_mode": "catmullrom"
						},
						"0.0333": {
							"post": [0, 0, 0.6],
							"lerp_mode": "catmullrom"
						},
						"0.0667": {
							"post": [0, 0, -0.4],
							"lerp_mode": "catmullrom"
						},
						"0.1333": {
							"post": [0, 0, 0.325],
							"lerp_mode": "catmullrom"
						},
						"0.2": {
							"post": [0, 0, -0.225],
							"lerp_mode": "catmullrom"
						},
						"0.2667": {
							"post": [0, 0, 0],
							"lerp_mode": "catmullrom"
						},
						"0.3667": {
							"post": [0, 0, 0],
							"lerp_mode": "catmullrom"
						}
					}
				}
			}
		},
		"inspect": {
			"animation_length": 7.2,
			"bones": {
				"m95_bolt": {
					"position": {
						"4.3": [0, 0, 0],
						"4.3667": [0, 0, 4.15],
						"4.4333": [0, 0, 4.5],
						"4.5667": [0, 0, 4.3],
						"4.7667": [0, 0, 4.15],
						"5.1": [0, 0, 4.175],
						"5.2": [0, 0, 0]
					}
				},
				"rotate": {
					"rotation": {
						"4.1667": [0, 0, 0],
						"4.2667": [0, 0, 50],
						"5.3": [0, 0, 50],
						"5.3667": [0, 0, 0]
					}
				},
				"l3": {
					"rotation": {
						"0.6": [0, 0, 0],
						"0.7333": [-3, 0, 0],
						"0.8667": [0, 0, 0],
						"1.0": [-2, 0, 0],
						"3.4333": [-2, 0, 0],
						"3.5667": [0, 0, 0],
						"3.7": [-2, 0, 0],
						"3.8333": [-0.75, 0, 0],
						"3.9333": [4.375, 0, 0],
						"4.1": [-1.025, 0, 0],
						"4.2333": [2.25, 0, 0],
						"4.3667": [1.25, 0, 0],
						"4.5667": [2.25, 0, 0],
						"4.7667": [0.25, 0, 0],
						"4.9333": [1.25, 0, 0],
						"5.1": [2.25, 0, 0],
						"5.2": [2.25, 0, 0],
						"5.3667": [-0.425, 0, 0],
						"5.5": [3.95, 0, 0],
						"5.6333": [0.6, 0, 0],
						"5.8": [1.75, 0, 0],
						"5.9333": [0, 0, 0],
						"6.1667": [0, 0, 0],
						"6.3": [-3, 0, 0],
						"6.4333": [-2, 0, 0],
						"6.5667": [0, 0, 0],
						"6.7333": [-1, 0, 0],
						"6.8667": [0, 0, 0]
					}
				},
				"shell_ejection": {
					"position": {
						"4.3": [0, 0, 0],
						"4.3667": [0, 0, 4.15],
						"4.4333": [0, 0, 4.5],
						"4.5667": [0, 0, 4.3],
						"4.7667": [0, 0, 4.15],
						"5.1": [0, 0, 4.175],
						"5.2": [0, 0, 0]
					}
				},
				"bullet": {
					"scale": 0
				},
				"root": {
					"rotation": {
						"0.0": {
							"post": [0, 0, 0],
							"lerp_mode": "catmullrom"
						},
						"0.1667": {
							"post": [-1.38509, -1.24434, 4.29497],
							"lerp_mode": "catmullrom"
						},
						"0.2667": {
							"post": [-1.39, -1.24, 4.29],
							"lerp_mode": "catmullrom"
						},
						"0.4": {
							"post": [-3.91, -4.41, -2.02],
							"lerp_mode": "catmullrom"
						},
						"0.6667": {
							"post": [-10.80252, -12.68944, -19.80615],
							"lerp_mode": "catmullrom"
						},
						"0.8667": {
							"post": [-11.67934, -12.73253, -20.88586],
							"lerp_mode": "catmullrom"
						},
						"1.0": {
							"post": [-10.42561, -13.0448, -21.82949],
							"lerp_mode": "catmullrom"
						},
						"1.2": {
							"post": [-10.56428, -12.85979, -20.82188],
							"lerp_mode": "catmullrom"
						},
						"1.8667": {
							"post": [-10.39, -12.99, -21.57],
							"lerp_mode": "catmullrom"
						},
						"2.0333": {
							"post": [-10.9146, -13.35759, -23.13092],
							"lerp_mode": "catmullrom"
						},
						"2.3": {
							"post": [-10.25634, -13.50926, -24.0715],
							"lerp_mode": "catmullrom"
						},
						"2.6667": {
							"post": [-10.31, -13.4275, -24.0075],
							"lerp_mode": "catmullrom"
						},
						"2.7667": {
							"post": [-10.01823, -12.01652, -22.39677],
							"lerp_mode": "catmullrom"
						},
						"3.0": {
							"post": [-6.0733, -2.55567, -8.68449],
							"lerp_mode": "catmullrom"
						},
						"3.1667": {
							"post": [-3.30816, -6.55161, -3.15758],
							"lerp_mode": "catmullrom"
						},
						"3.3": {
							"post": [-11.99539, -6.2465, 14.78107],
							"lerp_mode": "catmullrom"
						},
						"3.4": {
							"post": [-24.07317, -0.97391, 28.22222],
							"lerp_mode": "catmullrom"
						},
						"3.6": {
							"post": [-32.28365, 5.59754, 44.62545],
							"lerp_mode": "catmullrom"
						},
						"3.7": {
							"post": [-32.44664, 5.36815, 46.1821],
							"lerp_mode": "catmullrom"
						},
						"3.7667": {
							"post": [-31.38661, 6.16105, 47.33802],
							"lerp_mode": "catmullrom"
						},
						"3.9": {
							"post": [-31.60382, 7.93459, 52.29084],
							"lerp_mode": "catmullrom"
						},
						"4.1667": {
							"post": [-33.84674, 6.64885, 47.50441],
							"lerp_mode": "catmullrom"
						},
						"4.3333": {
							"post": [-31.80789, 9.10999, 51.06287],
							"lerp_mode": "catmullrom"
						},
						"4.5": {
							"post": [-33.34556, 7.01589, 47.88054],
							"lerp_mode": "catmullrom"
						},
						"4.7333": {
							"post": [-32.04707, 7.50249, 48.73097],
							"lerp_mode": "catmullrom"
						},
						"5.4": {
							"post": [-32.7588, 8.96748, 49.78305],
							"lerp_mode": "catmullrom"
						},
						"5.6": {
							"post": [-21.80021, -1.92924, 39.7835],
							"lerp_mode": "catmullrom"
						},
						"5.7333": {
							"post": [-11.32385, -8.47574, 19.6574],
							"lerp_mode": "catmullrom"
						},
						"5.8333": {
							"post": [-3.97708, -7.46886, 2.34726],
							"lerp_mode": "catmullrom"
						},
						"5.9": {
							"post": [-2.77467, -6.47288, 5.91111],
							"lerp_mode": "catmullrom"
						},
						"5.9667": {
							"post": [-1.20016, -5.6579, 3.74312],
							"lerp_mode": "catmullrom"
						},
						"6.1": {
							"post": [1.76605, -3.2563, 4.9369],
							"lerp_mode": "catmullrom"
						},
						"6.1667": {
							"post": [1.78811, -2.65564, 4.66491],
							"lerp_mode": "catmullrom"
						},
						"6.2667": {
							"post": [0.8, -0.92, 3.05],
							"lerp_mode": "catmullrom"
						},
						"6.3333": {
							"post": [-0.30298, 0.34027, -1.56498],
							"lerp_mode": "catmullrom"
						},
						"6.4667": {
							"post": [0.2321, 0.0577, 2.25602],
							"lerp_mode": "catmullrom"
						},
						"6.6667": {
							"post": [0, 0, 0],
							"lerp_mode": "catmullrom"
						}
					},
					"position": {
						"0.0": {
							"post": [0, 0, 0],
							"lerp_mode": "catmullrom"
						},
						"0.1667": {
							"post": [-0.2, -0.31, 0],
							"lerp_mode": "catmullrom"
						},
						"0.3": {
							"post": [-0.2, -0.81, 0],
							"lerp_mode": "catmullrom"
						},
						"0.4": {
							"post": [-0.18, -0.4, 0],
							"lerp_mode": "catmullrom"
						},
						"0.5": {
							"post": [-0.14, 0.42, 0],
							"lerp_mode": "catmullrom"
						},
						"0.6667": {
							"post": [0, 2.8, 0],
							"lerp_mode": "catmullrom"
						},
						"0.7667": {
							"post": [0, 3.3, 0],
							"lerp_mode": "catmullrom"
						},
						"0.9667": {
							"post": [0, 3, 0],
							"lerp_mode": "catmullrom"
						},
						"1.2667": {
							"post": [0, 3.1, 0],
							"lerp_mode": "catmullrom"
						},
						"1.8667": {
							"post": [0, 3.17, 0],
							"lerp_mode": "catmullrom"
						},
						"2.0": {
							"post": [-0.1, 3.37, 0],
							"lerp_mode": "catmullrom"
						},
						"2.6": {
							"post": [-0.14, 3.53, -0.02],
							"lerp_mode": "catmullrom"
						},
						"2.7667": {
							"post": [-0.1, 3.345, 0],
							"lerp_mode": "catmullrom"
						},
						"2.8667": {
							"post": [0.4, 2.38, 0.23],
							"lerp_mode": "catmullrom"
						},
						"3.0": {
							"post": [1.875, -0.58, -0.855],
							"lerp_mode": "catmullrom"
						},
						"3.1667": {
							"post": [3.25, -1.13, -1.83],
							"lerp_mode": "catmullrom"
						},
						"3.4": {
							"post": [5.905, 3.385, -3.895],
							"lerp_mode": "catmullrom"
						},
						"3.5": {
							"post": [7.58, 4.975, -5.215],
							"lerp_mode": "catmullrom"
						},
						"3.6": {
							"post": [8.74, 4.71, -5.795],
							"lerp_mode": "catmullrom"
						},
						"3.7": {
							"post": [8.8, 3.5, -6.125],
							"lerp_mode": "catmullrom"
						},
						"3.8333": {
							"post": [8.8, 3.4, -6.4],
							"lerp_mode": "catmullrom"
						},
						"3.9667": {
							"post": [8.925, 3.975, -6.65],
							"lerp_mode": "catmullrom"
						},
						"4.1333": {
							"post": [8.775, 4.03, -6.145],
							"lerp_mode": "catmullrom"
						},
						"4.2667": {
							"post": [8.78, 4.07, -6.345],
							"lerp_mode": "catmullrom"
						},
						"4.4": {
							"post": [8.85625, 4.0125, -6.875],
							"lerp_mode": "catmullrom"
						},
						"4.5333": {
							"post": [8.7175, 3.995, -6.56375],
							"lerp_mode": "catmullrom"
						},
						"4.8333": {
							"post": [8.585, 3.88125, -6.685],
							"lerp_mode": "catmullrom"
						},
						"5.4667": {
							"post": [7.93, 2.62, -6.015],
							"lerp_mode": "catmullrom"
						},
						"5.6333": {
							"post": [5.525, -1.04, -4.065],
							"lerp_mode": "catmullrom"
						},
						"5.7667": {
							"post": [3.235, -5.1, -4.215],
							"lerp_mode": "catmullrom"
						},
						"5.9333": {
							"post": [2.36, -4.48, -4.4],
							"lerp_mode": "catmullrom"
						},
						"6.1": {
							"post": [1.305, -1.125, -4.24],
							"lerp_mode": "catmullrom"
						},
						"6.2333": {
							"post": [0.79, 0.215, -2.5],
							"lerp_mode": "catmullrom"
						},
						"6.4": {
							"post": [0.125, -0.575, 0.275],
							"lerp_mode": "catmullrom"
						},
						"6.5": {
							"post": [0, -0.32875, -0.44],
							"lerp_mode": "catmullrom"
						},
						"6.6333": {
							"post": [0, -0.02, 0.17],
							"lerp_mode": "catmullrom"
						},
						"6.8": {
							"post": [0, 0, 0],
							"lerp_mode": "catmullrom"
						}
					}
				},
				"lefthand": {
					"rotation": [90.8048, -31.27324, -131.00752],
					"position": [15.525, -15, -1.2],
					"scale": [1, 1.5, 1]
				},
				"righthand": {
					"rotation": [94.51712, 4.98455, -179.60671],
					"position": [-5.70625, -11.4, 11.4],
					"scale": [1, 1.5, 1]
				},
				"camera": {
					"rotation": {
						"0.0": {
							"post": [0, 0, 0],
							"lerp_mode": "catmullrom"
						},
						"0.2667": {
							"post": [0.55, 0, 0],
							"lerp_mode": "catmullrom"
						},
						"0.6667": {
							"post": [-2.425, -0.25, -0.85],
							"lerp_mode": "catmullrom"
						},
						"0.8": {
							"post": [-2.21, -0.31, -0.65],
							"lerp_mode": "catmullrom"
						},
						"1.0": {
							"post": [-2.895, -0.38, -0.86],
							"lerp_mode": "catmullrom"
						},
						"1.3667": {
							"post": [-2.455, -0.25, -0.85],
							"lerp_mode": "catmullrom"
						},
						"1.7333": {
							"post": [4.925, 3.15, -1.425],
							"lerp_mode": "catmullrom"
						},
						"2.1": {
							"post": [6.075, 3.65, -1.425],
							"lerp_mode": "catmullrom"
						},
						"2.7333": {
							"post": [6.075, 3.85, -1.35],
							"lerp_mode": "catmullrom"
						},
						"3.1333": {
							"post": [1.525, 0, 0],
							"lerp_mode": "catmullrom"
						},
						"3.4": {
							"post": [0.955, -1.9, 1.35],
							"lerp_mode": "catmullrom"
						},
						"3.6333": {
							"post": [1.64, -1.97, 1.74],
							"lerp_mode": "catmullrom"
						},
						"3.7333": {
							"post": [2.11, -1.9, 2.025],
							"lerp_mode": "catmullrom"
						},
						"3.8667": {
							"post": [1.665, -1.83, 1.515],
							"lerp_mode": "catmullrom"
						},
						"4.0667": {
							"post": [2.14, -1.975, 1.85],
							"lerp_mode": "catmullrom"
						},
						"4.2333": {
							"post": [3.62, -2.97, 2.02],
							"lerp_mode": "catmullrom"
						},
						"4.3333": {
							"post": [4.83, -3.62, 2.94],
							"lerp_mode": "catmullrom"
						},
						"4.4333": {
							"post": [4.55, -3.96, 1.625],
							"lerp_mode": "catmullrom"
						},
						"4.5667": {
							"post": [5.36, -3.99, 2.385],
							"lerp_mode": "catmullrom"
						},
						"4.7333": {
							"post": [5.21, -4.01, 2.22],
							"lerp_mode": "catmullrom"
						},
						"4.9333": {
							"post": [5.24, -4.05, 1.775],
							"lerp_mode": "catmullrom"
						},
						"5.3667": {
							"post": [1.46, -3.3, 1.675],
							"lerp_mode": "catmullrom"
						},
						"5.7": {
							"post": [1.11, 0, 0],
							"lerp_mode": "catmullrom"
						},
						"6.0": {
							"post": [-1.3, 0, -0.775],
							"lerp_mode": "catmullrom"
						},
						"6.2333": {
							"post": [-1.3, 0, 0],
							"lerp_mode": "catmullrom"
						},
						"6.3667": {
							"post": [-0.15, 0, 0.15],
							"lerp_mode": "catmullrom"
						},
						"6.4667": {
							"post": [0.48, 0, 0.6],
							"lerp_mode": "catmullrom"
						},
						"6.6": {
							"post": [-0.22, 0, -0.525],
							"lerp_mode": "catmullrom"
						},
						"6.7667": {
							"post": [0, 0, 0],
							"lerp_mode": "catmullrom"
						}
					}
				}
			},
			"sound_effects": {
				"0.0667": {
					"effect": "tacz:m95/m95_inspect_raise"
				},
				"2.8": {
					"effect": "tacz:m95/m95_inspect_rotate"
				},
				"3.2667": {
					"effect": "tacz:m95/m95_inspect_shoulder"
				},
				"6.3": {
					"effect": "tacz:m95/m95_inspect_end"
				}
			}
		},
		"reload_tactical": {
			"animation_length": 4.7,
			"bones": {
				"root": {
					"rotation": {
						"0.0": {
							"post": [0, 0, 0],
							"lerp_mode": "catmullrom"
						},
						"0.15": {
							"post": [-3.20127, -3.07695, -1.78944],
							"lerp_mode": "catmullrom"
						},
						"0.3": {
							"post": [-13.97, -1.75125, -11.33],
							"lerp_mode": "catmullrom"
						},
						"0.35": {
							"post": [-16.41043, -2.87458, -15.099],
							"lerp_mode": "catmullrom"
						},
						"0.4": {
							"post": [-18.13432, -1.44164, -12.19443],
							"lerp_mode": "catmullrom"
						},
						"0.5": {
							"post": [-18.21036, -1.43855, -14.00979],
							"lerp_mode": "catmullrom"
						},
						"0.6": {
							"post": [-17.8, -2.04125, -12.49],
							"lerp_mode": "catmullrom"
						},
						"0.7": {
							"post": [-17.43666, -3.86167, -12.43741],
							"lerp_mode": "catmullrom"
						},
						"0.85": {
							"post": [-17.90681, -4.46077, -13.12473],
							"lerp_mode": "catmullrom"
						},
						"0.95": {
							"post": [-16.54, -5.07125, -18.03],
							"lerp_mode": "catmullrom"
						},
						"1.05": {
							"post": [-15.62692, -4.62862, -14.41546],
							"lerp_mode": "catmullrom"
						},
						"1.15": {
							"post": [-15.98028, -4.83815, -16.24945],
							"lerp_mode": "catmullrom"
						},
						"1.25": {
							"post": [-16.49, -4.10125, -14.39],
							"lerp_mode": "catmullrom"
						},
						"1.35": {
							"post": [-16.53832, -3.9979, -14.51685],
							"lerp_mode": "catmullrom"
						},
						"1.45": {
							"post": [-16.17556, -4.56457, -17.97802],
							"lerp_mode": "catmullrom"
						},
						"1.6": {
							"post": [-16.58255, -7.98343, -25.61325],
							"lerp_mode": "catmullrom"
						},
						"1.7": {
							"post": [-19.2722, -8.07671, -28.13582],
							"lerp_mode": "catmullrom"
						},
						"1.75": {
							"post": [-20.05845, -7.73942, -29.55901],
							"lerp_mode": "catmullrom"
						},
						"1.8": {
							"post": [-20.05812, -7.86125, -29.96375],
							"lerp_mode": "catmullrom"
						},
						"1.9": {
							"post": [-19.61203, -8.92125, -30.25375],
							"lerp_mode": "catmullrom"
						},
						"2.0": {
							"post": [-19.15594, -9.21125, -29.81375],
							"lerp_mode": "catmullrom"
						},
						"2.05": {
							"post": [-19.39933, -9.11526, -29.83487],
							"lerp_mode": "catmullrom"
						},
						"2.15": {
							"post": [-18.57817, -5.91257, -28.89092],
							"lerp_mode": "catmullrom"
						},
						"2.4": {
							"post": [-16.63017, -6.90509, -32.91995],
							"lerp_mode": "catmullrom"
						},
						"2.45": {
							"post": [-16.83766, -7.44125, -29.72375],
							"lerp_mode": "catmullrom"
						},
						"2.8": {
							"post": [-17.33766, -7.53125, -27.72375],
							"lerp_mode": "catmullrom"
						},
						"2.85": {
							"post": [-16.91609, -6.90481, -22.60174],
							"lerp_mode": "catmullrom"
						},
						"3.2": {
							"post": [-6.19875, -3.82658, -0.5644],
							"lerp_mode": "catmullrom"
						},
						"3.35": {
							"post": [-7.05067, -2.00156, 10.65747],
							"lerp_mode": "catmullrom"
						},
						"3.4": {
							"post": [-7.52844, -1.90953, 11],
							"lerp_mode": "catmullrom"
						},
						"3.5": {
							"post": [-8.53268, -3.27654, 12.62551],
							"lerp_mode": "catmullrom"
						},
						"3.55": {
							"post": [-8.72844, -2.73953, 13.74],
							"lerp_mode": "catmullrom"
						},
						"3.7": {
							"post": [-8.44775, -2.7528, 11.89159],
							"lerp_mode": "catmullrom"
						},
						"3.8": {
							"post": [-5.70228, -0.35019, 17.2522],
							"lerp_mode": "catmullrom"
						},
						"3.9": {
							"post": [-3.84844, -1.02953, 15.56],
							"lerp_mode": "catmullrom"
						},
						"4.0": {
							"post": [0.85156, -0.84953, 13.73],
							"lerp_mode": "catmullrom"
						},
						"4.2": {
							"post": [-6.17059, -1.3766, 4.49142],
							"lerp_mode": "catmullrom"
						},
						"4.35": {
							"post": [-0.25, -0.8, -1.3],
							"lerp_mode": "catmullrom"
						},
						"4.45": {
							"post": [0, 0.1, 0.9],
							"lerp_mode": "catmullrom"
						},
						"4.6": {
							"post": [0, 0, -0.2],
							"lerp_mode": "catmullrom"
						},
						"4.7": {
							"post": [0, 0, 0],
							"lerp_mode": "catmullrom"
						}
					},
					"position": {
						"0.0": {
							"post": [0, 0, 0],
							"lerp_mode": "catmullrom"
						},
						"0.1": {
							"post": [-0.07047, -1.25859, -0.14609],
							"lerp_mode": "catmullrom"
						},
						"0.25": {
							"post": [-0.29125, -1.09547, -1.6225],
							"lerp_mode": "catmullrom"
						},
						"0.35": {
							"post": [-0.30781, -0.04766, -1.825],
							"lerp_mode": "catmullrom"
						},
						"0.45": {
							"post": [-0.35781, 0.25234, -0.06719],
							"lerp_mode": "catmullrom"
						},
						"0.55": {
							"post": [-0.38281, 0.06234, 0.55281],
							"lerp_mode": "catmullrom"
						},
						"0.65": {
							"post": [-0.30781, 0.05234, 0.30781],
							"lerp_mode": "catmullrom"
						},
						"0.75": {
							"post": [-0.34, 0.08, 0.31],
							"lerp_mode": "catmullrom"
						},
						"0.8": {
							"post": [-0.18281, 0.08593, 0.30781],
							"lerp_mode": "catmullrom"
						},
						"0.95": {
							"post": [0.19219, -0.66953, 0.30781],
							"lerp_mode": "catmullrom"
						},
						"1.1": {
							"post": [0.04219, -0.94922, 0.30781],
							"lerp_mode": "catmullrom"
						},
						"1.3": {
							"post": [-0.30781, -0.33203, 0.30781],
							"lerp_mode": "catmullrom"
						},
						"1.45": {
							"post": [-0.30781, 0.10234, 0.30781],
							"lerp_mode": "catmullrom"
						},
						"1.55": {
							"post": [-0.60781, 0.30234, 0.30781],
							"lerp_mode": "catmullrom"
						},
						"1.7": {
							"post": [-0.58281, 0.75234, 0.30781],
							"lerp_mode": "catmullrom"
						},
						"1.85": {
							"post": [-0.57781, 0.59234, 0.28781],
							"lerp_mode": "catmullrom"
						},
						"2.1": {
							"post": [-0.48281, 0.67734, 0.30781],
							"lerp_mode": "catmullrom"
						},
						"2.15": {
							"post": [-0.055, -0.31766, 0.60781],
							"lerp_mode": "catmullrom"
						},
						"2.45": {
							"post": [-0.19172, -0.79813, 0.1],
							"lerp_mode": "catmullrom"
						},
						"2.85": {
							"post": [-0.19172, -0.34188, 0.43594],
							"lerp_mode": "catmullrom"
						},
						"3.2": {
							"post": [-0.40172, -1.90984, 0.79438],
							"lerp_mode": "catmullrom"
						},
						"3.35": {
							"post": [-0.80281, -1.51594, 0.83438],
							"lerp_mode": "catmullrom"
						},
						"3.45": {
							"post": [-0.73, -1.37, 0.82],
							"lerp_mode": "catmullrom"
						},
						"3.5": {
							"post": [-0.68781, -1.89969, 0.35938],
							"lerp_mode": "catmullrom"
						},
						"3.6": {
							"post": [-0.71281, -1.29969, -0.00562],
							"lerp_mode": "catmullrom"
						},
						"3.7": {
							"post": [-0.78781, -1.32469, -0.06562],
							"lerp_mode": "catmullrom"
						},
						"3.8": {
							"post": [-0.78781, -1.35516, 0.69406],
							"lerp_mode": "catmullrom"
						},
						"3.9": {
							"post": [-0.98781, -1.87078, 0.49406],
							"lerp_mode": "catmullrom"
						},
						"4.05": {
							"post": [-0.70109, -4.88781, -1.05453],
							"lerp_mode": "catmullrom"
						},
						"4.2": {
							"post": [-0.50703, -1.30984, -2.51891],
							"lerp_mode": "catmullrom"
						},
						"4.3": {
							"post": [-0.28, -0.70906, -1.46719],
							"lerp_mode": "catmullrom"
						},
						"4.35": {
							"post": [-0.16, -0.55, 0.60407],
							"lerp_mode": "catmullrom"
						},
						"4.4": {
							"post": [-0.06641, -0.37187, 0.50312],
							"lerp_mode": "catmullrom"
						},
						"4.5": {
							"post": [-0.02, -0.1, -0.21594],
							"lerp_mode": "catmullrom"
						},
						"4.6": {
							"post": [0, 0, -0.13672],
							"lerp_mode": "catmullrom"
						},
						"4.7": {
							"post": [0, 0, 0],
							"lerp_mode": "catmullrom"
						}
					}
				},
				"lefthand": {
					"rotation": {
						"0.0": [90.8048, -31.27324, -131.00752],
						"0.15": {
							"pre": [100.25482, -32.19326, -129.25715],
							"post": [100.25482, -32.19326, -129.25715],
							"lerp_mode": "catmullrom"
						},
						"0.3": {
							"post": [90.8048, -31.27324, -131.00752],
							"lerp_mode": "catmullrom"
						},
						"0.5": [116.4136, -22.44744, -206.89084],
						"0.55": [123.60864, -42.03119, -220.14007],
						"0.75": [119.71999, -54.16445, -205.19866],
						"0.95": {
							"pre": [102.77893, -55.62881, -173.56307],
							"post": [102.77893, -55.62881, -173.56307],
							"lerp_mode": "catmullrom"
						},
						"1.05": {
							"post": [102.77893, -55.62881, -173.56307],
							"lerp_mode": "catmullrom"
						},
						"1.15": [129.82935, -50.06604, -228.7518],
						"1.25": [119.54092, -33.50033, -213.52118],
						"1.35": {
							"pre": [133.63923, 0.60232, -225.61212],
							"post": [133.63923, 0.60232, -225.61212],
							"lerp_mode": "catmullrom"
						},
						"1.4": {
							"post": [133.63923, 0.60232, -225.61212],
							"lerp_mode": "catmullrom"
						},
						"1.95": [94.05549, -23.29996, -197.24305],
						"2.15": [144.76769, -40.586, -198.90312],
						"2.3": [102.26769, -40.586, -198.90312],
						"2.45": [110.387, -58.61887, -191.11458],
						"2.6": [117.47967, -40.72318, -192.47317],
						"3.0": {
							"pre": [147.03033, -44.26409, -213.81181],
							"post": [147.03033, -44.26409, -213.81181],
							"lerp_mode": "catmullrom"
						},
						"3.2": [126.0773, 31.43308, -265.02005],
						"3.3": [120.10752, 21.7553, -271.9564],
						"3.4": [134.12231, 42.25119, -252.82454],
						"3.5": [142.05644, 24.69941, -269.87717],
						"3.55": {
							"pre": [105.95478, 31.45751, -276.95181],
							"post": [105.95478, 31.45751, -276.95181],
							"lerp_mode": "catmullrom"
						},
						"3.6": {
							"post": [117.51258, 28.78207, -266.6437],
							"lerp_mode": "catmullrom"
						},
						"3.65": {
							"post": [115.51258, 28.78207, -266.6437],
							"lerp_mode": "catmullrom"
						},
						"3.75": [147.60786, 32.07459, -271.38781],
						"3.8": [145.01258, 28.78207, -266.6437],
						"3.9": {
							"pre": [129.00265, -15.26395, -205.31163],
							"post": [129.00265, -15.26395, -205.31163],
							"lerp_mode": "catmullrom"
						},
						"3.95": {
							"post": [90.8048, -31.27324, -131.00752],
							"lerp_mode": "catmullrom"
						},
						"4.05": [90.8048, -31.27324, -131.00752]
					},
					"position": {
						"0.0": [15.525, -15, -1.2],
						"0.3": {
							"pre": [8.425, -9.5, -6.2],
							"post": [8.425, -9.5, -6.2],
							"lerp_mode": "catmullrom"
						},
						"0.45": {
							"post": [8.325, -9.8, -1.905],
							"lerp_mode": "catmullrom"
						},
						"0.6": {
							"post": [1.325, -9.8, -0.905],
							"lerp_mode": "catmullrom"
						},
						"0.75": {
							"post": [-0.675, -9.8, -0.905],
							"lerp_mode": "catmullrom"
						},
						"0.9": {
							"post": [-0.675, -9.8, -0.905],
							"lerp_mode": "catmullrom"
						},
						"1.15": {
							"post": [-2.675, -9.8, -2.905],
							"lerp_mode": "catmullrom"
						},
						"1.2": {
							"post": [-1.675, -9.8, -1.905],
							"lerp_mode": "catmullrom"
						},
						"1.25": {
							"post": [0.74453, -5.9, 0],
							"lerp_mode": "catmullrom"
						},
						"1.35": {
							"post": [4.74453, -2.9, 0],
							"lerp_mode": "catmullrom"
						},
						"1.4": {
							"post": [4.74453, -2.9, 0],
							"lerp_mode": "catmullrom"
						},
						"1.6": {
							"post": [13.84453, -10.9, 4.8],
							"lerp_mode": "catmullrom"
						},
						"1.95": [19.16982, -23.89335, 2.20178],
						"2.05": [16.18041, -15.78014, 2.21293],
						"2.15": [12.18041, -8.78014, 4.21293],
						"2.3": [3.18041, -4.78014, -0.78707],
						"2.45": [-0.90656, -11.96, -2.68],
						"2.6": [7.87344, -12.8, -0.6],
						"3.0": {
							"pre": [4.59, -9.45, -0.82],
							"post": [4.59, -9.45, -0.82],
							"lerp_mode": "catmullrom"
						},
						"3.1": {
							"post": [4.49, -9.76, -1.13],
							"lerp_mode": "catmullrom"
						},
						"3.2": [9.15, -5.4, -4.1],
						"3.3": [9.17094, -5.4, -3.95313],
						"3.4": [9.57969, 5.6, -1.53282],
						"3.5": [4.41719, -11.4, 1.35625],
						"3.65": [9.41719, -5.4, 1.35625],
						"3.75": [9.23125, -5.4, -4.9],
						"3.8": [9.23125, -5.4, -4.9],
						"3.9": {
							"pre": [10, -8.92, -4.05],
							"post": [10, -8.92, -4.05],
							"lerp_mode": "catmullrom"
						},
						"3.95": {
							"post": [8.7, -10.775, -6.2],
							"lerp_mode": "catmullrom"
						},
						"4.05": [15.525, -15, -1.2]
					},
					"scale": {
						"0.0": [1, 1.5, 1],
						"4.05": [1, 1.5, 1]
					}
				},
				"mag": {
					"rotation": {
						"1.2": [0, 0, 0],
						"1.3": [0, 0, 15],
						"1.4": [6.75816, -11.52054, 59.31748],
						"1.85": [20, 0, 0],
						"1.95": [20, 0, 0],
						"2.15": [-12, 0, 0],
						"2.3": [-9.84783, -0.35802, -2.97858],
						"2.4": [-3.92392, -0.17901, -1.48929],
						"2.5": [-1.96, -0.09, -0.74],
						"3.45": [-1.96, -0.09, -0.74],
						"3.5": [0, 0, 0]
					},
					"position": {
						"1.2": [0, 0, 0],
						"1.25": [2, 3.23, 1.62578],
						"1.3": [3, 6.89, 2.335],
						"1.4": [1, 8.2, 2.89219],
						"1.55": [12.24131, 0.05641, 9.05816],
						"1.7": [1.69506, -22.27835, 9.04581],
						"1.85": [16.70351, -10.86903, 8.48137],
						"1.95": [20.2, -13.67344, 5.86375],
						"2.05": [17.2, -4.67344, 5.86375],
						"2.15": [13.2, 0.32656, 5.86375],
						"2.3": [4.2, 4.32656, 0.86375],
						"2.4": [0.25, 0.91, -0.83984],
						"2.5": [0.13, 0.30436, -0.42],
						"3.45": [0.13, 0.30436, -0.42],
						"3.5": [0, 0, 0]
					}
				},
				"gti": {
					"rotation": {
						"1.05": [0, 0, 0],
						"1.15": [0, 0, 100],
						"1.25": [0, 0, 145],
						"2.4": [0, 0, 145],
						"2.5": [0, 0, 0]
					}
				},
				"righthand": {
					"rotation": {
						"0.0": [94.51712, 4.98455, -179.60671],
						"4.05": [94.51712, 4.98455, -179.60671]
					},
					"position": {
						"0.0": [-5.70625, -11.4, 11.4],
						"4.05": [-5.70625, -11.4, 11.4]
					},
					"scale": {
						"0.0": [1, 1.5, 1],
						"4.05": [1, 1.5, 1]
					}
				},
				"camera": {
					"rotation": {
						"0.0": {
							"post": [0, 0, 0],
							"lerp_mode": "catmullrom"
						},
						"0.15": {
							"post": [0.21984, 0.11719, 0],
							"lerp_mode": "catmullrom"
						},
						"0.4": {
							"post": [2.63672, 0.65625, -1.04297],
							"lerp_mode": "catmullrom"
						},
						"0.75": {
							"post": [2.45641, 0.92578, -1.04297],
							"lerp_mode": "catmullrom"
						},
						"0.85": {
							"post": [3.08688, 0.69531, -0.42578],
							"lerp_mode": "catmullrom"
						},
						"1.0": {
							"post": [2.71969, 0.57813, -1.54687],
							"lerp_mode": "catmullrom"
						},
						"1.2": {
							"post": [2.97563, 0.69531, -1.04297],
							"lerp_mode": "catmullrom"
						},
						"1.55": {
							"post": [2.88906, 0.65625, -1.04297],
							"lerp_mode": "catmullrom"
						},
						"1.7": {
							"post": [3.37, 0.87, -1.04297],
							"lerp_mode": "catmullrom"
						},
						"1.75": {
							"post": [3.55, 0.95, -0.88672],
							"lerp_mode": "catmullrom"
						},
						"1.85": {
							"post": [3.85969, 1.08203, -1.08203],
							"lerp_mode": "catmullrom"
						},
						"2.1": {
							"post": [3.89, 1.08203, -1.04297],
							"lerp_mode": "catmullrom"
						},
						"2.2": {
							"post": [4.33266, 1.08203, -0.38672],
							"lerp_mode": "catmullrom"
						},
						"2.3": {
							"post": [3.57875, 1.08203, -1.46875],
							"lerp_mode": "catmullrom"
						},
						"2.45": {
							"post": [3.21875, 0.76953, -0.88672],
							"lerp_mode": "catmullrom"
						},
						"2.6": {
							"post": [1.45141, 0.50391, -1.04297],
							"lerp_mode": "catmullrom"
						},
						"2.7": {
							"post": [1.13, 0.49, -1.05297],
							"lerp_mode": "catmullrom"
						},
						"2.8": {
							"post": [1.10234, 0.50391, -0.61719],
							"lerp_mode": "catmullrom"
						},
						"2.85": {
							"post": [1.62, 0.50391, -1.35156],
							"lerp_mode": "catmullrom"
						},
						"3.0": {
							"post": [1.43, 0.50391, -1.04297],
							"lerp_mode": "catmullrom"
						},
						"3.1": {
							"post": [2.20437, 0.50391, -0.46484],
							"lerp_mode": "catmullrom"
						},
						"3.2": {
							"post": [1.90984, 0.50391, -1.08203],
							"lerp_mode": "catmullrom"
						},
						"3.35": {
							"post": [2.1, 0.24, -0.91531],
							"lerp_mode": "catmullrom"
						},
						"3.45": {
							"post": [2.195, 0.07813, -0.73437],
							"lerp_mode": "catmullrom"
						},
						"3.65": {
							"post": [-0.21094, 0, -0.30859],
							"lerp_mode": "catmullrom"
						},
						"3.75": {
							"post": [0.17188, 0, 0.38672],
							"lerp_mode": "catmullrom"
						},
						"3.85": {
							"post": [-0.14062, 0, -0.15625],
							"lerp_mode": "catmullrom"
						},
						"4.0": {
							"post": [0, 0, 0],
							"lerp_mode": "catmullrom"
						}
					}
				}
			},
			"sound_effects": {
				"0.0": {
					"effect": "aa12_reload_raise"
				},
				"0.75": {
					"effect": "aa12_reload_empty_magout"
				},
				"1.35": {
					"effect": "iw8_phys_mag_drop_br_poly_dirt_03"
				},
				"1.6": {
					"effect": "aa12_reload_drum_mvmnt"
				},
				"1.9": {
					"effect": "aa12_reload_empty_magin"
				},
				"2.5": {
					"effect": "wfoly_sh_jak12_reload_empty_boltpull"
				},
				"2.9": {
					"effect": "aa12_reload_empty_fast_drum_boltforward"
				},
				"3.15": {
					"effect": "aa12_reload_empty_end"
				}
			}
		},
		"reload_empty": {
			"animation_length": 4.7,
			"bones": {
				"root": {
					"rotation": {
						"0.0": {
							"post": [0, 0, 0],
							"lerp_mode": "catmullrom"
						},
						"0.15": {
							"post": [-3.20127, -3.07695, -1.78944],
							"lerp_mode": "catmullrom"
						},
						"0.3": {
							"post": [-13.97, -1.75125, -11.33],
							"lerp_mode": "catmullrom"
						},
						"0.35": {
							"post": [-16.41043, -2.87458, -15.099],
							"lerp_mode": "catmullrom"
						},
						"0.4": {
							"post": [-18.13432, -1.44164, -12.19443],
							"lerp_mode": "catmullrom"
						},
						"0.5": {
							"post": [-18.21036, -1.43855, -14.00979],
							"lerp_mode": "catmullrom"
						},
						"0.6": {
							"post": [-17.8, -2.04125, -12.49],
							"lerp_mode": "catmullrom"
						},
						"0.7": {
							"post": [-17.43666, -3.86167, -12.43741],
							"lerp_mode": "catmullrom"
						},
						"0.85": {
							"post": [-17.90681, -4.46077, -13.12473],
							"lerp_mode": "catmullrom"
						},
						"0.95": {
							"post": [-16.54, -5.07125, -18.03],
							"lerp_mode": "catmullrom"
						},
						"1.05": {
							"post": [-15.62692, -4.62862, -14.41546],
							"lerp_mode": "catmullrom"
						},
						"1.15": {
							"post": [-15.98028, -4.83815, -16.24945],
							"lerp_mode": "catmullrom"
						},
						"1.25": {
							"post": [-16.49, -4.10125, -14.39],
							"lerp_mode": "catmullrom"
						},
						"1.35": {
							"post": [-16.53832, -3.9979, -14.51685],
							"lerp_mode": "catmullrom"
						},
						"1.45": {
							"post": [-16.17556, -4.56457, -17.97802],
							"lerp_mode": "catmullrom"
						},
						"1.6": {
							"post": [-16.58255, -7.98343, -25.61325],
							"lerp_mode": "catmullrom"
						},
						"1.7": {
							"post": [-19.2722, -8.07671, -28.13582],
							"lerp_mode": "catmullrom"
						},
						"1.75": {
							"post": [-20.05845, -7.73942, -29.55901],
							"lerp_mode": "catmullrom"
						},
						"1.8": {
							"post": [-20.05812, -7.86125, -29.96375],
							"lerp_mode": "catmullrom"
						},
						"1.9": {
							"post": [-19.61203, -8.92125, -30.25375],
							"lerp_mode": "catmullrom"
						},
						"2.0": {
							"post": [-19.15594, -9.21125, -29.81375],
							"lerp_mode": "catmullrom"
						},
						"2.05": {
							"post": [-19.39933, -9.11526, -29.83487],
							"lerp_mode": "catmullrom"
						},
						"2.15": {
							"post": [-18.57817, -5.91257, -28.89092],
							"lerp_mode": "catmullrom"
						},
						"2.4": {
							"post": [-16.63017, -6.90509, -32.91995],
							"lerp_mode": "catmullrom"
						},
						"2.45": {
							"post": [-16.83766, -7.44125, -29.72375],
							"lerp_mode": "catmullrom"
						},
						"2.8": {
							"post": [-17.33766, -7.53125, -27.72375],
							"lerp_mode": "catmullrom"
						},
						"2.85": {
							"post": [-16.91609, -6.90481, -22.60174],
							"lerp_mode": "catmullrom"
						},
						"3.2": {
							"post": [-6.19875, -3.82658, -0.5644],
							"lerp_mode": "catmullrom"
						},
						"3.35": {
							"post": [-7.05067, -2.00156, 10.65747],
							"lerp_mode": "catmullrom"
						},
						"3.4": {
							"post": [-7.52844, -1.90953, 11],
							"lerp_mode": "catmullrom"
						},
						"3.5": {
							"post": [-8.53268, -3.27654, 12.62551],
							"lerp_mode": "catmullrom"
						},
						"3.55": {
							"post": [-8.72844, -2.73953, 13.74],
							"lerp_mode": "catmullrom"
						},
						"3.7": {
							"post": [-8.44775, -2.7528, 11.89159],
							"lerp_mode": "catmullrom"
						},
						"3.8": {
							"post": [-5.70228, -0.35019, 17.2522],
							"lerp_mode": "catmullrom"
						},
						"3.9": {
							"post": [-3.84844, -1.02953, 15.56],
							"lerp_mode": "catmullrom"
						},
						"4.0": {
							"post": [0.85156, -0.84953, 13.73],
							"lerp_mode": "catmullrom"
						},
						"4.2": {
							"post": [-6.17059, -1.3766, 4.49142],
							"lerp_mode": "catmullrom"
						},
						"4.35": {
							"post": [-0.25, -0.8, -1.3],
							"lerp_mode": "catmullrom"
						},
						"4.45": {
							"post": [0, 0.1, 0.9],
							"lerp_mode": "catmullrom"
						},
						"4.6": {
							"post": [0, 0, -0.2],
							"lerp_mode": "catmullrom"
						},
						"4.7": {
							"post": [0, 0, 0],
							"lerp_mode": "catmullrom"
						}
					},
					"position": {
						"0.0": {
							"post": [0, 0, 0],
							"lerp_mode": "catmullrom"
						},
						"0.1": {
							"post": [-0.07047, -1.25859, -0.14609],
							"lerp_mode": "catmullrom"
						},
						"0.25": {
							"post": [-0.29125, -1.09547, -1.6225],
							"lerp_mode": "catmullrom"
						},
						"0.35": {
							"post": [-0.30781, -0.04766, -1.825],
							"lerp_mode": "catmullrom"
						},
						"0.45": {
							"post": [-0.35781, 0.25234, -0.06719],
							"lerp_mode": "catmullrom"
						},
						"0.55": {
							"post": [-0.38281, 0.06234, 0.55281],
							"lerp_mode": "catmullrom"
						},
						"0.65": {
							"post": [-0.30781, 0.05234, 0.30781],
							"lerp_mode": "catmullrom"
						},
						"0.75": {
							"post": [-0.34, 0.08, 0.31],
							"lerp_mode": "catmullrom"
						},
						"0.8": {
							"post": [-0.18281, 0.08593, 0.30781],
							"lerp_mode": "catmullrom"
						},
						"0.95": {
							"post": [0.19219, -0.66953, 0.30781],
							"lerp_mode": "catmullrom"
						},
						"1.1": {
							"post": [0.04219, -0.94922, 0.30781],
							"lerp_mode": "catmullrom"
						},
						"1.3": {
							"post": [-0.30781, -0.33203, 0.30781],
							"lerp_mode": "catmullrom"
						},
						"1.45": {
							"post": [-0.30781, 0.10234, 0.30781],
							"lerp_mode": "catmullrom"
						},
						"1.55": {
							"post": [-0.60781, 0.30234, 0.30781],
							"lerp_mode": "catmullrom"
						},
						"1.7": {
							"post": [-0.58281, 0.75234, 0.30781],
							"lerp_mode": "catmullrom"
						},
						"1.85": {
							"post": [-0.57781, 0.59234, 0.28781],
							"lerp_mode": "catmullrom"
						},
						"2.1": {
							"post": [-0.48281, 0.67734, 0.30781],
							"lerp_mode": "catmullrom"
						},
						"2.15": {
							"post": [-0.055, -0.31766, 0.60781],
							"lerp_mode": "catmullrom"
						},
						"2.45": {
							"post": [-0.19172, -0.79813, 0.1],
							"lerp_mode": "catmullrom"
						},
						"2.85": {
							"post": [-0.19172, -0.34188, 0.43594],
							"lerp_mode": "catmullrom"
						},
						"3.2": {
							"post": [-0.40172, -1.90984, 0.79438],
							"lerp_mode": "catmullrom"
						},
						"3.35": {
							"post": [-0.80281, -1.51594, 0.83438],
							"lerp_mode": "catmullrom"
						},
						"3.45": {
							"post": [-0.73, -1.37, 0.82],
							"lerp_mode": "catmullrom"
						},
						"3.5": {
							"post": [-0.68781, -1.89969, 0.35938],
							"lerp_mode": "catmullrom"
						},
						"3.6": {
							"post": [-0.71281, -1.29969, -0.00562],
							"lerp_mode": "catmullrom"
						},
						"3.7": {
							"post": [-0.78781, -1.32469, -0.06562],
							"lerp_mode": "catmullrom"
						},
						"3.8": {
							"post": [-0.78781, -1.35516, 0.69406],
							"lerp_mode": "catmullrom"
						},
						"3.9": {
							"post": [-0.98781, -1.87078, 0.49406],
							"lerp_mode": "catmullrom"
						},
						"4.05": {
							"post": [-0.70109, -4.88781, -1.05453],
							"lerp_mode": "catmullrom"
						},
						"4.2": {
							"post": [-0.50703, -1.30984, -2.51891],
							"lerp_mode": "catmullrom"
						},
						"4.3": {
							"post": [-0.28, -0.70906, -1.46719],
							"lerp_mode": "catmullrom"
						},
						"4.35": {
							"post": [-0.16, -0.55, 0.60407],
							"lerp_mode": "catmullrom"
						},
						"4.4": {
							"post": [-0.06641, -0.37187, 0.50312],
							"lerp_mode": "catmullrom"
						},
						"4.5": {
							"post": [-0.02, -0.1, -0.21594],
							"lerp_mode": "catmullrom"
						},
						"4.6": {
							"post": [0, 0, -0.13672],
							"lerp_mode": "catmullrom"
						},
						"4.7": {
							"post": [0, 0, 0],
							"lerp_mode": "catmullrom"
						}
					}
				},
				"lefthand": {
					"rotation": {
						"0.0": [90.8048, -31.27324, -131.00752],
						"0.15": {
							"pre": [100.25482, -32.19326, -129.25715],
							"post": [100.25482, -32.19326, -129.25715],
							"lerp_mode": "catmullrom"
						},
						"0.3": {
							"post": [90.8048, -31.27324, -131.00752],
							"lerp_mode": "catmullrom"
						},
						"0.5": [116.4136, -22.44744, -206.89084],
						"0.55": [123.60864, -42.03119, -220.14007],
						"0.75": [119.71999, -54.16445, -205.19866],
						"0.95": {
							"pre": [102.77893, -55.62881, -173.56307],
							"post": [102.77893, -55.62881, -173.56307],
							"lerp_mode": "catmullrom"
						},
						"1.05": {
							"post": [102.77893, -55.62881, -173.56307],
							"lerp_mode": "catmullrom"
						},
						"1.15": [129.82935, -50.06604, -228.7518],
						"1.25": [119.54092, -33.50033, -213.52118],
						"1.35": {
							"pre": [133.63923, 0.60232, -225.61212],
							"post": [133.63923, 0.60232, -225.61212],
							"lerp_mode": "catmullrom"
						},
						"1.4": {
							"post": [133.63923, 0.60232, -225.61212],
							"lerp_mode": "catmullrom"
						},
						"1.95": [94.05549, -23.29996, -197.24305],
						"2.15": [144.76769, -40.586, -198.90312],
						"2.3": [102.26769, -40.586, -198.90312],
						"2.45": [110.387, -58.61887, -191.11458],
						"2.6": [117.47967, -40.72318, -192.47317],
						"3.0": {
							"pre": [147.03033, -44.26409, -213.81181],
							"post": [147.03033, -44.26409, -213.81181],
							"lerp_mode": "catmullrom"
						},
						"3.2": [126.0773, 31.43308, -265.02005],
						"3.3": [120.10752, 21.7553, -271.9564],
						"3.4": [134.12231, 42.25119, -252.82454],
						"3.5": [142.05644, 24.69941, -269.87717],
						"3.55": {
							"pre": [105.95478, 31.45751, -276.95181],
							"post": [105.95478, 31.45751, -276.95181],
							"lerp_mode": "catmullrom"
						},
						"3.6": {
							"post": [117.51258, 28.78207, -266.6437],
							"lerp_mode": "catmullrom"
						},
						"3.65": {
							"post": [115.51258, 28.78207, -266.6437],
							"lerp_mode": "catmullrom"
						},
						"3.75": [147.60786, 32.07459, -271.38781],
						"3.8": [145.01258, 28.78207, -266.6437],
						"3.9": {
							"pre": [129.00265, -15.26395, -205.31163],
							"post": [129.00265, -15.26395, -205.31163],
							"lerp_mode": "catmullrom"
						},
						"3.95": {
							"post": [90.8048, -31.27324, -131.00752],
							"lerp_mode": "catmullrom"
						},
						"4.05": [90.8048, -31.27324, -131.00752]
					},
					"position": {
						"0.0": [15.525, -15, -1.2],
						"0.3": {
							"pre": [8.425, -9.5, -6.2],
							"post": [8.425, -9.5, -6.2],
							"lerp_mode": "catmullrom"
						},
						"0.45": {
							"post": [8.325, -9.8, -1.905],
							"lerp_mode": "catmullrom"
						},
						"0.6": {
							"post": [1.325, -9.8, -0.905],
							"lerp_mode": "catmullrom"
						},
						"0.75": {
							"post": [-0.675, -9.8, -0.905],
							"lerp_mode": "catmullrom"
						},
						"0.9": {
							"post": [-0.675, -9.8, -0.905],
							"lerp_mode": "catmullrom"
						},
						"1.15": {
							"post": [-2.675, -9.8, -2.905],
							"lerp_mode": "catmullrom"
						},
						"1.2": {
							"post": [-1.675, -9.8, -1.905],
							"lerp_mode": "catmullrom"
						},
						"1.25": {
							"post": [0.74453, -5.9, 0],
							"lerp_mode": "catmullrom"
						},
						"1.35": {
							"post": [4.74453, -2.9, 0],
							"lerp_mode": "catmullrom"
						},
						"1.4": {
							"post": [4.74453, -2.9, 0],
							"lerp_mode": "catmullrom"
						},
						"1.6": {
							"post": [13.84453, -10.9, 4.8],
							"lerp_mode": "catmullrom"
						},
						"1.95": [19.16982, -23.89335, 2.20178],
						"2.05": [16.18041, -15.78014, 2.21293],
						"2.15": [12.18041, -8.78014, 4.21293],
						"2.3": [3.18041, -4.78014, -0.78707],
						"2.45": [-0.90656, -11.96, -2.68],
						"2.6": [7.87344, -12.8, -0.6],
						"3.0": {
							"pre": [4.59, -9.45, -0.82],
							"post": [4.59, -9.45, -0.82],
							"lerp_mode": "catmullrom"
						},
						"3.1": {
							"post": [4.49, -9.76, -1.13],
							"lerp_mode": "catmullrom"
						},
						"3.2": [9.15, -5.4, -4.1],
						"3.3": [9.17094, -5.4, -3.95313],
						"3.4": [9.57969, 5.6, -1.53282],
						"3.5": [4.41719, -11.4, 1.35625],
						"3.65": [9.41719, -5.4, 1.35625],
						"3.75": [9.23125, -5.4, -4.9],
						"3.8": [9.23125, -5.4, -4.9],
						"3.9": {
							"pre": [10, -8.92, -4.05],
							"post": [10, -8.92, -4.05],
							"lerp_mode": "catmullrom"
						},
						"3.95": {
							"post": [8.7, -10.775, -6.2],
							"lerp_mode": "catmullrom"
						},
						"4.05": [15.525, -15, -1.2]
					},
					"scale": {
						"0.0": [1, 1.5, 1],
						"4.05": [1, 1.5, 1]
					}
				},
				"mag": {
					"rotation": {
						"1.2": [0, 0, 0],
						"1.3": [0, 0, 15],
						"1.4": [6.75816, -11.52054, 59.31748],
						"1.85": [20, 0, 0],
						"1.95": [20, 0, 0],
						"2.15": [-12, 0, 0],
						"2.3": [-9.84783, -0.35802, -2.97858],
						"2.4": [-3.92392, -0.17901, -1.48929],
						"2.5": [-1.96, -0.09, -0.74],
						"3.45": [-1.96, -0.09, -0.74],
						"3.5": [0, 0, 0]
					},
					"position": {
						"1.2": [0, 0, 0],
						"1.25": [2, 3.23, 1.62578],
						"1.3": [3, 6.89, 2.335],
						"1.4": [1, 8.2, 2.89219],
						"1.55": [12.24131, 0.05641, 9.05816],
						"1.7": [1.69506, -22.27835, 9.04581],
						"1.85": [16.70351, -10.86903, 8.48137],
						"1.95": [20.2, -13.67344, 5.86375],
						"2.05": [17.2, -4.67344, 5.86375],
						"2.15": [13.2, 0.32656, 5.86375],
						"2.3": [4.2, 4.32656, 0.86375],
						"2.4": [0.25, 0.91, -0.83984],
						"2.5": [0.13, 0.30436, -0.42],
						"3.45": [0.13, 0.30436, -0.42],
						"3.5": [0, 0, 0]
					}
				},
				"gti": {
					"rotation": {
						"1.05": [0, 0, 0],
						"1.15": [0, 0, 100],
						"1.25": [0, 0, 145],
						"2.4": [0, 0, 145],
						"2.5": [0, 0, 0]
					}
				},
				"righthand": {
					"rotation": {
						"0.0": [94.51712, 4.98455, -179.60671],
						"4.05": [94.51712, 4.98455, -179.60671]
					},
					"position": {
						"0.0": [-5.70625, -11.4, 11.4],
						"4.05": [-5.70625, -11.4, 11.4]
					},
					"scale": {
						"0.0": [1, 1.5, 1],
						"4.05": [1, 1.5, 1]
					}
				},
				"missle": {
					"scale": {
						"0.0": [0, 0, 0],
						"4.05": [0, 0, 0],
						"4.1": [1, 1, 1]
					}
				},
				"jiazi3": {
					"position": {
						"0.0": [0, 0, 3],
						"3.75": [0, 0, 3],
						"3.8": [0, 0, -2],
						"3.9": [0, 0, 3],
						"4.05": [0, 0, 0]
					}
				},
				"jiazi2": {
					"position": {
						"0.0": [0, 0, 3],
						"3.85": [0, 0, 3],
						"3.9": [0, 0, -2],
						"4.0": [0, 0, 3],
						"4.05": [0, 0, 0]
					}
				},
				"jiazi4": {
					"position": {
						"0.0": [0, 0, 3],
						"3.75": [0, 0, 3],
						"4.05": [0, 0, 0]
					}
				},
				"jiazi": {
					"position": {
						"0.0": [0, 0, 3],
						"3.65": [0, 0, 3],
						"3.7": [0, 0, -2],
						"3.8": [0, 0, 3],
						"4.05": [0, 0, 0]
					}
				},
				"camera": {
					"rotation": {
						"0.0": {
							"post": [0, 0, 0],
							"lerp_mode": "catmullrom"
						},
						"0.15": {
							"post": [0.21984, 0.11719, 0],
							"lerp_mode": "catmullrom"
						},
						"0.4": {
							"post": [2.63672, 0.65625, -1.04297],
							"lerp_mode": "catmullrom"
						},
						"0.75": {
							"post": [2.45641, 0.92578, -1.04297],
							"lerp_mode": "catmullrom"
						},
						"0.85": {
							"post": [3.08688, 0.69531, -0.42578],
							"lerp_mode": "catmullrom"
						},
						"1.0": {
							"post": [2.71969, 0.57813, -1.54687],
							"lerp_mode": "catmullrom"
						},
						"1.2": {
							"post": [2.97563, 0.69531, -1.04297],
							"lerp_mode": "catmullrom"
						},
						"1.55": {
							"post": [2.88906, 0.65625, -1.04297],
							"lerp_mode": "catmullrom"
						},
						"1.7": {
							"post": [3.37, 0.87, -1.04297],
							"lerp_mode": "catmullrom"
						},
						"1.75": {
							"post": [3.55, 0.95, -0.88672],
							"lerp_mode": "catmullrom"
						},
						"1.85": {
							"post": [3.85969, 1.08203, -1.08203],
							"lerp_mode": "catmullrom"
						},
						"2.1": {
							"post": [3.89, 1.08203, -1.04297],
							"lerp_mode": "catmullrom"
						},
						"2.2": {
							"post": [4.33266, 1.08203, -0.38672],
							"lerp_mode": "catmullrom"
						},
						"2.3": {
							"post": [3.57875, 1.08203, -1.46875],
							"lerp_mode": "catmullrom"
						},
						"2.45": {
							"post": [3.21875, 0.76953, -0.88672],
							"lerp_mode": "catmullrom"
						},
						"2.6": {
							"post": [1.45141, 0.50391, -1.04297],
							"lerp_mode": "catmullrom"
						},
						"2.7": {
							"post": [1.13, 0.49, -1.05297],
							"lerp_mode": "catmullrom"
						},
						"2.8": {
							"post": [1.10234, 0.50391, -0.61719],
							"lerp_mode": "catmullrom"
						},
						"2.85": {
							"post": [1.62, 0.50391, -1.35156],
							"lerp_mode": "catmullrom"
						},
						"3.0": {
							"post": [1.43, 0.50391, -1.04297],
							"lerp_mode": "catmullrom"
						},
						"3.1": {
							"post": [2.20437, 0.50391, -0.46484],
							"lerp_mode": "catmullrom"
						},
						"3.2": {
							"post": [1.90984, 0.50391, -1.08203],
							"lerp_mode": "catmullrom"
						},
						"3.35": {
							"post": [2.1, 0.24, -0.91531],
							"lerp_mode": "catmullrom"
						},
						"3.45": {
							"post": [2.195, 0.07813, -0.73437],
							"lerp_mode": "catmullrom"
						},
						"3.65": {
							"post": [-0.21094, 0, -0.30859],
							"lerp_mode": "catmullrom"
						},
						"3.75": {
							"post": [0.17188, 0, 0.38672],
							"lerp_mode": "catmullrom"
						},
						"3.85": {
							"post": [-0.14062, 0, -0.15625],
							"lerp_mode": "catmullrom"
						},
						"4.0": {
							"post": [0, 0, 0],
							"lerp_mode": "catmullrom"
						}
					}
				}
			},
			"sound_effects": {
				"0.0": {
					"effect": "aa12_reload_raise"
				},
				"0.75": {
					"effect": "aa12_reload_empty_magout"
				},
				"1.35": {
					"effect": "iw8_phys_mag_drop_br_poly_dirt_03"
				},
				"1.6": {
					"effect": "aa12_reload_drum_mvmnt"
				},
				"1.9": {
					"effect": "aa12_reload_empty_magin"
				},
				"2.5": {
					"effect": "wfoly_sh_jak12_reload_empty_boltpull"
				},
				"2.9": {
					"effect": "aa12_reload_empty_fast_drum_boltforward"
				},
				"3.15": {
					"effect": "aa12_reload_empty_end"
				}
			}
		},
		"inspect_empty": {
			"animation_length": 7.2,
			"bones": {
				"m95_bolt": {
					"position": {
						"4.3": [0, 0, 0],
						"4.3667": [0, 0, 4.15],
						"4.4333": [0, 0, 4.5],
						"4.5667": [0, 0, 4.3],
						"4.7667": [0, 0, 4.15],
						"5.1": [0, 0, 4.175],
						"5.2": [0, 0, 0]
					}
				},
				"rotate": {
					"rotation": {
						"4.1667": [0, 0, 0],
						"4.2667": [0, 0, 50],
						"5.3": [0, 0, 50],
						"5.3667": [0, 0, 0]
					}
				},
				"l3": {
					"rotation": {
						"0.6": [0, 0, 0],
						"0.7333": [-3, 0, 0],
						"0.8667": [0, 0, 0],
						"1.0": [-2, 0, 0],
						"3.4333": [-2, 0, 0],
						"3.5667": [0, 0, 0],
						"3.7": [-2, 0, 0],
						"3.8333": [-0.75, 0, 0],
						"3.9333": [4.375, 0, 0],
						"4.1": [-1.025, 0, 0],
						"4.2333": [2.25, 0, 0],
						"4.3667": [1.25, 0, 0],
						"4.5667": [2.25, 0, 0],
						"4.7667": [0.25, 0, 0],
						"4.9333": [1.25, 0, 0],
						"5.1": [2.25, 0, 0],
						"5.2": [2.25, 0, 0],
						"5.3667": [-0.425, 0, 0],
						"5.5": [3.95, 0, 0],
						"5.6333": [0.6, 0, 0],
						"5.8": [1.75, 0, 0],
						"5.9333": [0, 0, 0],
						"6.1667": [0, 0, 0],
						"6.3": [-3, 0, 0],
						"6.4333": [-2, 0, 0],
						"6.5667": [0, 0, 0],
						"6.7333": [-1, 0, 0],
						"6.8667": [0, 0, 0]
					}
				},
				"shell_ejection": {
					"position": {
						"4.3": [0, 0, 0],
						"4.3667": [0, 0, 4.15],
						"4.4333": [0, 0, 4.5],
						"4.5667": [0, 0, 4.3],
						"4.7667": [0, 0, 4.15],
						"5.1": [0, 0, 4.175],
						"5.2": [0, 0, 0]
					}
				},
				"bullet": {
					"scale": 0
				},
				"root": {
					"rotation": {
						"0.0": {
							"post": [0, 0, 0],
							"lerp_mode": "catmullrom"
						},
						"0.1667": {
							"post": [-1.38509, -1.24434, 4.29497],
							"lerp_mode": "catmullrom"
						},
						"0.2667": {
							"post": [-1.39, -1.24, 4.29],
							"lerp_mode": "catmullrom"
						},
						"0.4": {
							"post": [-3.91, -4.41, -2.02],
							"lerp_mode": "catmullrom"
						},
						"0.6667": {
							"post": [-10.80252, -12.68944, -19.80615],
							"lerp_mode": "catmullrom"
						},
						"0.8667": {
							"post": [-11.67934, -12.73253, -20.88586],
							"lerp_mode": "catmullrom"
						},
						"1.0": {
							"post": [-10.42561, -13.0448, -21.82949],
							"lerp_mode": "catmullrom"
						},
						"1.2": {
							"post": [-10.56428, -12.85979, -20.82188],
							"lerp_mode": "catmullrom"
						},
						"1.8667": {
							"post": [-10.39, -12.99, -21.57],
							"lerp_mode": "catmullrom"
						},
						"2.0333": {
							"post": [-10.9146, -13.35759, -23.13092],
							"lerp_mode": "catmullrom"
						},
						"2.3": {
							"post": [-10.25634, -13.50926, -24.0715],
							"lerp_mode": "catmullrom"
						},
						"2.6667": {
							"post": [-10.31, -13.4275, -24.0075],
							"lerp_mode": "catmullrom"
						},
						"2.7667": {
							"post": [-10.01823, -12.01652, -22.39677],
							"lerp_mode": "catmullrom"
						},
						"3.0": {
							"post": [-6.0733, -2.55567, -8.68449],
							"lerp_mode": "catmullrom"
						},
						"3.1667": {
							"post": [-3.30816, -6.55161, -3.15758],
							"lerp_mode": "catmullrom"
						},
						"3.3": {
							"post": [-11.99539, -6.2465, 14.78107],
							"lerp_mode": "catmullrom"
						},
						"3.4": {
							"post": [-24.07317, -0.97391, 28.22222],
							"lerp_mode": "catmullrom"
						},
						"3.6": {
							"post": [-32.28365, 5.59754, 44.62545],
							"lerp_mode": "catmullrom"
						},
						"3.7": {
							"post": [-32.44664, 5.36815, 46.1821],
							"lerp_mode": "catmullrom"
						},
						"3.7667": {
							"post": [-31.38661, 6.16105, 47.33802],
							"lerp_mode": "catmullrom"
						},
						"3.9": {
							"post": [-31.60382, 7.93459, 52.29084],
							"lerp_mode": "catmullrom"
						},
						"4.1667": {
							"post": [-33.84674, 6.64885, 47.50441],
							"lerp_mode": "catmullrom"
						},
						"4.3333": {
							"post": [-31.80789, 9.10999, 51.06287],
							"lerp_mode": "catmullrom"
						},
						"4.5": {
							"post": [-33.34556, 7.01589, 47.88054],
							"lerp_mode": "catmullrom"
						},
						"4.7333": {
							"post": [-32.04707, 7.50249, 48.73097],
							"lerp_mode": "catmullrom"
						},
						"5.4": {
							"post": [-32.7588, 8.96748, 49.78305],
							"lerp_mode": "catmullrom"
						},
						"5.6": {
							"post": [-21.80021, -1.92924, 39.7835],
							"lerp_mode": "catmullrom"
						},
						"5.7333": {
							"post": [-11.32385, -8.47574, 19.6574],
							"lerp_mode": "catmullrom"
						},
						"5.8333": {
							"post": [-3.97708, -7.46886, 2.34726],
							"lerp_mode": "catmullrom"
						},
						"5.9": {
							"post": [-2.77467, -6.47288, 5.91111],
							"lerp_mode": "catmullrom"
						},
						"5.9667": {
							"post": [-1.20016, -5.6579, 3.74312],
							"lerp_mode": "catmullrom"
						},
						"6.1": {
							"post": [1.76605, -3.2563, 4.9369],
							"lerp_mode": "catmullrom"
						},
						"6.1667": {
							"post": [1.78811, -2.65564, 4.66491],
							"lerp_mode": "catmullrom"
						},
						"6.2667": {
							"post": [0.8, -0.92, 3.05],
							"lerp_mode": "catmullrom"
						},
						"6.3333": {
							"post": [-0.30298, 0.34027, -1.56498],
							"lerp_mode": "catmullrom"
						},
						"6.4667": {
							"post": [0.2321, 0.0577, 2.25602],
							"lerp_mode": "catmullrom"
						},
						"6.6667": {
							"post": [0, 0, 0],
							"lerp_mode": "catmullrom"
						}
					},
					"position": {
						"0.0": {
							"post": [0, 0, 0],
							"lerp_mode": "catmullrom"
						},
						"0.1667": {
							"post": [-0.2, -0.31, 0],
							"lerp_mode": "catmullrom"
						},
						"0.3": {
							"post": [-0.2, -0.81, 0],
							"lerp_mode": "catmullrom"
						},
						"0.4": {
							"post": [-0.18, -0.4, 0],
							"lerp_mode": "catmullrom"
						},
						"0.5": {
							"post": [-0.14, 0.42, 0],
							"lerp_mode": "catmullrom"
						},
						"0.6667": {
							"post": [0, 2.8, 0],
							"lerp_mode": "catmullrom"
						},
						"0.7667": {
							"post": [0, 3.3, 0],
							"lerp_mode": "catmullrom"
						},
						"0.9667": {
							"post": [0, 3, 0],
							"lerp_mode": "catmullrom"
						},
						"1.2667": {
							"post": [0, 3.1, 0],
							"lerp_mode": "catmullrom"
						},
						"1.8667": {
							"post": [0, 3.17, 0],
							"lerp_mode": "catmullrom"
						},
						"2.0": {
							"post": [-0.1, 3.37, 0],
							"lerp_mode": "catmullrom"
						},
						"2.6": {
							"post": [-0.14, 3.53, -0.02],
							"lerp_mode": "catmullrom"
						},
						"2.7667": {
							"post": [-0.1, 3.345, 0],
							"lerp_mode": "catmullrom"
						},
						"2.8667": {
							"post": [0.4, 2.38, 0.23],
							"lerp_mode": "catmullrom"
						},
						"3.0": {
							"post": [1.875, -0.58, -0.855],
							"lerp_mode": "catmullrom"
						},
						"3.1667": {
							"post": [3.25, -1.13, -1.83],
							"lerp_mode": "catmullrom"
						},
						"3.4": {
							"post": [5.905, 3.385, -3.895],
							"lerp_mode": "catmullrom"
						},
						"3.5": {
							"post": [7.58, 4.975, -5.215],
							"lerp_mode": "catmullrom"
						},
						"3.6": {
							"post": [8.74, 4.71, -5.795],
							"lerp_mode": "catmullrom"
						},
						"3.7": {
							"post": [8.8, 3.5, -6.125],
							"lerp_mode": "catmullrom"
						},
						"3.8333": {
							"post": [8.8, 3.4, -6.4],
							"lerp_mode": "catmullrom"
						},
						"3.9667": {
							"post": [8.925, 3.975, -6.65],
							"lerp_mode": "catmullrom"
						},
						"4.1333": {
							"post": [8.775, 4.03, -6.145],
							"lerp_mode": "catmullrom"
						},
						"4.2667": {
							"post": [8.78, 4.07, -6.345],
							"lerp_mode": "catmullrom"
						},
						"4.4": {
							"post": [8.85625, 4.0125, -6.875],
							"lerp_mode": "catmullrom"
						},
						"4.5333": {
							"post": [8.7175, 3.995, -6.56375],
							"lerp_mode": "catmullrom"
						},
						"4.8333": {
							"post": [8.585, 3.88125, -6.685],
							"lerp_mode": "catmullrom"
						},
						"5.4667": {
							"post": [7.93, 2.62, -6.015],
							"lerp_mode": "catmullrom"
						},
						"5.6333": {
							"post": [5.525, -1.04, -4.065],
							"lerp_mode": "catmullrom"
						},
						"5.7667": {
							"post": [3.235, -5.1, -4.215],
							"lerp_mode": "catmullrom"
						},
						"5.9333": {
							"post": [2.36, -4.48, -4.4],
							"lerp_mode": "catmullrom"
						},
						"6.1": {
							"post": [1.305, -1.125, -4.24],
							"lerp_mode": "catmullrom"
						},
						"6.2333": {
							"post": [0.79, 0.215, -2.5],
							"lerp_mode": "catmullrom"
						},
						"6.4": {
							"post": [0.125, -0.575, 0.275],
							"lerp_mode": "catmullrom"
						},
						"6.5": {
							"post": [0, -0.32875, -0.44],
							"lerp_mode": "catmullrom"
						},
						"6.6333": {
							"post": [0, -0.02, 0.17],
							"lerp_mode": "catmullrom"
						},
						"6.8": {
							"post": [0, 0, 0],
							"lerp_mode": "catmullrom"
						}
					}
				},
				"lefthand": {
					"rotation": [90.8048, -31.27324, -131.00752],
					"position": [15.525, -15, -1.2],
					"scale": [1, 1.5, 1]
				},
				"righthand": {
					"rotation": [94.51712, 4.98455, -179.60671],
					"position": [-5.70625, -11.4, 11.4],
					"scale": [1, 1.5, 1]
				},
				"jiazi3": {
					"scale": 0
				},
				"jiazi2": {
					"scale": 0
				},
				"jiazi4": {
					"scale": 0
				},
				"jiazi": {
					"scale": 0
				},
				"missle": {
					"scale": 0
				},
				"camera": {
					"rotation": {
						"0.0": {
							"post": [0, 0, 0],
							"lerp_mode": "catmullrom"
						},
						"0.2667": {
							"post": [0.55, 0, 0],
							"lerp_mode": "catmullrom"
						},
						"0.6667": {
							"post": [-2.425, -0.25, -0.85],
							"lerp_mode": "catmullrom"
						},
						"0.8": {
							"post": [-2.21, -0.31, -0.65],
							"lerp_mode": "catmullrom"
						},
						"1.0": {
							"post": [-2.895, -0.38, -0.86],
							"lerp_mode": "catmullrom"
						},
						"1.3667": {
							"post": [-2.455, -0.25, -0.85],
							"lerp_mode": "catmullrom"
						},
						"1.7333": {
							"post": [4.925, 3.15, -1.425],
							"lerp_mode": "catmullrom"
						},
						"2.1": {
							"post": [6.075, 3.65, -1.425],
							"lerp_mode": "catmullrom"
						},
						"2.7333": {
							"post": [6.075, 3.85, -1.35],
							"lerp_mode": "catmullrom"
						},
						"3.1333": {
							"post": [1.525, 0, 0],
							"lerp_mode": "catmullrom"
						},
						"3.4": {
							"post": [0.955, -1.9, 1.35],
							"lerp_mode": "catmullrom"
						},
						"3.6333": {
							"post": [1.64, -1.97, 1.74],
							"lerp_mode": "catmullrom"
						},
						"3.7333": {
							"post": [2.11, -1.9, 2.025],
							"lerp_mode": "catmullrom"
						},
						"3.8667": {
							"post": [1.665, -1.83, 1.515],
							"lerp_mode": "catmullrom"
						},
						"4.0667": {
							"post": [2.14, -1.975, 1.85],
							"lerp_mode": "catmullrom"
						},
						"4.2333": {
							"post": [3.62, -2.97, 2.02],
							"lerp_mode": "catmullrom"
						},
						"4.3333": {
							"post": [4.83, -3.62, 2.94],
							"lerp_mode": "catmullrom"
						},
						"4.4333": {
							"post": [4.55, -3.96, 1.625],
							"lerp_mode": "catmullrom"
						},
						"4.5667": {
							"post": [5.36, -3.99, 2.385],
							"lerp_mode": "catmullrom"
						},
						"4.7333": {
							"post": [5.21, -4.01, 2.22],
							"lerp_mode": "catmullrom"
						},
						"4.9333": {
							"post": [5.24, -4.05, 1.775],
							"lerp_mode": "catmullrom"
						},
						"5.3667": {
							"post": [1.46, -3.3, 1.675],
							"lerp_mode": "catmullrom"
						},
						"5.7": {
							"post": [1.11, 0, 0],
							"lerp_mode": "catmullrom"
						},
						"6.0": {
							"post": [-1.3, 0, -0.775],
							"lerp_mode": "catmullrom"
						},
						"6.2333": {
							"post": [-1.3, 0, 0],
							"lerp_mode": "catmullrom"
						},
						"6.3667": {
							"post": [-0.15, 0, 0.15],
							"lerp_mode": "catmullrom"
						},
						"6.4667": {
							"post": [0.48, 0, 0.6],
							"lerp_mode": "catmullrom"
						},
						"6.6": {
							"post": [-0.22, 0, -0.525],
							"lerp_mode": "catmullrom"
						},
						"6.7667": {
							"post": [0, 0, 0],
							"lerp_mode": "catmullrom"
						}
					}
				}
			},
			"sound_effects": {
				"0.0667": {
					"effect": "tacz:m95/m95_inspect_raise"
				},
				"2.8": {
					"effect": "tacz:m95/m95_inspect_rotate"
				},
				"3.2667": {
					"effect": "tacz:m95/m95_inspect_shoulder"
				},
				"6.3": {
					"effect": "tacz:m95/m95_inspect_end"
				}
			}
		},
		"draw": {
			"animation_length": 0.95,
			"bones": {
				"root": {
					"rotation": {
						"0.0": {
							"post": [42.57929, -37.55577, -0.08401],
							"lerp_mode": "catmullrom"
						},
						"0.2": {
							"post": [24.01193, -29.89831, -5.38555],
							"lerp_mode": "catmullrom"
						},
						"0.3": {
							"post": [-3.04998, -9.12352, 1.70645],
							"lerp_mode": "catmullrom"
						},
						"0.5": {
							"post": [-1.46, 0.47, -1.3],
							"lerp_mode": "catmullrom"
						},
						"0.6": {
							"post": [-0.55, -0.01, 0.82],
							"lerp_mode": "catmullrom"
						},
						"0.75": {
							"post": [0, 0, -0.3],
							"lerp_mode": "catmullrom"
						},
						"0.9": {
							"post": [0, 0, 0],
							"lerp_mode": "catmullrom"
						}
					},
					"position": {
						"0.0": {
							"post": [3.3, -17, 5.7],
							"lerp_mode": "catmullrom"
						},
						"0.2": {
							"post": [1.18, -6.07, -2.76],
							"lerp_mode": "catmullrom"
						},
						"0.45": {
							"post": [0.41, -0.67, -0.3],
							"lerp_mode": "catmullrom"
						},
						"0.55": {
							"post": [0.17, 0, 0.29938],
							"lerp_mode": "catmullrom"
						},
						"0.6": {
							"post": [0.1, 0, 0.6],
							"lerp_mode": "catmullrom"
						},
						"0.7": {
							"post": [0.03, 0.04, -0.06188],
							"lerp_mode": "catmullrom"
						},
						"0.8": {
							"post": [0, 0, 0],
							"lerp_mode": "catmullrom"
						},
						"0.9": {
							"post": [0, 0, 0],
							"lerp_mode": "catmullrom"
						}
					}
				},
				"lefthand": {
					"rotation": [90.8048, -31.27324, -131.00752],
					"position": [15.525, -15, -1.2],
					"scale": [1, 1.5, 1]
				},
				"righthand": {
					"rotation": [94.51712, 4.98455, -179.60671],
					"position": [-5.70625, -11.4, 11.4],
					"scale": [1, 1.5, 1]
				},
				"camera": {
					"rotation": {
						"0.0": {
							"post": [0, 0, 0],
							"lerp_mode": "catmullrom"
						},
						"0.2": {
							"post": [0.89297, -0.12891, 0.44141],
							"lerp_mode": "catmullrom"
						},
						"0.35": {
							"post": [0.94297, -0.19141, 0.44531],
							"lerp_mode": "catmullrom"
						},
						"0.55": {
							"post": [-0.1, 0.01953, -0.25391],
							"lerp_mode": "catmullrom"
						},
						"0.65": {
							"post": [0.1, 0.01953, 0.27344],
							"lerp_mode": "catmullrom"
						},
						"0.8": {
							"post": [-0.0375, 0.01953, -0.01953],
							"lerp_mode": "catmullrom"
						},
						"0.95": {
							"post": [0, 0, 0],
							"lerp_mode": "catmullrom"
						}
					}
				}
			},
			"sound_effects": {
				"0.1": {
					"effect": "aa12_raise"
				}
			}
		},
		"put_away": {
			"animation_length": 0.6,
			"bones": {
				"root": {
					"rotation": {
						"0.0": {
							"post": [0, 0, 0],
							"lerp_mode": "catmullrom"
						},
						"0.05": {
							"post": [-0.51171, -3.6801, -4.19401],
							"lerp_mode": "catmullrom"
						},
						"0.2": {
							"post": [4.36882, -11.73179, -10.29382],
							"lerp_mode": "catmullrom"
						},
						"0.35": {
							"post": [11.60471, -21.56305, -3.66288],
							"lerp_mode": "catmullrom"
						},
						"0.45": {
							"post": [16.97, -33.62, 3.38],
							"lerp_mode": "catmullrom"
						},
						"0.6": {
							"post": [34.73, -44.04, -3.09],
							"lerp_mode": "catmullrom"
						}
					},
					"position": {
						"0.0": {
							"post": [0, 0, 0],
							"lerp_mode": "catmullrom"
						},
						"0.05": {
							"post": [0, -0.49, -0.02],
							"lerp_mode": "catmullrom"
						},
						"0.2": {
							"post": [-0.52, -1.47, -0.56],
							"lerp_mode": "catmullrom"
						},
						"0.35": {
							"post": [-0.36, -2.92, -0.84],
							"lerp_mode": "catmullrom"
						},
						"0.45": {
							"post": [0.13, -5.86, -0.16],
							"lerp_mode": "catmullrom"
						},
						"0.6": {
							"post": [1.72, -9.68, 0.16],
							"lerp_mode": "catmullrom"
						}
					}
				},
				"lefthand": {
					"rotation": {
						"0.0": [90.8048, -31.27324, -131.00752],
						"0.2": [112.81797, -22.00113, -177.77512]
					},
					"position": [15.525, -15, -1.2],
					"scale": [1, 1.5, 1]
				},
				"righthand": {
					"rotation": [94.51712, 4.98455, -179.60671],
					"position": [-5.70625, -11.4, 11.4],
					"scale": [1, 1.5, 1]
				},
				"camera": {
					"rotation": {
						"0.0": {
							"post": [0, 0, 0],
							"lerp_mode": "catmullrom"
						},
						"0.2": {
							"post": [0.35, 0.025, -0.225],
							"lerp_mode": "catmullrom"
						},
						"0.4": {
							"post": [0.1, 0.025, 0.075],
							"lerp_mode": "catmullrom"
						},
						"0.6": {
							"post": [0, 0, 0],
							"lerp_mode": "catmullrom"
						}
					}
				}
			},
			"sound_effects": {
				"0.15": {
					"effect": "aa12_drop"
				}
			}
		},
		"static_bolt_caught": {
			"loop": true,
			"animation_length": 0.4,
			"bones": {
				"constraint2": {
					"rotation": [0.2, 0.2, 0.2],
					"position": [0, 0, 0]
				},
				"lefthand": {
					"rotation": [90.8048, -31.27324, -131.00752],
					"position": [15.525, -15, -1.2],
					"scale": [1, 1.5, 1]
				},
				"righthand": {
					"rotation": [94.51712, 4.98455, -179.60671],
					"position": [-5.70625, -11.4, 11.4],
					"scale": [1, 1.5, 1]
				},
				"constraint": {
					"rotation": [0.05, 0.2, 0.2],
					"position": [0.02, 0.05, 0.1]
				}
			}
		}
	}
}