{
	"format_version": "1.8.0",
	"animations": {
		"static_idle": {
			"loop": true,
			"bones": {
				"lh_and_gun": {
					"rotation": [0, 0, -15],
					"position": [4, 0, 0]
				},
				"lh": {
					"rotation": [90, 0, 180],
					"position": [13, 3, 9],
					"scale": [1, 1.5, 1]
				},
				"rh_and_gun": {
					"rotation": [0, 0, 15],
					"position": [-4, 0, 0]
				},
				"rh": {
					"rotation": [90, 0, -180],
					"position": [-13, 3, 9],
					"scale": [1, 1.5, 1]
				}
			}
		},
		"draw": {
			"loop": true,
			"animation_length": 0.9583,
			"bones": {
				"lh_and_gun": {
					"rotation": {
						"0.0": {
							"post": [-89.68, 0.26, -79.37],
							"lerp_mode": "catmullrom"
						},
						"0.125": {
							"post": [-26.54627, 0.30069, -71.5025],
							"lerp_mode": "catmullrom"
						},
						"0.2917": {
							"post": [-9.14297, 9.31292, -7.8086],
							"lerp_mode": "catmullrom"
						},
						"0.625": {
							"post": [0, 0, -15],
							"lerp_mode": "catmullrom"
						}
					},
					"position": {
						"0.0": {
							"post": [0, -5.12, 5.37],
							"lerp_mode": "catmullrom"
						},
						"0.0833": {
							"post": [0, -2.6, 5],
							"lerp_mode": "catmullrom"
						},
						"0.4583": {
							"post": [4, 0, 0],
							"lerp_mode": "catmullrom"
						}
					}
				},
				"lh": {
					"rotation": [90, 0, 180],
					"position": [13, 3, 9],
					"scale": [1, 1.5, 1]
				},
				"rh_and_gun": {
					"rotation": {
						"0.0": {
							"post": [-89.69, 0.26, 79.52],
							"lerp_mode": "catmullrom"
						},
						"0.125": {
							"post": [-26.54627, 0.30069, 71.5025],
							"lerp_mode": "catmullrom"
						},
						"0.2917": {
							"post": [-9.43009, -9.02093, 7.84323],
							"lerp_mode": "catmullrom"
						},
						"0.625": {
							"post": [0, 0, 15],
							"lerp_mode": "catmullrom"
						}
					},
					"position": {
						"0.0": {
							"post": [8, -2.6, 5],
							"lerp_mode": "catmullrom"
						},
						"0.4583": {
							"post": [-4, 0, 0],
							"lerp_mode": "catmullrom"
						}
					}
				},
				"rh": {
					"rotation": [90, 0, -180],
					"position": [-13, 3, 9],
					"scale": [1, 1.5, 1]
				},
				"zkf2": {
					"rotation": {
						"0.0": [0, 0, 0],
						"0.3333": [360, 0, 0]
					}
				},
				"zkf": {
					"rotation": {
						"0.0": [0, 0, 0],
						"0.3333": [360, 0, 0]
					}
				}
			}
		},
		"run_start": {
			"animation_length": 0.25,
			"bones": {
				"lh_and_gun": {
					"rotation": {
						"0.0": [0, 0, 0],
						"0.0833": [-16.42, -2.36, 6.16],
						"0.1667": [-31.75, -0.18, 15.62],
						"0.25": [-36.52, 3.46, 23.25]
					},
					"position": {
						"0.0": [0, 0, 0],
						"0.0833": [0.24, -1.18, -0.45],
						"0.1667": [0.43, -1.8, -0.89],
						"0.25": [-0.49, -1.16, -0.32]
					}
				},
				"rh_and_gun": {
					"rotation": {
						"0.0": [0, 0, 0],
						"0.0833": [-5.42, -2.36, 3.36],
						"0.1667": [-15.15, -8.08, 8.22],
						"0.25": [-18.36, -12.29, 11.26]
					},
					"position": {
						"0.0": [0, 0, 0],
						"0.0833": [0.24, -1.18, -0.45],
						"0.1667": [0.61, -1.95, -0.97],
						"0.25": [0.76, -1.94, -0.93]
					}
				}
			}
		},
		"run": {
			"loop": true,
			"animation_length": 0.8333,
			"bones": {
				"lh_and_gun": {
					"rotation": {
						"0.0": {
							"post": [-36.52, 3.46, 23.25],
							"lerp_mode": "catmullrom"
						},
						"0.0833": {
							"post": [-28.28, 0.09, 15.58],
							"lerp_mode": "catmullrom"
						},
						"0.1667": {
							"post": [-30.29, -2.92, 16.74],
							"lerp_mode": "catmullrom"
						},
						"0.25": {
							"post": [-32.29, -4.04, 18.57],
							"lerp_mode": "catmullrom"
						},
						"0.3333": {
							"post": [-36.18, -6.6, 22.33],
							"lerp_mode": "catmullrom"
						},
						"0.4167": {
							"post": [-36.57, -7.15, 22.84],
							"lerp_mode": "catmullrom"
						},
						"0.5": {
							"post": [-36.2, -7.35, 24.13],
							"lerp_mode": "catmullrom"
						},
						"0.5833": {
							"post": [-36.46, -5.84, 26.68],
							"lerp_mode": "catmullrom"
						},
						"0.6667": {
							"post": [-37.3, -1.87, 26.31],
							"lerp_mode": "catmullrom"
						},
						"0.75": {
							"post": [-37.3, -0.72, 23.67],
							"lerp_mode": "catmullrom"
						},
						"0.8333": {
							"post": [-36.52, 3.46, 23.25],
							"lerp_mode": "catmullrom"
						}
					},
					"position": {
						"0.0": [-1.24, -2.65, -0.32],
						"0.0833": [-0.9, -3.21, -0.32],
						"0.1667": [0.31, -3.14, -0.32],
						"0.25": [0.99, -2.47, -0.32],
						"0.3333": [1.87, -1.95, -0.32],
						"0.4167": [1.8, -2.69, -0.32],
						"0.5": [1.58, -3.28, -0.32],
						"0.5833": [0.39, -2.95, -0.32],
						"0.6667": [-0.98, -2.26, -0.32],
						"0.75": [-1.25, -2.11, -0.32],
						"0.8333": [-1.24, -2.65, -0.32]
					}
				},
				"rh_and_gun": {
					"rotation": {
						"0.0": [-36.52, -13.54, 23.25],
						"0.0833": [-28.28, -16.91, 15.58],
						"0.1667": [-30.29, -22.92, 16.74],
						"0.25": [-32.29, -25.54, 18.57],
						"0.3333": [-36.18, -30.3, 22.33],
						"0.4167": [-33.57, -31.35, 20.34],
						"0.5": [-33.2, -30.45, 20.13],
						"0.5833": [-40.46, -24.64, 26.68],
						"0.6667": [-41.8, -18.37, 27.91],
						"0.75": [-38.8, -15.52, 25.27],
						"0.8333": [-36.52, -13.54, 23.25]
					},
					"position": {
						"0.0": [-1.24, -2.65, -0.32],
						"0.0833": [-0.39, -3.62, -0.32],
						"0.1667": [0.99, -2.47, -0.32],
						"0.25": [1.67, -2.02, -0.32],
						"0.3333": [1.95, -2.09, -0.32],
						"0.4167": [1.58, -3.28, -0.32],
						"0.5": [1.22, -3.28, -0.32],
						"0.5833": [-0.49, -2.56, -0.32],
						"0.6667": [-1.25, -2.11, -0.32],
						"0.75": [-1.29, -2.35, -0.32],
						"0.8333": [-1.24, -2.65, -0.32]
					}
				}
			}
		},
		"run_end": {
			"animation_length": 0.5833,
			"bones": {
				"lh_and_gun": {
					"rotation": {
						"0.0": [-36.52, 3.46, 23.25],
						"0.0833": [-17.21, 0.95, 6.44],
						"0.1667": [0.6, 0.79, 0.94],
						"0.25": [0.34, 0.79, 0.44],
						"0.3333": [-0.59, -0.2, -0.11],
						"0.4167": [0.19, 0.1, 0],
						"0.5": [0.19, 0.09, 0.01],
						"0.5833": [0, 0, 0]
					},
					"position": {
						"0.0": [-0.49, -1.16, -0.32],
						"0.0833": [0, -0.98, -0.33],
						"0.1667": [0, -0.11, 0.46],
						"0.25": [0, -0.06, 0.31],
						"0.3333": [0, -0.04, -0.11],
						"0.4167": [0, 0, -0.02],
						"0.5": [0, 0, 0],
						"0.5833": [0, 0, 0]
					}
				},
				"rh_and_gun": {
					"rotation": {
						"0.0": [-10.86, -6.3, 11.88],
						"0.0833": [-5.11, -2.75, 6.44],
						"0.1667": [0.6, 0.79, 0.94],
						"0.25": [0.34, 0.79, 0.44],
						"0.3333": [-0.59, -0.2, -0.11],
						"0.4167": [0.19, 0.1, 0],
						"0.5": [0.19, 0.09, 0.01],
						"0.5833": [0, 0, 0]
					},
					"position": {
						"0.0": [0, -1.26, -1.2],
						"0.0833": [0, -0.98, -0.33],
						"0.1667": [0, -0.11, 0.46],
						"0.25": [0, -0.06, 0.31],
						"0.3333": [0, -0.04, -0.11],
						"0.4167": [0, 0, -0.02],
						"0.5": [0, 0, 0],
						"0.5833": [0, 0, 0]
					}
				}
			}
		},
		"put_away": {
			"animation_length": 0.5,
			"bones": {
				"lh_and_gun": {
					"rotation": {
						"0.0": [0, 0, -15],
						"0.25": [55, 0, -15]
					},
					"position": {
						"0.0": [4, 0, 0],
						"0.25": [4, -15, 0]
					}
				},
				"lh": {
					"rotation": [90, 0, 180],
					"position": [13, 3, 9],
					"scale": [1, 1.5, 1]
				},
				"rh_and_gun": {
					"rotation": {
						"0.0": {
							"post": [0, 0, 15],
							"lerp_mode": "catmullrom"
						},
						"0.3333": {
							"post": [55, 0, 15],
							"lerp_mode": "catmullrom"
						}
					},
					"position": {
						"0.0": {
							"post": [-4, 0, 0],
							"lerp_mode": "catmullrom"
						},
						"0.3333": {
							"post": [-4, -14, 0],
							"lerp_mode": "catmullrom"
						}
					}
				},
				"rh": {
					"rotation": [90, 0, -180],
					"position": [-13, 3, 9],
					"scale": [1, 1.5, 1]
				}
			}
		},
		"melee_stock": {
			"animation_length": 0.5,
			"bones": {
				"lh_and_gun": {
					"rotation": {
						"0.0": {
							"post": [0, 0, -15],
							"lerp_mode": "catmullrom"
						},
						"0.125": {
							"post": [40, 0, -15],
							"lerp_mode": "catmullrom"
						},
						"0.2917": {
							"post": [0, 0, -15],
							"lerp_mode": "catmullrom"
						},
						"0.5": {
							"post": [0, 0, -15],
							"lerp_mode": "catmullrom"
						}
					},
					"position": {
						"0.0": {
							"post": [4, 0, 0],
							"lerp_mode": "catmullrom"
						},
						"0.125": {
							"post": [4.15951, -0.59528, 7.04416],
							"lerp_mode": "catmullrom"
						},
						"0.2917": {
							"post": [4, 0, 0],
							"lerp_mode": "catmullrom"
						},
						"0.5": {
							"post": [4, 0, 0],
							"lerp_mode": "catmullrom"
						}
					}
				},
				"lh": {
					"rotation": [90, 0, 180],
					"position": [13, 3, 9],
					"scale": [1, 1.5, 1]
				},
				"rh_and_gun": {
					"rotation": {
						"0.0": {
							"post": [0, 0, 15],
							"lerp_mode": "catmullrom"
						},
						"0.0833": {
							"post": [6.33586, -4.02155, 47.27733],
							"lerp_mode": "catmullrom"
						},
						"0.125": {
							"post": [0, 0, 67.5],
							"lerp_mode": "catmullrom"
						},
						"0.2917": {
							"post": [0, 0, 15],
							"lerp_mode": "catmullrom"
						},
						"0.5": {
							"post": [0, 0, 15],
							"lerp_mode": "catmullrom"
						}
					},
					"position": {
						"0.0": {
							"post": [-4, 0, 0],
							"lerp_mode": "catmullrom"
						},
						"0.0833": {
							"post": [-2.73635, -1.80121, 1.59749],
							"lerp_mode": "catmullrom"
						},
						"0.125": {
							"post": [-4, 0, -11],
							"lerp_mode": "catmullrom"
						},
						"0.2917": {
							"post": [-4, 0, 0],
							"lerp_mode": "catmullrom"
						},
						"0.5": {
							"post": [-4, 0, 0],
							"lerp_mode": "catmullrom"
						}
					}
				},
				"rh": {
					"rotation": [90, 0, -180],
					"position": [-13, 3, 9],
					"scale": [1, 1.5, 1]
				},
				"camera": {
					"rotation": {
						"0.0833": {
							"pre": [0, 0, 0],
							"post": [0, 0, 0],
							"lerp_mode": "catmullrom"
						},
						"0.125": {
							"post": [7.5, 0, 0],
							"lerp_mode": "catmullrom"
						},
						"0.2917": {
							"post": [0, 0, 0],
							"lerp_mode": "catmullrom"
						},
						"0.5": {
							"post": [0, 0, 0],
							"lerp_mode": "catmullrom"
						}
					}
				}
			}
		},
		"inspect": {
			"animation_length": 3.75,
			"bones": {
				"lh_and_gun": {
					"rotation": {
						"0.0": {
							"post": [0, 0, -15],
							"lerp_mode": "catmullrom"
						},
						"0.25": {
							"post": [-10, 0, 17.5],
							"lerp_mode": "catmullrom"
						},
						"0.7917": {
							"post": [-10, 0, 17.5],
							"lerp_mode": "catmullrom"
						},
						"1.0833": {
							"post": [-10, 0, 17.5],
							"lerp_mode": "catmullrom"
						},
						"1.375": {
							"post": [-55.88045, -9.96156, -67.42327],
							"lerp_mode": "catmullrom"
						},
						"1.4583": {
							"post": [-62.47925, -10.30318, -70.25303],
							"lerp_mode": "catmullrom"
						},
						"1.7083": {
							"post": [-55.88045, -9.96156, -67.42327],
							"lerp_mode": "catmullrom"
						},
						"2.7083": {
							"post": [-55.88045, -9.96156, -67.42327],
							"lerp_mode": "catmullrom"
						},
						"3.0": {
							"post": [0, 0, -15],
							"lerp_mode": "catmullrom"
						},
						"3.75": {
							"post": [0, 0, -15],
							"lerp_mode": "catmullrom"
						}
					},
					"position": {
						"0.0": {
							"post": [4, 0, 0],
							"lerp_mode": "catmullrom"
						},
						"0.25": {
							"post": [4.10443, 0.33122, -1.96962],
							"lerp_mode": "catmullrom"
						},
						"0.7917": {
							"post": [4.10443, 0.33122, -1.96962],
							"lerp_mode": "catmullrom"
						},
						"1.0833": {
							"post": [4.10443, 0.33122, -1.96962],
							"lerp_mode": "catmullrom"
						},
						"1.375": {
							"post": [-4.68069, 0.22062, 0.45643],
							"lerp_mode": "catmullrom"
						},
						"2.7083": {
							"post": [-4.68069, 0.22062, 0.45643],
							"lerp_mode": "catmullrom"
						},
						"3.0": {
							"post": [4, 0, 0],
							"lerp_mode": "catmullrom"
						},
						"3.75": {
							"post": [4, 0, 0],
							"lerp_mode": "catmullrom"
						}
					}
				},
				"lh": {
					"rotation": [90, 0, 180],
					"position": [13, 3, 9],
					"scale": [1, 1.5, 1]
				},
				"rh_and_gun": {
					"rotation": {
						"0.0": {
							"post": [0, 0, 15],
							"lerp_mode": "catmullrom"
						},
						"0.25": {
							"post": [0, -12.5, -20],
							"lerp_mode": "catmullrom"
						},
						"0.7917": {
							"post": [0, -12.5, -20],
							"lerp_mode": "catmullrom"
						},
						"1.0833": {
							"post": [0, -12.5, -20],
							"lerp_mode": "catmullrom"
						},
						"1.375": {
							"post": [-78.80334, 42.66157, 58.69139],
							"lerp_mode": "catmullrom"
						},
						"1.4583": {
							"post": [-86.50579, 44.52151, 61.30109],
							"lerp_mode": "catmullrom"
						},
						"1.7083": {
							"post": [-78.80334, 42.66157, 58.69139],
							"lerp_mode": "catmullrom"
						},
						"2.7083": {
							"post": [-78.80334, 42.66157, 58.69139],
							"lerp_mode": "catmullrom"
						},
						"3.0": {
							"post": [0, 0, 15],
							"lerp_mode": "catmullrom"
						},
						"3.75": {
							"post": [0, 0, 15],
							"lerp_mode": "catmullrom"
						}
					},
					"position": {
						"0.0": {
							"post": [-4, 0, 0],
							"lerp_mode": "catmullrom"
						},
						"0.25": {
							"post": [-3.59323, 0.14805, -1.95259],
							"lerp_mode": "catmullrom"
						},
						"0.7917": {
							"post": [-3.59323, 0.14805, -1.95259],
							"lerp_mode": "catmullrom"
						},
						"1.0833": {
							"post": [-3.59323, 0.14805, -1.95259],
							"lerp_mode": "catmullrom"
						},
						"1.375": {
							"post": [3.91829, 8.17439, 3.45692],
							"lerp_mode": "catmullrom"
						},
						"2.7083": {
							"post": [3.91829, 8.17439, 3.45692],
							"lerp_mode": "catmullrom"
						},
						"3.0": {
							"post": [-4, 0, 0],
							"lerp_mode": "catmullrom"
						},
						"3.75": {
							"post": [-4, 0, 0],
							"lerp_mode": "catmullrom"
						}
					}
				},
				"rh": {
					"rotation": [90, 0, -180],
					"position": [-13, 3, 9],
					"scale": [1, 1.5, 1]
				},
				"zkf": {
					"rotation": {
						"1.0": [0, 0, 0],
						"1.125": [25, 0, 0],
						"1.3333": [-660, 0, 0],
						"1.4167": [-720, 0, 0]
					}
				},
				"zkf2": {
					"rotation": {
						"1.0": [0, 0, 0],
						"1.125": [25, 0, 0],
						"1.3333": [-660, 0, 0],
						"1.4167": [-720, 0, 0]
					}
				},
				"camera": {
					"rotation": {
						"0.0": {
							"post": [0, 0, 0],
							"lerp_mode": "catmullrom"
						},
						"0.4167": {
							"post": [2.36, 0, 0],
							"lerp_mode": "catmullrom"
						},
						"0.9167": {
							"post": [0, 0, 0],
							"lerp_mode": "catmullrom"
						},
						"1.125": {
							"post": [2.5, 0, 0],
							"lerp_mode": "catmullrom"
						},
						"1.4167": {
							"post": [-12.5, 0, 0],
							"lerp_mode": "catmullrom"
						},
						"1.4583": {
							"post": [-15, 0, 0],
							"lerp_mode": "catmullrom"
						},
						"1.625": {
							"post": [5, 0, 0],
							"lerp_mode": "catmullrom"
						},
						"2.75": {
							"post": [5, 0, 0],
							"lerp_mode": "catmullrom"
						},
						"3.125": {
							"post": [0, 0, 0],
							"lerp_mode": "catmullrom"
						},
						"3.75": {
							"post": [0, 0, 0],
							"lerp_mode": "catmullrom"
						}
					}
				}
			}
		},
		"reload_tactical": {
			"animation_length": 2.25,
			"bones": {
				"lh_and_gun": {
					"rotation": {
						"0.0": {
							"post": [0, 0, -15],
							"lerp_mode": "catmullrom"
						},
						"0.1667": {
							"post": [-10, 0, -15],
							"lerp_mode": "catmullrom"
						},
						"0.25": {
							"post": [-22.5, 0, -15],
							"lerp_mode": "catmullrom"
						},
						"0.4167": {
							"post": [-10, 0, -15],
							"lerp_mode": "catmullrom"
						},
						"0.5417": {
							"post": [0, 0, -15],
							"lerp_mode": "catmullrom"
						},
						"0.75": {
							"post": [0, 0, -15],
							"lerp_mode": "catmullrom"
						},
						"1.125": {
							"post": [42.5, 0, -15],
							"lerp_mode": "catmullrom"
						},
						"1.375": {
							"post": [42.5, 0, -15],
							"lerp_mode": "catmullrom"
						},
						"1.75": {
							"post": [0, 0, -15],
							"lerp_mode": "catmullrom"
						},
						"1.9167": {
							"post": [-3.14516, -0.13725, -17.49623],
							"lerp_mode": "catmullrom"
						},
						"2.0833": {
							"post": [0, 0, -15],
							"lerp_mode": "catmullrom"
						},
						"2.25": {
							"post": [0, 0, -15],
							"lerp_mode": "catmullrom"
						}
					},
					"position": {
						"0.0": {
							"post": [4, 0, 0],
							"lerp_mode": "catmullrom"
						},
						"0.5417": {
							"post": [4, 0, 0],
							"lerp_mode": "catmullrom"
						},
						"0.75": {
							"post": [4, 0, 0],
							"lerp_mode": "catmullrom"
						},
						"1.125": {
							"post": [5.94767, -14.99622, 2.88445],
							"lerp_mode": "catmullrom"
						},
						"1.375": {
							"post": [5.94767, -14.99622, 2.88445],
							"lerp_mode": "catmullrom"
						},
						"1.75": {
							"post": [4, 0, 0],
							"lerp_mode": "catmullrom"
						},
						"1.9167": {
							"post": [3.87421, 1.05695, 0.78849],
							"lerp_mode": "catmullrom"
						},
						"2.0833": {
							"post": [4, 0, 0],
							"lerp_mode": "catmullrom"
						},
						"2.25": {
							"post": [4, 0, 0],
							"lerp_mode": "catmullrom"
						}
					}
				},
				"lh": {
					"rotation": {
						"0.0": [90, 0, 180],
						"0.1667": [90, 0, 180],
						"0.25": [90, 0, 195],
						"0.375": [90, 0, 180]
					},
					"position": [13, 3, 9],
					"scale": [1, 1.5, 1]
				},
				"rh_and_gun": {
					"rotation": {
						"0.0": {
							"post": [0, 0, 15],
							"lerp_mode": "catmullrom"
						},
						"0.1667": {
							"post": [-10, 0, 15],
							"lerp_mode": "catmullrom"
						},
						"0.25": {
							"post": [-22.5, 0, 15],
							"lerp_mode": "catmullrom"
						},
						"0.4167": {
							"post": [-10, 0, 15],
							"lerp_mode": "catmullrom"
						},
						"0.5417": {
							"post": [0, 0, 15],
							"lerp_mode": "catmullrom"
						},
						"0.75": {
							"post": [0, 0, 15],
							"lerp_mode": "catmullrom"
						},
						"1.125": {
							"post": [45, 0, 15],
							"lerp_mode": "catmullrom"
						},
						"1.375": {
							"post": [45, 0, 15],
							"lerp_mode": "catmullrom"
						},
						"1.75": {
							"post": [0, 0, 15],
							"lerp_mode": "catmullrom"
						},
						"1.9167": {
							"post": [-3.33017, 0.14532, 17.49578],
							"lerp_mode": "catmullrom"
						},
						"2.0833": {
							"post": [0, 0, 15],
							"lerp_mode": "catmullrom"
						},
						"2.25": {
							"post": [0, 0, 15],
							"lerp_mode": "catmullrom"
						}
					},
					"position": {
						"0.0": {
							"post": [-4, 0, 0],
							"lerp_mode": "catmullrom"
						},
						"0.5417": {
							"post": [-4, 0, 0],
							"lerp_mode": "catmullrom"
						},
						"0.75": {
							"post": [-4, 0, 0],
							"lerp_mode": "catmullrom"
						},
						"1.125": {
							"post": [-4.94549, -15.11972, 2.12132],
							"lerp_mode": "catmullrom"
						},
						"1.375": {
							"post": [-4.94549, -15.11972, 2.12132],
							"lerp_mode": "catmullrom"
						},
						"1.75": {
							"post": [-4, 0, 0],
							"lerp_mode": "catmullrom"
						},
						"1.9167": {
							"post": [-3.94505, 1.06384, 0.83831],
							"lerp_mode": "catmullrom"
						},
						"2.0833": {
							"post": [-4, 0, 0],
							"lerp_mode": "catmullrom"
						},
						"2.25": {
							"post": [-4, 0, 0],
							"lerp_mode": "catmullrom"
						}
					}
				},
				"rh": {
					"rotation": {
						"0.0": [90, 0, -180],
						"0.1667": [90, 0, -180],
						"0.25": [90, 0, -195],
						"0.375": [90, 0, -180]
					},
					"position": [-13, 3, 9],
					"scale": [1, 1.5, 1]
				},
				"mag": {
					"rotation": {
						"0.1667": [0, 0, 0],
						"0.25": [-15, 0, 0],
						"0.3333": {
							"pre": [-53.33, 0, 0],
							"post": [-53.33, 0, 0],
							"lerp_mode": "catmullrom"
						},
						"0.4583": {
							"post": [-87.5, 0, 0],
							"lerp_mode": "catmullrom"
						},
						"0.5833": {
							"post": [-137.5, 0, 0],
							"lerp_mode": "catmullrom"
						},
						"0.6667": {
							"post": [0, 0, 0],
							"lerp_mode": "catmullrom"
						}
					},
					"position": {
						"0.1667": [0, 0, 0],
						"0.25": [0, 3.94085, 1.57312],
						"0.3333": {
							"pre": [-2, 4.34866, 5.07254],
							"post": [-2, 4.34866, 5.07254],
							"lerp_mode": "catmullrom"
						},
						"0.4583": {
							"post": [-2, 2.57723, 10.52386],
							"lerp_mode": "catmullrom"
						},
						"0.5833": {
							"post": [-4, -2.58094, 15.24913],
							"lerp_mode": "catmullrom"
						},
						"0.6667": {
							"post": [0, 0, 0],
							"lerp_mode": "catmullrom"
						}
					},
					"scale": {
						"0.5833": {
							"pre": [1, 1, 1],
							"post": [1, 1, 1],
							"lerp_mode": "catmullrom"
						},
						"0.625": {
							"post": [0, 0, 0],
							"lerp_mode": "catmullrom"
						},
						"1.375": {
							"post": [0, 0, 0],
							"lerp_mode": "catmullrom"
						},
						"1.4167": {
							"post": [1, 1, 1],
							"lerp_mode": "catmullrom"
						}
					}
				},
				"magazine": {
					"rotation": {
						"0.1667": [0, 0, 0],
						"0.25": [-15, 0, 0],
						"0.3333": {
							"pre": [-53.33, 0, 0],
							"post": [-53.33, 0, 0],
							"lerp_mode": "catmullrom"
						},
						"0.4583": {
							"post": [-87.5, 0, 0],
							"lerp_mode": "catmullrom"
						},
						"0.5833": {
							"post": [-137.5, 0, 0],
							"lerp_mode": "catmullrom"
						},
						"0.6667": {
							"post": [0, 0, 0],
							"lerp_mode": "catmullrom"
						}
					},
					"position": {
						"0.1667": [0, 0, 0],
						"0.25": [0, 3.94085, 1.57312],
						"0.3333": {
							"pre": [2, 4.34866, 5.07254],
							"post": [2, 4.34866, 5.07254],
							"lerp_mode": "catmullrom"
						},
						"0.4583": {
							"post": [3, 2.57723, 10.52386],
							"lerp_mode": "catmullrom"
						},
						"0.5833": {
							"post": [5, -2.58094, 15.24913],
							"lerp_mode": "catmullrom"
						},
						"0.6667": {
							"post": [0, 0, 0],
							"lerp_mode": "catmullrom"
						}
					},
					"scale": {
						"0.5833": {
							"pre": [1, 1, 1],
							"post": [1, 1, 1],
							"lerp_mode": "catmullrom"
						},
						"0.625": {
							"post": [0, 0, 0],
							"lerp_mode": "catmullrom"
						},
						"1.375": {
							"post": [0, 0, 0],
							"lerp_mode": "catmullrom"
						},
						"1.4167": {
							"post": [1, 1, 1],
							"lerp_mode": "catmullrom"
						}
					}
				},
				"mag_standard": {
					"rotation": [0, 0, 0],
					"position": [0, 0, 0]
				},
				"camera": {
					"rotation": {
						"0.0": {
							"post": [0, 0, 0],
							"lerp_mode": "catmullrom"
						},
						"0.1667": {
							"post": [0, 0, 0],
							"lerp_mode": "catmullrom"
						},
						"0.25": {
							"post": [-5, 0, 0],
							"lerp_mode": "catmullrom"
						},
						"0.4583": {
							"post": [0, 0, 0],
							"lerp_mode": "catmullrom"
						},
						"0.8333": {
							"post": [0, 0, 0],
							"lerp_mode": "catmullrom"
						},
						"1.25": {
							"post": [7.5, 0, 0],
							"lerp_mode": "catmullrom"
						},
						"1.5": {
							"post": [7.5, 0, 0],
							"lerp_mode": "catmullrom"
						},
						"1.75": {
							"post": [0, 0, 0],
							"lerp_mode": "catmullrom"
						},
						"1.9167": {
							"post": [0, 0, 0],
							"lerp_mode": "catmullrom"
						},
						"2.0417": {
							"post": [1.5, 0, 0],
							"lerp_mode": "catmullrom"
						},
						"2.25": {
							"post": [0, 0, 0],
							"lerp_mode": "catmullrom"
						}
					}
				},
				"zkf2": {
					"rotation": {
						"1.5": {
							"pre": [0, 0, 0],
							"post": [0, 0, 0],
							"lerp_mode": "catmullrom"
						},
						"1.75": {
							"post": [-727.5, 0, 0],
							"lerp_mode": "catmullrom"
						},
						"2.0": {
							"post": [-720, 0, 0],
							"lerp_mode": "catmullrom"
						}
					}
				},
				"zkf": {
					"rotation": {
						"1.5": {
							"pre": [0, 0, 0],
							"post": [0, 0, 0],
							"lerp_mode": "catmullrom"
						},
						"1.75": {
							"post": [-727.5, 0, 0],
							"lerp_mode": "catmullrom"
						},
						"2.0": {
							"post": [-720, 0, 0],
							"lerp_mode": "catmullrom"
						}
					}
				}
			}
		},
		"reload_empty": {
			"animation_length": 2.25,
			"bones": {
				"lh_and_gun": {
					"rotation": {
						"0.0": {
							"post": [0, 0, -15],
							"lerp_mode": "catmullrom"
						},
						"0.1667": {
							"post": [-10, 0, -15],
							"lerp_mode": "catmullrom"
						},
						"0.25": {
							"post": [-22.5, 0, -15],
							"lerp_mode": "catmullrom"
						},
						"0.4167": {
							"post": [-10, 0, -15],
							"lerp_mode": "catmullrom"
						},
						"0.5417": {
							"post": [0, 0, -15],
							"lerp_mode": "catmullrom"
						},
						"0.75": {
							"post": [0, 0, -15],
							"lerp_mode": "catmullrom"
						},
						"1.125": {
							"post": [42.5, 0, -15],
							"lerp_mode": "catmullrom"
						},
						"1.375": {
							"post": [42.5, 0, -15],
							"lerp_mode": "catmullrom"
						},
						"1.75": {
							"post": [0, 0, -15],
							"lerp_mode": "catmullrom"
						},
						"1.9167": {
							"post": [-3.14516, -0.13725, -17.49623],
							"lerp_mode": "catmullrom"
						},
						"2.0833": {
							"post": [0, 0, -15],
							"lerp_mode": "catmullrom"
						},
						"2.25": {
							"post": [0, 0, -15],
							"lerp_mode": "catmullrom"
						}
					},
					"position": {
						"0.0": {
							"post": [4, 0, 0],
							"lerp_mode": "catmullrom"
						},
						"0.5417": {
							"post": [4, 0, 0],
							"lerp_mode": "catmullrom"
						},
						"0.75": {
							"post": [4, 0, 0],
							"lerp_mode": "catmullrom"
						},
						"1.125": {
							"post": [5.94767, -14.99622, 2.88445],
							"lerp_mode": "catmullrom"
						},
						"1.375": {
							"post": [5.94767, -14.99622, 2.88445],
							"lerp_mode": "catmullrom"
						},
						"1.75": {
							"post": [4, 0, 0],
							"lerp_mode": "catmullrom"
						},
						"1.9167": {
							"post": [3.87421, 1.05695, 0.78849],
							"lerp_mode": "catmullrom"
						},
						"2.0833": {
							"post": [4, 0, 0],
							"lerp_mode": "catmullrom"
						},
						"2.25": {
							"post": [4, 0, 0],
							"lerp_mode": "catmullrom"
						}
					}
				},
				"lh": {
					"rotation": {
						"0.0": [90, 0, 180],
						"0.1667": [90, 0, 180],
						"0.25": [90, 0, 195],
						"0.375": [90, 0, 180]
					},
					"position": [13, 3, 9],
					"scale": [1, 1.5, 1]
				},
				"rh_and_gun": {
					"rotation": {
						"0.0": {
							"post": [0, 0, 15],
							"lerp_mode": "catmullrom"
						},
						"0.1667": {
							"post": [-10, 0, 15],
							"lerp_mode": "catmullrom"
						},
						"0.25": {
							"post": [-22.5, 0, 15],
							"lerp_mode": "catmullrom"
						},
						"0.4167": {
							"post": [-10, 0, 15],
							"lerp_mode": "catmullrom"
						},
						"0.5417": {
							"post": [0, 0, 15],
							"lerp_mode": "catmullrom"
						},
						"0.75": {
							"post": [0, 0, 15],
							"lerp_mode": "catmullrom"
						},
						"1.125": {
							"post": [45, 0, 15],
							"lerp_mode": "catmullrom"
						},
						"1.375": {
							"post": [45, 0, 15],
							"lerp_mode": "catmullrom"
						},
						"1.75": {
							"post": [0, 0, 15],
							"lerp_mode": "catmullrom"
						},
						"1.9167": {
							"post": [-3.33017, 0.14532, 17.49578],
							"lerp_mode": "catmullrom"
						},
						"2.0833": {
							"post": [0, 0, 15],
							"lerp_mode": "catmullrom"
						},
						"2.25": {
							"post": [0, 0, 15],
							"lerp_mode": "catmullrom"
						}
					},
					"position": {
						"0.0": {
							"post": [-4, 0, 0],
							"lerp_mode": "catmullrom"
						},
						"0.5417": {
							"post": [-4, 0, 0],
							"lerp_mode": "catmullrom"
						},
						"0.75": {
							"post": [-4, 0, 0],
							"lerp_mode": "catmullrom"
						},
						"1.125": {
							"post": [-4.94549, -15.11972, 2.12132],
							"lerp_mode": "catmullrom"
						},
						"1.375": {
							"post": [-4.94549, -15.11972, 2.12132],
							"lerp_mode": "catmullrom"
						},
						"1.75": {
							"post": [-4, 0, 0],
							"lerp_mode": "catmullrom"
						},
						"1.9167": {
							"post": [-3.94505, 1.06384, 0.83831],
							"lerp_mode": "catmullrom"
						},
						"2.0833": {
							"post": [-4, 0, 0],
							"lerp_mode": "catmullrom"
						},
						"2.25": {
							"post": [-4, 0, 0],
							"lerp_mode": "catmullrom"
						}
					}
				},
				"rh": {
					"rotation": {
						"0.0": [90, 0, -180],
						"0.1667": [90, 0, -180],
						"0.25": [90, 0, -195],
						"0.375": [90, 0, -180]
					},
					"position": [-13, 3, 9],
					"scale": [1, 1.5, 1]
				},
				"mag": {
					"rotation": {
						"0.1667": [0, 0, 0],
						"0.25": [-15, 0, 0],
						"0.3333": {
							"pre": [-53.33, 0, 0],
							"post": [-53.33, 0, 0],
							"lerp_mode": "catmullrom"
						},
						"0.4583": {
							"post": [-87.5, 0, 0],
							"lerp_mode": "catmullrom"
						},
						"0.5833": {
							"post": [-137.5, 0, 0],
							"lerp_mode": "catmullrom"
						},
						"0.6667": {
							"post": [0, 0, 0],
							"lerp_mode": "catmullrom"
						}
					},
					"position": {
						"0.1667": [0, 0, 0],
						"0.25": [0, 3.94085, 1.57312],
						"0.3333": {
							"pre": [-2, 4.34866, 5.07254],
							"post": [-2, 4.34866, 5.07254],
							"lerp_mode": "catmullrom"
						},
						"0.4583": {
							"post": [-2, 2.57723, 10.52386],
							"lerp_mode": "catmullrom"
						},
						"0.5833": {
							"post": [-4, -2.58094, 15.24913],
							"lerp_mode": "catmullrom"
						},
						"0.6667": {
							"post": [0, 0, 0],
							"lerp_mode": "catmullrom"
						}
					},
					"scale": {
						"0.5833": {
							"pre": [1, 1, 1],
							"post": [1, 1, 1],
							"lerp_mode": "catmullrom"
						},
						"0.625": {
							"post": [0, 0, 0],
							"lerp_mode": "catmullrom"
						},
						"1.375": {
							"post": [0, 0, 0],
							"lerp_mode": "catmullrom"
						},
						"1.4167": {
							"post": [1, 1, 1],
							"lerp_mode": "catmullrom"
						}
					}
				},
				"magazine": {
					"rotation": {
						"0.1667": [0, 0, 0],
						"0.25": [-15, 0, 0],
						"0.3333": {
							"pre": [-53.33, 0, 0],
							"post": [-53.33, 0, 0],
							"lerp_mode": "catmullrom"
						},
						"0.4583": {
							"post": [-87.5, 0, 0],
							"lerp_mode": "catmullrom"
						},
						"0.5833": {
							"post": [-137.5, 0, 0],
							"lerp_mode": "catmullrom"
						},
						"0.6667": {
							"post": [0, 0, 0],
							"lerp_mode": "catmullrom"
						}
					},
					"position": {
						"0.1667": [0, 0, 0],
						"0.25": [0, 3.94085, 1.57312],
						"0.3333": {
							"pre": [2, 4.34866, 5.07254],
							"post": [2, 4.34866, 5.07254],
							"lerp_mode": "catmullrom"
						},
						"0.4583": {
							"post": [3, 2.57723, 10.52386],
							"lerp_mode": "catmullrom"
						},
						"0.5833": {
							"post": [5, -2.58094, 15.24913],
							"lerp_mode": "catmullrom"
						},
						"0.6667": {
							"post": [0, 0, 0],
							"lerp_mode": "catmullrom"
						}
					},
					"scale": {
						"0.5833": {
							"pre": [1, 1, 1],
							"post": [1, 1, 1],
							"lerp_mode": "catmullrom"
						},
						"0.625": {
							"post": [0, 0, 0],
							"lerp_mode": "catmullrom"
						},
						"1.375": {
							"post": [0, 0, 0],
							"lerp_mode": "catmullrom"
						},
						"1.4167": {
							"post": [1, 1, 1],
							"lerp_mode": "catmullrom"
						}
					}
				},
				"mag_standard": {
					"rotation": [0, 0, 0],
					"position": [0, 0, 0]
				},
				"camera": {
					"rotation": {
						"0.0": {
							"post": [0, 0, 0],
							"lerp_mode": "catmullrom"
						},
						"0.1667": {
							"post": [0, 0, 0],
							"lerp_mode": "catmullrom"
						},
						"0.25": {
							"post": [-5, 0, 0],
							"lerp_mode": "catmullrom"
						},
						"0.4583": {
							"post": [0, 0, 0],
							"lerp_mode": "catmullrom"
						},
						"0.8333": {
							"post": [0, 0, 0],
							"lerp_mode": "catmullrom"
						},
						"1.25": {
							"post": [7.5, 0, 0],
							"lerp_mode": "catmullrom"
						},
						"1.5": {
							"post": [7.5, 0, 0],
							"lerp_mode": "catmullrom"
						},
						"1.75": {
							"post": [0, 0, 0],
							"lerp_mode": "catmullrom"
						},
						"1.9167": {
							"post": [0, 0, 0],
							"lerp_mode": "catmullrom"
						},
						"2.0417": {
							"post": [1.5, 0, 0],
							"lerp_mode": "catmullrom"
						},
						"2.25": {
							"post": [0, 0, 0],
							"lerp_mode": "catmullrom"
						}
					}
				},
				"zkf2": {
					"rotation": {
						"1.5": {
							"pre": [0, 0, 0],
							"post": [0, 0, 0],
							"lerp_mode": "catmullrom"
						},
						"1.75": {
							"post": [-727.5, 0, 0],
							"lerp_mode": "catmullrom"
						},
						"2.0": {
							"post": [-720, 0, 0],
							"lerp_mode": "catmullrom"
						}
					}
				},
				"zkf": {
					"rotation": {
						"1.5": {
							"pre": [0, 0, 0],
							"post": [0, 0, 0],
							"lerp_mode": "catmullrom"
						},
						"1.75": {
							"post": [-727.5, 0, 0],
							"lerp_mode": "catmullrom"
						},
						"2.0": {
							"post": [-720, 0, 0],
							"lerp_mode": "catmullrom"
						}
					}
				}
			}
		},
		"shoot": {
			"animation_length": 0.5833,
			"bones": {
				"lh_and_gun": {
					"rotation": {
						"0.0": {
							"post": [0, 0, 0],
							"lerp_mode": "catmullrom"
						},
						"0.0417": {
							"post": [0.16986, -0.11208, 2.14881],
							"lerp_mode": "catmullrom"
						},
						"0.0833": {
							"post": [-0.99135, 0.12866, 1.12246],
							"lerp_mode": "catmullrom"
						},
						"0.1667": {
							"post": [0.77838, 0.0674, -0.52417],
							"lerp_mode": "catmullrom"
						},
						"0.25": {
							"post": [0.27498, -0.0036, 0.17499],
							"lerp_mode": "catmullrom"
						},
						"0.375": {
							"post": [0.425, -0.2, 0.525],
							"lerp_mode": "catmullrom"
						},
						"0.5": {
							"post": [-0.07, -0.075, -0.05],
							"lerp_mode": "catmullrom"
						},
						"0.625": {
							"post": [0, 0, 0],
							"lerp_mode": "catmullrom"
						}
					},
					"position": {
						"0.0": {
							"post": [0, 0, 0],
							"lerp_mode": "catmullrom"
						},
						"0.0417": {
							"post": [0, -0.025, 1.7],
							"lerp_mode": "catmullrom"
						},
						"0.0833": {
							"post": [0, -0.075, 1.555],
							"lerp_mode": "catmullrom"
						},
						"0.1667": {
							"post": [0, -0.175, -0.12],
							"lerp_mode": "catmullrom"
						},
						"0.25": {
							"post": [0, -0.025, 0.1],
							"lerp_mode": "catmullrom"
						},
						"0.375": {
							"post": [0, 0, 0],
							"lerp_mode": "catmullrom"
						}
					}
				},
				"rh_and_gun": {
					"rotation": {
						"0.0": {
							"post": [0, 0, 0],
							"lerp_mode": "catmullrom"
						},
						"0.0417": {
							"post": [0.16986, -0.11208, 2.14881],
							"lerp_mode": "catmullrom"
						},
						"0.0833": {
							"post": [-0.99135, 0.12866, 1.12246],
							"lerp_mode": "catmullrom"
						},
						"0.1667": {
							"post": [0.77838, 0.0674, -0.52417],
							"lerp_mode": "catmullrom"
						},
						"0.25": {
							"post": [0.27498, -0.0036, 0.17499],
							"lerp_mode": "catmullrom"
						},
						"0.375": {
							"post": [0.425, -0.2, 0.525],
							"lerp_mode": "catmullrom"
						},
						"0.5": {
							"post": [-0.07, -0.075, -0.05],
							"lerp_mode": "catmullrom"
						},
						"0.625": {
							"post": [0, 0, 0],
							"lerp_mode": "catmullrom"
						}
					},
					"position": {
						"0.0": {
							"post": [0, 0, 0],
							"lerp_mode": "catmullrom"
						},
						"0.0417": {
							"post": [0, -0.025, 1.7],
							"lerp_mode": "catmullrom"
						},
						"0.0833": {
							"post": [0, -0.075, 1.555],
							"lerp_mode": "catmullrom"
						},
						"0.1667": {
							"post": [0, -0.175, -0.12],
							"lerp_mode": "catmullrom"
						},
						"0.25": {
							"post": [0, -0.025, 0.1],
							"lerp_mode": "catmullrom"
						},
						"0.375": {
							"post": [0, 0, 0],
							"lerp_mode": "catmullrom"
						}
					}
				},
				"muzz_illuminated": {
					"rotation": {
						"0.0": [0, 0, 0],
						"0.0417": [0, 0, 30],
						"0.1667": [0, 0, 70],
						"0.2083": [0, 0, 32.5]
					},
					"scale": {
						"0.0": [2, 2, 2],
						"0.0417": [1, 1, 1],
						"0.1667": [2, 2, 2],
						"0.2083": [1, 1, 1]
					}
				},
				"muzzle_illuminated": {
					"rotation": {
						"0.0": [0, 0, 0],
						"0.0417": [0, 0, 30],
						"0.1667": [0, 0, 70],
						"0.2083": [0, 0, 32.5]
					},
					"scale": {
						"0.0": [2, 2, 2],
						"0.0417": [1, 1, 1],
						"0.1667": [2, 2, 2],
						"0.2083": [1, 1, 1]
					}
				}
			}
		},
		"inspect_empty": {
			"animation_length": 3.75,
			"bones": {
				"lh_and_gun": {
					"rotation": {
						"0.0": {
							"post": [0, 0, -15],
							"lerp_mode": "catmullrom"
						},
						"0.25": {
							"post": [-10, 0, 17.5],
							"lerp_mode": "catmullrom"
						},
						"0.7917": {
							"post": [-10, 0, 17.5],
							"lerp_mode": "catmullrom"
						},
						"1.0833": {
							"post": [-10, 0, 17.5],
							"lerp_mode": "catmullrom"
						},
						"1.375": {
							"post": [-55.88045, -9.96156, -67.42327],
							"lerp_mode": "catmullrom"
						},
						"1.4583": {
							"post": [-62.47925, -10.30318, -70.25303],
							"lerp_mode": "catmullrom"
						},
						"1.7083": {
							"post": [-55.88045, -9.96156, -67.42327],
							"lerp_mode": "catmullrom"
						},
						"2.7083": {
							"post": [-55.88045, -9.96156, -67.42327],
							"lerp_mode": "catmullrom"
						},
						"3.0": {
							"post": [0, 0, -15],
							"lerp_mode": "catmullrom"
						},
						"3.75": {
							"post": [0, 0, -15],
							"lerp_mode": "catmullrom"
						}
					},
					"position": {
						"0.0": {
							"post": [4, 0, 0],
							"lerp_mode": "catmullrom"
						},
						"0.25": {
							"post": [4.10443, 0.33122, -1.96962],
							"lerp_mode": "catmullrom"
						},
						"0.7917": {
							"post": [4.10443, 0.33122, -1.96962],
							"lerp_mode": "catmullrom"
						},
						"1.0833": {
							"post": [4.10443, 0.33122, -1.96962],
							"lerp_mode": "catmullrom"
						},
						"1.375": {
							"post": [-4.68069, 0.22062, 0.45643],
							"lerp_mode": "catmullrom"
						},
						"2.7083": {
							"post": [-4.68069, 0.22062, 0.45643],
							"lerp_mode": "catmullrom"
						},
						"3.0": {
							"post": [4, 0, 0],
							"lerp_mode": "catmullrom"
						},
						"3.75": {
							"post": [4, 0, 0],
							"lerp_mode": "catmullrom"
						}
					}
				},
				"lh": {
					"rotation": [90, 0, 180],
					"position": [13, 3, 9],
					"scale": [1, 1.5, 1]
				},
				"rh_and_gun": {
					"rotation": {
						"0.0": {
							"post": [0, 0, 15],
							"lerp_mode": "catmullrom"
						},
						"0.25": {
							"post": [0, -12.5, -20],
							"lerp_mode": "catmullrom"
						},
						"0.7917": {
							"post": [0, -12.5, -20],
							"lerp_mode": "catmullrom"
						},
						"1.0833": {
							"post": [0, -12.5, -20],
							"lerp_mode": "catmullrom"
						},
						"1.375": {
							"post": [-78.80334, 42.66157, 58.69139],
							"lerp_mode": "catmullrom"
						},
						"1.4583": {
							"post": [-86.50579, 44.52151, 61.30109],
							"lerp_mode": "catmullrom"
						},
						"1.7083": {
							"post": [-78.80334, 42.66157, 58.69139],
							"lerp_mode": "catmullrom"
						},
						"2.7083": {
							"post": [-78.80334, 42.66157, 58.69139],
							"lerp_mode": "catmullrom"
						},
						"3.0": {
							"post": [0, 0, 15],
							"lerp_mode": "catmullrom"
						},
						"3.75": {
							"post": [0, 0, 15],
							"lerp_mode": "catmullrom"
						}
					},
					"position": {
						"0.0": {
							"post": [-4, 0, 0],
							"lerp_mode": "catmullrom"
						},
						"0.25": {
							"post": [-3.59323, 0.14805, -1.95259],
							"lerp_mode": "catmullrom"
						},
						"0.7917": {
							"post": [-3.59323, 0.14805, -1.95259],
							"lerp_mode": "catmullrom"
						},
						"1.0833": {
							"post": [-3.59323, 0.14805, -1.95259],
							"lerp_mode": "catmullrom"
						},
						"1.375": {
							"post": [3.91829, 8.17439, 3.45692],
							"lerp_mode": "catmullrom"
						},
						"2.7083": {
							"post": [3.91829, 8.17439, 3.45692],
							"lerp_mode": "catmullrom"
						},
						"3.0": {
							"post": [-4, 0, 0],
							"lerp_mode": "catmullrom"
						},
						"3.75": {
							"post": [-4, 0, 0],
							"lerp_mode": "catmullrom"
						}
					}
				},
				"rh": {
					"rotation": [90, 0, -180],
					"position": [-13, 3, 9],
					"scale": [1, 1.5, 1]
				},
				"zkf": {
					"rotation": {
						"1.0": [0, 0, 0],
						"1.125": [25, 0, 0],
						"1.3333": [-660, 0, 0],
						"1.4167": [-720, 0, 0]
					}
				},
				"zkf2": {
					"rotation": {
						"1.0": [0, 0, 0],
						"1.125": [25, 0, 0],
						"1.3333": [-660, 0, 0],
						"1.4167": [-720, 0, 0]
					}
				},
				"camera": {
					"rotation": {
						"0.0": {
							"post": [0, 0, 0],
							"lerp_mode": "catmullrom"
						},
						"0.4167": {
							"post": [2.36, 0, 0],
							"lerp_mode": "catmullrom"
						},
						"0.9167": {
							"post": [0, 0, 0],
							"lerp_mode": "catmullrom"
						},
						"1.125": {
							"post": [2.5, 0, 0],
							"lerp_mode": "catmullrom"
						},
						"1.4167": {
							"post": [-12.5, 0, 0],
							"lerp_mode": "catmullrom"
						},
						"1.4583": {
							"post": [-15, 0, 0],
							"lerp_mode": "catmullrom"
						},
						"1.625": {
							"post": [5, 0, 0],
							"lerp_mode": "catmullrom"
						},
						"2.75": {
							"post": [5, 0, 0],
							"lerp_mode": "catmullrom"
						},
						"3.125": {
							"post": [0, 0, 0],
							"lerp_mode": "catmullrom"
						},
						"3.75": {
							"post": [0, 0, 0],
							"lerp_mode": "catmullrom"
						}
					}
				}
			}
		},
		"run_hold": {
			"animation_length": 0.25,
			"bones": {
				"lh_and_gun": {
					"rotation": [-36.52, 3.46, 23.25],
					"position": [-0.49, -1.16, -0.32]
				},
				"rh_and_gun": {
					"rotation": [-36.36455, -21.57124, 23.89001],
					"position": [-0.49, -1.16, -0.32]
				}
			}
		}
	}
}