{
  "materials": [
    {
      "item": {
        "tag": "forge:storage_blocks/gold"
      },
      "count": 12
    },
    {
      "item": {
        "tag": "forge:storage_blocks/emerald"
      },
      "count": 2
    },
    {
      "item": {
        "tag": "forge:storage_blocks/iron"
      },
      "count": 20
    },
    {
      "item": {
        "tag": "forge:nether_stars"
      },
      "count": 1
    },
    {
      "item": {
        "tag": "forge:dusts/redstone"
      },
      "count": 80
    }
  ],
  "result": {
    "type": "attachment",
    "id": "deep_rock_galactic:stock_fatboy"
  },
  "type": "tacz:gun_smith_table_crafting"
}