{
"model": "deep_rock_galactic:gun/btr7_geo",
"texture":  "deep_rock_galactic:gun/uv/btr7",
"slot": "deep_rock_galactic:gun/slot/btr7",
"hud":  "deep_rock_galactic:gun/hud/btr7",
"third_person_animation": "default",
"muzzle_flash": {
      
      "texture": "deep_rock_galactic:flash/bl",
      
      "scale": 2
    },
    "ammo":{
    "tracer_color":"#00FFFF"
  },
  "transform": {
  "scale": {
    // 第三人称手部
    "thirdperson": [0.4, 0.4, 0.4],
    // 地面实体
    "ground": [0.6, 0.6, 0.6],
    // 展示框
    "fixed": [1.2, 1.2, 1.2]
  }
  },
"animation": "deep_rock_galactic:btr7",
"use_default_animation": "rifle",
"text_show": {
   
    "ammo_count_text_pos": {
      
      "scale": 1.5,
      
      "align": "center",
     
      "shadow": false,
      
      "color": "#78cfc4",
     
      "light": 15,
      
      "text": "%ammo_count%"
    },
    "ammo_count_text_pos2": {
   
        "scale": 0.75,
     
        "align": "center",
        
        "shadow": false,
        
        "color": "#78cfc4",
        
        "light": 15,
        
        "text": "-Ammo-"
      }
   
} ,
"shell": {
 
  "initial_velocity": [5, 2, 1],
  
  "random_velocity": [1, 1, 0.25],
 
  "acceleration": [0.0, -10, 0.0],
  
  "angular_velocity": [360, -1200, 90],

  "living_time": 1.0
},
"sounds": {

        "reload_empty": "deep_rock_galactic:btr7/btr7_reload_empty",
        "reload_tactical": "deep_rock_galactic:btr7/btr7_reload_tactical",
        "inspect": "deep_rock_galactic:btr7/btr7_inspect",
        "shoot": "tacz:glock_17/glock17_shoot",
        "shoot_3p": "tacz:glock_17/glock17_shoot_3p",
        "draw": "tacz:glock_17/glock17_draw",
    "put_away": "tacz:ump45/ump45_put_away",
     "melee_push": "tacz:melee_stock/melee_stock_03",
    "melee_stock": "tacz:melee_stock/melee_stock_01"
        

    }
}