{
"model": "deep_rock_galactic:gun/doreda_geo",
"texture":  "deep_rock_galactic:gun/uv/doreda",
"slot": "deep_rock_galactic:gun/slot/doreda",
"hud":  "deep_rock_galactic:gun/hud/doreda",
"third_person_animation": "default",
  "transform": {
  "scale": {
    // 第三人称手部
    "thirdperson": [0.4, 0.4, 0.4],
    // 地面实体
    "ground": [0.6, 0.6, 0.6],
    // 展示框
    "fixed": [1.2, 1.2, 1.2]
  }
  },
  "sounds": {
        "draw": "tacz:ump45/ump45_draw",
    "put_away": "tacz:ump45/ump45_put_away"
   
  },
"animation": "deep_rock_galactic:doreda",
"use_default_animation": "rifle"

}