{
"model": "deep_rock_galactic:gun/gk2_geo",
"texture":  "deep_rock_galactic:gun/uv/gk2",
"slot": "deep_rock_galactic:gun/slot/gk2",
"hud":  "deep_rock_galactic:gun/hud/gk2",
"third_person_animation": "default",
"muzzle_flash": {
      
      "texture": "deep_rock_galactic:flash/bl",
      
      "scale": 2
    },
    "ammo":{
    "tracer_color":"#00FFFF"
  },
  "transform": {
  "scale": {
    // 第三人称手部
    "thirdperson": [0.5, 0.5, 0.5],
    // 地面实体
    "ground": [0.6, 0.6, 0.6],
    // 展示框
    "fixed": [1, 1, 1]
  }
  },
    
"animation": "deep_rock_galactic:gk2",
"use_default_animation": "rifle",
"text_show": {
   
    "ammo_count_text_pos": {
      
      "scale": 0.3,
      
      "align": "center",
     
      "shadow": false,
      
      "color": "#78cfc4",
     
      "light": 15,
      
      "text": "%ammo_count%"
    },
    "ammo_count_text_pos2": {
   
        "scale": 0.2,
     
        "align": "center",
        
        "shadow": false,
        
        "color": "#78cfc4",
        
        "light": 15,
        
        "text": "-Ammo-"
      }
   
} ,
"sounds": {

        "reload_empty": "deep_rock_galactic:gk2/gk2_reload_empty",
        "reload_tactical": "deep_rock_galactic:gk2/gk2_reload_tactical",
        "shoot": "deep_rock_galactic:smart/smart_shoot",
        "shoot_3p": "deep_rock_galactic:smart/smart_shoot_3p",
        "put_away":"deep_rock_galactic:smart/smart_put_away",
        "draw":"deep_rock_galactic:smart/smart_draw",
         "melee_push": "tacz:melee_stock/melee_stock_03",
    "melee_stock": "tacz:melee_stock/melee_stock_01"
        

    },
    "shell": {
        
        "initial_velocity": [5, 2, 1],
       
        "random_velocity": [1, 1, 0.25],
       
        "acceleration": [0.0, -10, 0.0],
        
        "angular_velocity": [360, -1200, 90],
        
        "living_time": 1.0
    }
}