{
"model": "deep_rock_galactic:gun/impact_geo",
"texture":  "deep_rock_galactic:gun/uv/impact",
"slot": "deep_rock_galactic:gun/slot/impact",
"hud":  "deep_rock_galactic:gun/hud/impact",
"third_person_animation": "default",
"show_crosshair":"true",
    
"animation": "deep_rock_galactic:impact",
"use_default_animation": "rifle",


"sounds": {

"reload_empty": "deep_rock_galactic:impact/impact_reload_empty",
        "reload_tactical": "deep_rock_galactic:impact/impact_reload_tactical",
        "draw": "deep_rock_galactic:impact/impact_draw",
    "put_away": "tacz:db_short/db_short_put_away",
    "shoot": "deep_rock_galactic:impact/impact_shoot",
    "inspect": "deep_rock_galactic:voltaic/voltaic_inspect",
     "melee_push": "tacz:melee_stock/melee_stock_03",
    "melee_stock": "tacz:melee_stock/melee_stock_01"
        

    } 
}