{
"model": "deep_rock_galactic:gun/pickaxe_geo",
"texture":  "deep_rock_galactic:gun/uv/pickaxe",
"slot": "deep_rock_galactic:gun/slot/pickaxe",
"hud":  "deep_rock_galactic:gun/hud/pickaxe",
"third_person_animation": "default",
  "transform": {
  "scale": {
    // 第三人称手部
    "thirdperson": [0.4, 0.4, 0.4],
    // 地面实体
    "ground": [0.6, 0.6, 0.6],
    // 展示框
    "fixed": [1.2, 1.2, 1.2]
  }
  },
  "sounds": {
        "inspect": "deep_rock_galactic:pickaxe/pickaxe_inspect",
        "inspect_empty": "deep_rock_galactic:pickaxe/pickaxe_inspect_empty",
        "draw": "tacz:ump45/ump45_draw",
    "put_away": "tacz:ump45/ump45_put_away",
     "melee_push": "deep_rock_galactic:pickaxe/pickaxe_melee_stock",
     "kill": "deep_rock_galactic:misc/kill",
      "flesh_hit": "deep_rock_galactic:misc/kill"
   
  },
"animation": "deep_rock_galactic:pickaxe",
"use_default_animation": "rifle"

}