{
"model": "deep_rock_galactic:gun/pump_geo",
"texture":  "deep_rock_galactic:gun/uv/pump",
"slot": "deep_rock_galactic:gun/slot/pump",
"hud":  "deep_rock_galactic:gun/hud/pump",
"third_person_animation": "default",
"muzzle_flash": {
      
      "texture": "deep_rock_galactic:flash/gl",
      
      "scale": 1.5
    },
    "ammo":{
    "tracer_color":"#08f43a"
  },
    
"animation": "deep_rock_galactic:pump",
"use_default_animation": "rifle",

"sounds": {

        "reload_empty": "deep_rock_galactic:pump/pump_reload",
        "reload_tactical": "deep_rock_galactic:pump/pump_reload_t",
        "shoot": "deep_rock_galactic:pump/pump_shoot",
        "shoot_3p": "deep_rock_galactic:pump/pump_shoot_3p",
        "draw": "tacz:uzi/uzi_draw",
    "put_away": "tacz:uzi/uzi_put_away",
    "inspect": "deep_rock_galactic:pump/pump_inspect",
    "inspect_empty": "deep_rock_galactic:pump/pump_inspect"
        

    },


    "text_show": {
      // 作用的组名，该组的旋转点决定文本的位置和朝向
      "ammo_count": {
        // 文本缩放，默认大小对于 BlockBench 里的 1
        "scale": 0.5,
        // 对齐方式：right，center，left
        "align": "center",
        // 阴影
        "shadow": false,
        // 文本颜色
        "color": "#78cfc4",
        // 亮度：1-15
        "light": 15,
        // 本地化，且支持PlaceholderAPI 风格的占位符
        // 目前仅支持两个：%player_name% %ammo_count%
        "text": "%ammo_count%"
      },
      "ammo": {
        "scale": 0.25,
        "align": "center",
        "shadow": false,
        "color": "#78cfc4",
        "light": 15,
        "text": "-ammo-"
      }
    },
    "shell": {
        
        "initial_velocity": [5, 2, 1],
       
        "random_velocity": [1, 1, 0.25],
       
        "acceleration": [0.0, -10, 0.0],
        
        "angular_velocity": [360, -1200, 90],
        
        "living_time": 1.0
    },
    "offhand_show": {
      "pos": [0, 20, 4],
      "rotate": [0, 0, 30],
      "scale": [0.5, 0.5, 0.5]
    },
    "hotbar_show": {
      "0": {
        "pos": [-4, 24, 3],
        "rotate": [-90, -5, -90],
        "scale": [0.5, 0.5, 0.5]
      }
    }
}