{
"model": "deep_rock_galactic:gun/thunder_geo",
"texture":  "deep_rock_galactic:gun/uv/thunder",
"slot": "deep_rock_galactic:gun/slot/thunder",
"hud":  "deep_rock_galactic:gun/hud/thunder",
"third_person_animation": "default",
    "state_machine": "deep_rock_galactic:thunder_state_machine",
"show_crosshair":"true",
"muzzle_flash": {
      
      "texture": "deep_rock_galactic:flash/common_muzzle_flash",
      
      "scale": 5
    },
    "transform": {
    "scale": {
      // 第三人称手部
      "thirdperson": [0.55, 0.55, 0.55],
      // 地面实体
      "ground": [0.6, 0.6, 0.6],
      // 展示框
      "fixed": [1, 1, 1]
    }
    },
    
"animation": "deep_rock_galactic:thunder",
"use_default_animation": "pistol",
"text_show": {
   
    "ammo_count_text_pos": {
      
      "scale": 0.85,
      
      "align": "center",
     
      "shadow": false,
      
      "color": "#78cfc4",
     
      "light": 15,
      
      "text": "%ammo_count%"
    },
    "ammo_count_text_pos2": {
   
      "scale": 0.4,
   
      "align": "center",
      
      "shadow": false,
      
      "color": "#78cfc4",
      
      "light": 15,
      
      "text": "-Ammo-"
    }
   
} ,
"sounds": {

        //"reload_empty": "deep_rock_galactic:thunder/thunder_reload_empty",
        //"reload_tactical": "deep_rock_galactic:thunder/thunder_reload_tactical",
        "shoot": "deep_rock_galactic:thunder/thunder_shoot",
        "shoot_3p": "deep_rock_galactic:thunder/thunder_shoot_3p",
        "draw": "tacz:hk_g3/hk_g3_draw",
    "put_away": "tacz:rpg7/rpg7_put_away",
     "inspect": "deep_rock_galactic:voltaic/voltaic_inspect"
        

    }
    
}