{
"model": "deep_rock_galactic:gun/zkf_geo",
"texture":  "deep_rock_galactic:gun/uv/zkf",
"slot": "deep_rock_galactic:gun/slot/zkf",
"hud":  "deep_rock_galactic:gun/hud/zkf",
"third_person_animation": "default",
"show_crosshair":"true",
"muzzle_flash": {
      
      "texture": "deep_rock_galactic:flash/bl",
      
      "scale": 2
    },
   
  "transform": {
  "scale": {
  
    "thirdperson": [0.5, 0.5, 0.5],

    "ground": [0.6, 0.6, 0.6],
  
    "fixed": [1, 1, 1]
  }
  },
    
"animation": "deep_rock_galactic:zkf",
"use_default_animation": "rifle",
"text_show": {
   
    "ammo_count_text_pos": {
      
      "scale": 1.5,
      
      "align": "center",
     
      "shadow": false,
      
      "color": "#78cfc4",
     
      "light": 15,
      
      "text": "%ammo_count%"
    },
    "ammo_count_text_pos3": {
      
      "scale": 1.5,
      
      "align": "center",
     
      "shadow": false,
      
      "color": "#78cfc4",
     
      "light": 15,
      
      "text": "%ammo_count%"
    },
    "ammo_count_text_pos2": {
   
        "scale": 0.8,
     
        "align": "center",
        
        "shadow": false,
        
        "color": "#78cfc4",
        
        "light": 15,
        
        "text": "-Ammo-"
      },
      "ammo_count_text_pos4": {
   
        "scale": 0.8,
     
        "align": "center",
        
        "shadow": false,
        
        "color": "#78cfc4",
        
        "light": 15,
        
        "text": "-Ammo-"
      }
   
} ,
"sounds": {

        "reload_empty": "deep_rock_galactic:zkf/zkf_reload_empty",
        "reload_tactical": "deep_rock_galactic:zkf/zkf_reload_tactical",
        "inspect": "deep_rock_galactic:zkf/zkf_inspect",
        "inspect_empty": "deep_rock_galactic:zkf/zkf_inspect_empty",
        "shoot": "tacz:hk416d/hk416d_shoot",
    "shoot_3p": "tacz:hk416d/hk416d_shoot_3p",
        "put_away":"deep_rock_galactic:smart/smart_put_away",
        "draw":"deep_rock_galactic:smart/smart_draw",
         "melee_push": "tacz:melee_stock/melee_stock_03",
    "melee_stock": "tacz:melee_stock/melee_stock_01"
        

    }
    
}