{
	"format_version": "1.12.0",
	"minecraft:geometry": [
		{
			"description": {
				"identifier": "geometry.rifle_shell - Converted",
				"texture_width": 8,
				"texture_height": 8,
				"visible_bounds_width": 2,
				"visible_bounds_height": 1.5,
				"visible_bounds_offset": [0, 0.25, 0]
			},
			"bones": [
				{
					"name": "bone",
					"pivot": [0, 0, 0]
				},
				{
					"name": "she",
					"parent": "bone",
					"pivot": [-0.049, -0.10114, -0.13765],
					"cubes": [
						{
							"origin": [-0.52037, -0.30001, 0.51201],
							"size": [1.04074, 0.60002, 0.25127],
							"inflate": 0.001,
							"uv": {
								"north": {"uv": [5, 3], "uv_size": [1, 0.5]},
								"east": {"uv": [7, 2], "uv_size": [0.5, 0.5]},
								"south": {"uv": [5, 4], "uv_size": [1, 0.5]},
								"west": {"uv": [3, 7], "uv_size": [0.5, 0.5]},
								"up": {"uv": [5, 5], "uv_size": [1, 0.5]},
								"down": {"uv": [0, 6.5], "uv_size": [1, -0.5]}
							}
						},
						{
							"origin": [-0.52037, -0.30002, 0.51201],
							"size": [1.04074, 0.60002, 0.25127],
							"inflate": 0.001,
							"pivot": [0, 0, 0.63765],
							"rotation": [0, 0, -60],
							"uv": {
								"north": {"uv": [1, 6], "uv_size": [1, 0.5]},
								"east": {"uv": [7, 3], "uv_size": [0.5, 0.5]},
								"south": {"uv": [2, 6], "uv_size": [1, 0.5]},
								"west": {"uv": [4, 7], "uv_size": [0.5, 0.5]},
								"up": {"uv": [3, 6], "uv_size": [1, 0.5]},
								"down": {"uv": [6, 3.5], "uv_size": [1, -0.5]}
							}
						},
						{
							"origin": [-0.52037, -0.3, 0.51201],
							"size": [1.04074, 0.60002, 0.25127],
							"inflate": 0.001,
							"pivot": [0, 0, 0.63765],
							"rotation": [0, 0, -120],
							"uv": {
								"north": {"uv": [4, 6], "uv_size": [1, 0.5]},
								"east": {"uv": [7, 4], "uv_size": [0.5, 0.5]},
								"south": {"uv": [6, 4], "uv_size": [1, 0.5]},
								"west": {"uv": [5, 7], "uv_size": [0.5, 0.5]},
								"up": {"uv": [5, 6], "uv_size": [1, 0.5]},
								"down": {"uv": [6, 5.5], "uv_size": [1, -0.5]}
							}
						},
						{
							"origin": [-0.26911, -0.34095, -1.83796],
							"size": [0.83219, 0.47962, 2.40062],
							"inflate": 0.001,
							"pivot": [0.049, -0.10114, -0.13765],
							"rotation": [0, 0, -120],
							"uv": {
								"north": {"uv": [6, 6], "uv_size": [1, 0.5]},
								"east": {"uv": [2, 3], "uv_size": [2.5, 0.5]},
								"south": {"uv": [0, 7], "uv_size": [1, 0.5]},
								"west": {"uv": [4, 0], "uv_size": [2.5, 0.5]},
								"up": {"uv": [0, 0], "uv_size": [1, 2.5]},
								"down": {"uv": [1, 2.5], "uv_size": [1, -2.5]}
							}
						},
						{
							"origin": [-0.4161, -0.25609, -1.83796],
							"size": [0.83219, 0.47962, 2.40062],
							"inflate": 0.001,
							"uv": {
								"north": {"uv": [7, 0], "uv_size": [1, 0.5]},
								"east": {"uv": [4, 1], "uv_size": [2.5, 0.5]},
								"south": {"uv": [1, 7], "uv_size": [1, 0.5]},
								"west": {"uv": [2, 4], "uv_size": [2.5, 0.5]},
								"up": {"uv": [2, 0], "uv_size": [1, 2.5]},
								"down": {"uv": [0, 5.5], "uv_size": [1, -2.5]}
							}
						},
						{
							"origin": [-0.3671, -0.34095, -1.83796],
							"size": [0.83219, 0.47962, 2.40062],
							"inflate": 0.001,
							"pivot": [-0.049, -0.10114, -0.13765],
							"rotation": [0, 0, -60],
							"uv": {
								"north": {"uv": [7, 1], "uv_size": [1, 0.5]},
								"east": {"uv": [4, 2], "uv_size": [2.5, 0.5]},
								"south": {"uv": [2, 7], "uv_size": [1, 0.5]},
								"west": {"uv": [2, 5], "uv_size": [2.5, 0.5]},
								"up": {"uv": [3, 0], "uv_size": [1, 2.5]},
								"down": {"uv": [1, 5.5], "uv_size": [1, -2.5]}
							}
						}
					]
				}
			]
		}
	]
}