{
  "model": "wemql_r:gun/vss_geo",
  "texture": "wemql_r:gun/uv/vss",
  "lod": {
    "model": "wemql_r:gun/lod/vss",
    "texture": "wemql_r:gun/lod/vss"
  },
  "hud": "wemql_r:gun/hud/vss",
  "slot": "wemql_r:gun/slot/vss",
  "animation": "wemql_r:vss",
  "use_default_animation": "rifle",
  "third_person_animation": "default",
  "player_animator_3rd": "tacz:rifle_default.player_animation",
  "transform": {
    "scale": {
      "thirdperson": [0.6, 0.6, 0.6],
      "ground": [0.6, 0.6, 0.6],
      "fixed": [1.2, 1.2, 1.2]
    }
  },
  "muzzle_flash": {
    "texture": "tacz:flash/common_muzzle_flash",
    "scale": 0.75
  },
  "shell": {
    "initial_velocity": [5, 2, 1],
    "random_velocity": [1, 1, 0.25],
    "acceleration": [0.0, -10, 0.0],
    "angular_velocity": [360, -1200, 90],
    "living_time": 1.0
  },
  "sounds": {
    "shoot": "wemql_r:vss/vss_shoot",
    "shoot_3p": "wemql_r:vss/vss_shoot_3p",
    "silence": "wemql_r:vss/vss_silence",
    "silence_3p": "wemql_r:vss/vss_silence_3p",
    "reload_empty": "wemql_r:vss/vss_reload_empty",
    "reload_tactical": "wemql_r:vss/vss_reload_tactical",
    "inspect": "wemql_r:vss/vss_inspect",
    "inspect_empty": "wemql_r:vss/vss_inspect_empty",
    "draw": "tacz:m16a4/m16a4_draw",
    "put_away": "tacz:m16a4/m16a4_put_away",
    "flesh_hit": "wemql_r:flesh_hit",
    "head_hit": "wemql_r:head_hit",
    "kill": "wemql_r:kill"
  },
  "offhand_show": {
    "pos": [1, 19, 4],
    "rotate": [0, 0, 50],
    "scale": [0.5, 0.5, 0.5]
  },
  "hotbar_show": {
    "0": {
      "pos": [-1, 19, 3],
      "rotate": [-180, 0, 130],
      "scale": [0.5, 0.5, 0.5]
    }
  }
}