{
	"format_version": "1.8.0",
	"animations": {
		"static_idle": {
			"animation_length": 0.0333,
			"bones": {
				"magazine": {
					"rotation": [0, 0, 0]
				},
				"lefthand": {
					"rotation": [85.01411, -27.72946, -136.08335],
					"position": [8, -11, -15],
					"scale": [1, 1.5, 1]
				},
				"righthand": {
					"rotation": [90, -347.5, -180],
					"position": [-7.25, -12.75, -1],
					"scale": [1, 1.5, 1]
				},
				"additional_magazine": {
					"rotation": [0, 0, 0]
				},
				"root": {
					"rotation": {
						"0.0": {
							"post": [0, 0, 0],
							"lerp_mode": "catmullrom"
						}
					},
					"position": {
						"0.0": {
							"post": [0, 0, 1.5],
							"lerp_mode": "catmullrom"
						}
					}
				},
				"constraint": {
					"rotation": [0.1, 0.1, 0.1],
					"position": [0.1, 0.1, 0.1]
				}
			}
		},
		"reload_tactical": {
			"animation_length": 2.4,
			"bones": {
				"lefthand": {
					"rotation": {
						"0.0": [85.01411, -27.72946, -136.08335],
						"0.3": [85.01, -27.73, -136.08],
						"0.3333": [109.14773, -10.71877, -189.93564],
						"1.7333": [109.14773, -10.71877, -189.93564],
						"1.9333": [109.14773, -10.71877, -189.93564],
						"2.1": [85.01411, -27.72946, -136.08335]
					},
					"position": {
						"0.0": [8, -11, -15],
						"0.3": [8, -11, -15],
						"0.3333": [7.5, -14, -10],
						"1.7333": [7.5, -14, -10],
						"1.9333": [7.5, -34, -10],
						"2.1": [8, -11, -15]
					},
					"scale": {
						"0.0": [1, 1.5, 1],
						"2.1": [1, 1.5, 1]
					}
				},
				"righthand": {
					"rotation": [90, -347.5, -180],
					"position": [-7.25, -12.75, -1],
					"scale": [1, 1.5, 1]
				},
				"additional_magazine": {
					"rotation": {
						"0.5667": [0, 0, 0],
						"0.6667": [0, 0, 0],
						"0.7667": {
							"pre": [-15, 0, 0],
							"post": [-15, 0, 0],
							"lerp_mode": "catmullrom"
						},
						"0.9": {
							"post": [-16.87, 0, 0],
							"lerp_mode": "catmullrom"
						},
						"1.0": {
							"post": [-15, 0, 0],
							"lerp_mode": "catmullrom"
						},
						"1.1": {
							"post": [0, 0, 0],
							"lerp_mode": "catmullrom"
						},
						"1.3": {
							"post": [-32.5, 0, 0],
							"lerp_mode": "catmullrom"
						},
						"1.4": {
							"post": [-36.4, 0, 0],
							"lerp_mode": "catmullrom"
						},
						"1.4667": {
							"post": [-32.5, 0, 0],
							"lerp_mode": "catmullrom"
						},
						"1.5": [0, 0, 0],
						"1.7": [0, 0, 0]
					},
					"position": {
						"0.6": [0, 0, 0],
						"0.7": [0, 0, 0],
						"0.8": {
							"pre": [0, -5.4375, 0],
							"post": [0, -5.4375, 0],
							"lerp_mode": "catmullrom"
						},
						"0.9333": {
							"post": [0.13, -4.8725, 0],
							"lerp_mode": "catmullrom"
						},
						"1.0333": {
							"post": [0, -4.875, 0],
							"lerp_mode": "catmullrom"
						},
						"1.1333": {
							"post": [-2, -5, 0],
							"lerp_mode": "catmullrom"
						},
						"1.3333": {
							"post": [-2, -3.5, -1.875],
							"lerp_mode": "catmullrom"
						},
						"1.4333": {
							"post": [-2, -3.6725, -2.35],
							"lerp_mode": "catmullrom"
						},
						"1.5": {
							"post": [-2, -3.25, -2.375],
							"lerp_mode": "catmullrom"
						},
						"1.5333": [-2.25, -2, -0.25],
						"1.7333": [-2.25, -2, -0.25],
						"1.9333": [-2.25, -18, -0.25],
						"1.9667": [-2.25, -23, -0.25]
					}
				},
				"root": {
					"rotation": {
						"0.0": {
							"post": [0, 0, 0],
							"lerp_mode": "catmullrom"
						},
						"0.0667": {
							"post": [9.38, 2.06, -4.11],
							"lerp_mode": "catmullrom"
						},
						"0.2": {
							"post": [5.30359, 2.98995, -11.01552],
							"lerp_mode": "catmullrom"
						},
						"0.3": {
							"post": [-22.27379, -6.12443, -33.30306],
							"lerp_mode": "catmullrom"
						},
						"0.4333": {
							"post": [-19.72, -4.035, -29.885],
							"lerp_mode": "catmullrom"
						},
						"0.6": {
							"post": [-23.77, -6.17, -34.04],
							"lerp_mode": "catmullrom"
						},
						"0.7667": {
							"post": [-22.29, -6.01, -33.16],
							"lerp_mode": "catmullrom"
						},
						"0.8": {
							"post": [-15.465, -8.8575, -32.81],
							"lerp_mode": "catmullrom"
						},
						"0.9333": {
							"post": [-22.46, -4.87, -31.99],
							"lerp_mode": "catmullrom"
						},
						"1.0333": {
							"post": [-20.355, -6.725, -29.525],
							"lerp_mode": "catmullrom"
						},
						"1.1333": {
							"post": [-22.29, -6.01, -33.16],
							"lerp_mode": "catmullrom"
						},
						"1.3333": {
							"post": [-19.63816, -23.40393, -51.11085],
							"lerp_mode": "catmullrom"
						},
						"1.4": {
							"post": [-17.79, -22.035, -54.035],
							"lerp_mode": "catmullrom"
						},
						"1.5": {
							"post": [-19.63816, -23.40393, -51.11085],
							"lerp_mode": "catmullrom"
						},
						"1.5333": {
							"post": [-22.985, -23.235, -56.195],
							"lerp_mode": "catmullrom"
						},
						"1.7": {
							"post": [-19.63816, -23.40393, -51.11085],
							"lerp_mode": "catmullrom"
						},
						"1.8667": {
							"post": [-22.29, -6.01, -33.16],
							"lerp_mode": "catmullrom"
						},
						"2.0": {
							"post": [7.41, -2.17, -17.25],
							"lerp_mode": "catmullrom"
						},
						"2.1667": {
							"post": [0, 0, 0],
							"lerp_mode": "catmullrom"
						},
						"2.2667": {
							"post": [3.345, 0.16, 0.49],
							"lerp_mode": "catmullrom"
						},
						"2.3333": {
							"post": [0, 0, 0],
							"lerp_mode": "catmullrom"
						}
					},
					"position": {
						"0.0": {
							"post": [0, 0, 1.5],
							"lerp_mode": "catmullrom"
						},
						"0.1": {
							"post": [0, 1.5, 0.41],
							"lerp_mode": "catmullrom"
						},
						"0.2": {
							"post": [0, 1, 1.3125],
							"lerp_mode": "catmullrom"
						},
						"1.9": {
							"post": [0, 1, 1.3125],
							"lerp_mode": "catmullrom"
						},
						"2.0667": {
							"post": [0, 1.95, 0.1825],
							"lerp_mode": "catmullrom"
						},
						"2.2": {
							"post": [0, 0, 1.5],
							"lerp_mode": "catmullrom"
						},
						"2.3667": {
							"post": [0, 0, 1.5],
							"lerp_mode": "catmullrom"
						}
					}
				},
				"mag_and_lefthand": {
					"rotation": {
						"0.0": [0, 0, 0],
						"0.1": [-10, -6.125, -8.4375],
						"0.5667": [0, 0, 0],
						"0.6667": [27.5, 0, 0],
						"0.7333": [0, 0, 0],
						"0.7667": {
							"pre": [-30, 0, 0],
							"post": [-30, 0, 0],
							"lerp_mode": "catmullrom"
						},
						"0.9": {
							"post": [-16.87, 0, 0],
							"lerp_mode": "catmullrom"
						},
						"1.0": {
							"post": [-15, 0, 0],
							"lerp_mode": "catmullrom"
						},
						"1.1": {
							"post": [0, 0, 0],
							"lerp_mode": "catmullrom"
						},
						"1.3": {
							"post": [-32.5, 0, 0],
							"lerp_mode": "catmullrom"
						},
						"1.4": {
							"post": [-36.4, 0, 0],
							"lerp_mode": "catmullrom"
						},
						"1.4667": {
							"post": [-32.5, 0, 0],
							"lerp_mode": "catmullrom"
						},
						"1.5": [0, 0, 0]
					},
					"position": {
						"0.0": [0, 0, 0],
						"0.1333": [3, -5.67, 7.11],
						"0.3": [0, -6, 16],
						"0.6": [2, -1, 0],
						"0.7": {
							"pre": [2.03, -0.36, -0.26],
							"post": [2.03, -0.36, -0.26],
							"lerp_mode": "catmullrom"
						},
						"0.7667": {
							"post": [2, -1, 0],
							"lerp_mode": "catmullrom"
						},
						"0.8": {
							"post": [2, -4.4375, 0],
							"lerp_mode": "catmullrom"
						},
						"0.9333": {
							"post": [2.13, -3.8725, 0],
							"lerp_mode": "catmullrom"
						},
						"1.0333": {
							"post": [2, -3.875, 0],
							"lerp_mode": "catmullrom"
						},
						"1.1333": {
							"post": [0, -4, 0],
							"lerp_mode": "catmullrom"
						},
						"1.3333": {
							"post": [0, -2.5, -1.875],
							"lerp_mode": "catmullrom"
						},
						"1.4333": {
							"post": [0, -3.1725, -2.1],
							"lerp_mode": "catmullrom"
						},
						"1.5": {
							"post": [0, -2.5, -1.875],
							"lerp_mode": "catmullrom"
						},
						"1.5333": [0, 0, 0]
					}
				},
				"camera": {
					"rotation": {
						"0.0": {
							"post": [0, 0, 0],
							"lerp_mode": "catmullrom"
						},
						"0.1": {
							"post": [0.07, -0.7075, 0.6525],
							"lerp_mode": "catmullrom"
						},
						"0.2": {
							"post": [0, -0.375, 0.3125],
							"lerp_mode": "catmullrom"
						},
						"0.3": {
							"post": [-0.56, -0.7125, 0.555],
							"lerp_mode": "catmullrom"
						},
						"0.4333": {
							"post": [-1.125, 0, 0],
							"lerp_mode": "catmullrom"
						},
						"0.5667": {
							"post": [0.68, 0.14, 0],
							"lerp_mode": "catmullrom"
						},
						"0.6667": {
							"post": [0.29, 0.08, -0.12],
							"lerp_mode": "catmullrom"
						},
						"0.7667": {
							"post": [0, 0, 0],
							"lerp_mode": "catmullrom"
						},
						"0.8": {
							"post": [2.5625, 1, 2],
							"lerp_mode": "catmullrom"
						},
						"0.9333": {
							"post": [0.53, 0, 0.93],
							"lerp_mode": "catmullrom"
						},
						"1.0333": {
							"post": [-1, 0, 0],
							"lerp_mode": "catmullrom"
						},
						"1.1333": {
							"post": [0, 0, 0],
							"lerp_mode": "catmullrom"
						},
						"1.2333": {
							"post": [0.06, 0, 0],
							"lerp_mode": "catmullrom"
						},
						"1.3333": {
							"post": [0, 0, 0],
							"lerp_mode": "catmullrom"
						},
						"1.4": {
							"post": [0.09, 0.1, 0.07],
							"lerp_mode": "catmullrom"
						},
						"1.5": {
							"post": [0, 0, 0],
							"lerp_mode": "catmullrom"
						},
						"1.5333": {
							"post": [-2, -2.0625, -1.4375],
							"lerp_mode": "catmullrom"
						},
						"1.6667": {
							"post": [0.22, 0.305, 0.3925],
							"lerp_mode": "catmullrom"
						},
						"1.7333": {
							"post": [0.27, 0.38, 0.4],
							"lerp_mode": "catmullrom"
						},
						"1.8333": {
							"post": [0, 0, 0],
							"lerp_mode": "catmullrom"
						},
						"1.9": {
							"post": [0.21, -0.19, -0.23],
							"lerp_mode": "catmullrom"
						},
						"2.0": {
							"post": [0.5425, -0.395, -0.4675],
							"lerp_mode": "catmullrom"
						},
						"2.0667": {
							"post": [0.38, -0.27, -0.3],
							"lerp_mode": "catmullrom"
						},
						"2.1667": {
							"post": [-0.01, -0.01, -0.02],
							"lerp_mode": "catmullrom"
						},
						"2.2667": {
							"post": [-0.5, 0, -0.4475],
							"lerp_mode": "catmullrom"
						},
						"2.3667": {
							"post": [0, 0, 0],
							"lerp_mode": "catmullrom"
						}
					}
				}
			}
		},
		"reload_empty": {
			"animation_length": 3.1333,
			"bones": {
				"magazine": {
					"scale": {
						"0.4667": [0, 0, 0],
						"0.5": [1, 1, 1]
					}
				},
				"lefthand": {
					"rotation": {
						"0.0": [85.01411, -27.72946, -136.08335],
						"0.3": [85.01, -27.73, -136.08],
						"0.3333": [109.14773, -10.71877, -189.93564],
						"1.9333": [109.15, -10.72, -189.94],
						"2.0333": [109.15, -10.72, -189.94],
						"2.2667": [35.61447, -24.28408, -13.50789],
						"2.4667": [35.61447, -24.28408, -13.50789],
						"2.5": [66.27468, -54.56632, -58.75806],
						"2.6333": [98.43, -21.68, -157.14],
						"2.6667": [114.93199, -9.38085, -203.07737],
						"2.8333": [85.01411, -27.72946, -136.08335]
					},
					"position": {
						"0.0": [8, -11, -15],
						"0.3": [8, -11, -15],
						"0.3333": [6.5, -15.6875, -11],
						"1.9333": [6.5, -15.69, -11],
						"2.0333": [11.5, -18.69, -5],
						"2.1333": [5.75, -20.94, -4.67],
						"2.2": [1.36, -16.12, -6.53],
						"2.2667": [2.5, -9.69, -9],
						"2.4667": [2.5, -9.69, -9],
						"2.5": [2.5, -9.69, -6],
						"2.5333": [3, -10.19, -0.83],
						"2.5667": [5.83, -13.02, 1.78],
						"2.6333": [14.5, -16.69, -6],
						"2.8333": [8, -11, -15]
					},
					"scale": {
						"0.0": [1, 1.5, 1],
						"2.8333": [1, 1.5, 1]
					}
				},
				"righthand": {
					"rotation": [90, -347.5, -180],
					"position": [-7.25, -12.75, -1],
					"scale": [1, 1.5, 1]
				},
				"additional_magazine": {
					"rotation": {
						"0.9": {
							"pre": [0, 0, 0],
							"post": [0, 0, 0],
							"lerp_mode": "catmullrom"
						},
						"0.9333": {
							"post": [-34.53397, -8.1902, -34.30964],
							"lerp_mode": "catmullrom"
						},
						"0.9667": {
							"post": [-35.35779, -1.01101, -24.03708],
							"lerp_mode": "catmullrom"
						},
						"1.0": {
							"post": [-55.20741, -5.12076, -26.89104],
							"lerp_mode": "catmullrom"
						},
						"1.1": {
							"post": [-286.97271, 0.04984, -16.79119],
							"lerp_mode": "catmullrom"
						}
					},
					"position": {
						"0.9": {
							"pre": [0, 0, 0],
							"post": [0, 0, 0],
							"lerp_mode": "catmullrom"
						},
						"0.9333": {
							"post": [4.75, -6.5, -7],
							"lerp_mode": "catmullrom"
						},
						"0.9667": {
							"post": [8.75, -10.5, -12],
							"lerp_mode": "catmullrom"
						},
						"1.0": {
							"post": [10.75, -13.5, -16],
							"lerp_mode": "catmullrom"
						},
						"1.1333": {
							"post": [12.75, -35.5, -46],
							"lerp_mode": "catmullrom"
						},
						"1.2333": {
							"post": [12.75, -63.5, -51],
							"lerp_mode": "catmullrom"
						}
					},
					"scale": {
						"1.1333": {
							"pre": [1, 1, 1],
							"post": [1, 1, 1],
							"lerp_mode": "catmullrom"
						},
						"1.3333": {
							"post": [0, 0, 0],
							"lerp_mode": "catmullrom"
						}
					}
				},
				"root": {
					"rotation": {
						"0.0": {
							"post": [0, 0, 0],
							"lerp_mode": "catmullrom"
						},
						"0.0667": {
							"post": [9.38, 2.06, -4.11],
							"lerp_mode": "catmullrom"
						},
						"0.1667": {
							"post": [5.30359, 2.98995, -11.01552],
							"lerp_mode": "catmullrom"
						},
						"0.3": {
							"post": [-22.27379, -6.12443, -33.30306],
							"lerp_mode": "catmullrom"
						},
						"0.4": {
							"post": [-19.72, -4.035, -29.885],
							"lerp_mode": "catmullrom"
						},
						"0.6": {
							"post": [-17.68815, -1.89959, -20.07386],
							"lerp_mode": "catmullrom"
						},
						"0.7667": {
							"post": [-23.77, -6.17, -34.04],
							"lerp_mode": "catmullrom"
						},
						"0.8667": {
							"post": [-23.77, -6.17, -34.04],
							"lerp_mode": "catmullrom"
						},
						"0.9": {
							"post": [-36.8235, 2.84632, -16.1617],
							"lerp_mode": "catmullrom"
						},
						"1.0333": {
							"post": [-28.6126, -1.09832, -23.98346],
							"lerp_mode": "catmullrom"
						},
						"1.1": {
							"post": [-23.77, -6.17, -34.04],
							"lerp_mode": "catmullrom"
						},
						"1.2667": {
							"post": [-19.69695, -7.76102, -32.21115],
							"lerp_mode": "catmullrom"
						},
						"1.4": {
							"post": [-23.77, -6.17, -34.04],
							"lerp_mode": "catmullrom"
						},
						"1.5667": {
							"post": [-22.38366, -8.06786, -36.4505],
							"lerp_mode": "catmullrom"
						},
						"1.7": {
							"post": [-23.77, -6.17, -34.04],
							"lerp_mode": "catmullrom"
						},
						"1.7333": {
							"post": [-31.00952, -7.3684, -36.24949],
							"lerp_mode": "catmullrom"
						},
						"1.9": {
							"post": [-23.77, -6.17, -34.04],
							"lerp_mode": "catmullrom"
						},
						"2.0": {
							"post": [-5.98415, -4.86885, -26.01355],
							"lerp_mode": "catmullrom"
						},
						"2.1": {
							"post": [-9.97401, -3.77051, -18.68765],
							"lerp_mode": "catmullrom"
						},
						"2.1667": {
							"post": [-12.14335, -3.20891, -14.89067],
							"lerp_mode": "catmullrom"
						},
						"2.2667": {
							"post": [-11.37869, -2.87319, -13.13958],
							"lerp_mode": "catmullrom"
						},
						"2.4333": {
							"post": [-12.14, -3.21, -14.89],
							"lerp_mode": "catmullrom"
						},
						"2.4667": {
							"post": [-12.54, -3.26, -15.03],
							"lerp_mode": "catmullrom"
						},
						"2.5": {
							"post": [-15.80787, -9.17509, -26.30994],
							"lerp_mode": "catmullrom"
						},
						"2.6667": {
							"post": [-12.14, -3.21, -14.89],
							"lerp_mode": "catmullrom"
						},
						"2.7667": {
							"post": [7.41, -2.17, -17.25],
							"lerp_mode": "catmullrom"
						},
						"2.9333": {
							"post": [0, 0, 0],
							"lerp_mode": "catmullrom"
						},
						"3.0333": {
							"post": [3.345, 0.16, 0.49],
							"lerp_mode": "catmullrom"
						},
						"3.1333": {
							"post": [0, 0, 0],
							"lerp_mode": "catmullrom"
						}
					},
					"position": {
						"0.0": {
							"post": [0, 0, 1.5],
							"lerp_mode": "catmullrom"
						},
						"0.1": {
							"post": [0, 1.5, 0.41],
							"lerp_mode": "catmullrom"
						},
						"0.2": {
							"post": [0, 1, 1.3125],
							"lerp_mode": "catmullrom"
						},
						"0.4333": {
							"post": [0, 0.97, 1.36],
							"lerp_mode": "catmullrom"
						},
						"0.5667": {
							"post": [-0.375, 1, 1.31],
							"lerp_mode": "catmullrom"
						},
						"0.8": {
							"post": [0, 1, 1.31],
							"lerp_mode": "catmullrom"
						},
						"0.9": {
							"post": [0, 1, 1.31],
							"lerp_mode": "catmullrom"
						},
						"0.9333": {
							"post": [0, 1, 1.31],
							"lerp_mode": "catmullrom"
						},
						"1.1333": {
							"post": [0, 1, 1.31],
							"lerp_mode": "catmullrom"
						},
						"1.4333": {
							"post": [0, 1, 1.31],
							"lerp_mode": "catmullrom"
						},
						"1.7333": {
							"post": [0, 1, 1.31],
							"lerp_mode": "catmullrom"
						},
						"1.7667": {
							"post": [0, 1, 1.31],
							"lerp_mode": "catmullrom"
						},
						"1.9333": {
							"post": [0, 1, 1.31],
							"lerp_mode": "catmullrom"
						},
						"2.0333": {
							"post": [0.41, 1.18, 2.31],
							"lerp_mode": "catmullrom"
						},
						"2.1667": {
							"post": [1, 1.4375, 1.31],
							"lerp_mode": "catmullrom"
						},
						"2.4333": {
							"post": [1, 1.44, 1.31],
							"lerp_mode": "catmullrom"
						},
						"2.4667": {
							"post": [1.02, 1.43, 1.33],
							"lerp_mode": "catmullrom"
						},
						"2.5": {
							"post": [1.03, 1.43, 2.215],
							"lerp_mode": "catmullrom"
						},
						"2.6": {
							"post": [1, 1.44, 1.31],
							"lerp_mode": "catmullrom"
						},
						"2.8333": {
							"post": [0, 1.95, 0.1825],
							"lerp_mode": "catmullrom"
						},
						"2.9667": {
							"post": [0, 0, 1.5],
							"lerp_mode": "catmullrom"
						},
						"3.1333": {
							"post": [0, 0, 1.5],
							"lerp_mode": "catmullrom"
						}
					}
				},
				"mag_and_lefthand": {
					"rotation": {
						"0.0": [0, 0, 0],
						"0.1": [-10, -6.125, -8.4375],
						"0.6": [0, 0, -52.5],
						"0.7333": {
							"pre": [-24.0625, 0, -52.5],
							"post": [-24.0625, 0, -52.5],
							"lerp_mode": "catmullrom"
						},
						"0.8667": {
							"post": [0, 0, -52.5],
							"lerp_mode": "catmullrom"
						},
						"0.9": [36, 0, -52.5],
						"0.9333": {
							"pre": [48.25557, -5.6101, -47.51439],
							"post": [48.25557, -5.6101, -47.51439],
							"lerp_mode": "catmullrom"
						},
						"1.0333": {
							"post": [53.69023, -16.31874, -31.71317],
							"lerp_mode": "catmullrom"
						},
						"1.1333": {
							"post": [48.26, -5.61, -47.51],
							"lerp_mode": "catmullrom"
						},
						"1.1667": {
							"post": [48.26, -5.61, -47.51],
							"lerp_mode": "catmullrom"
						},
						"1.2667": {
							"post": [29.45959, 2.66994, -47.64019],
							"lerp_mode": "catmullrom"
						},
						"1.4": {
							"post": [15.6925, -2.805, -23.755],
							"lerp_mode": "catmullrom"
						},
						"1.5": {
							"post": [-32.5, 0, 0],
							"lerp_mode": "catmullrom"
						},
						"1.6": {
							"post": [-36.4, 0, 0],
							"lerp_mode": "catmullrom"
						},
						"1.7": {
							"post": [-48.5, 0, 0],
							"lerp_mode": "catmullrom"
						},
						"1.7333": [0, 0, 0]
					},
					"position": {
						"0.0": [0, 0, 0],
						"0.1333": [3, -5.67, 7.11],
						"0.3": [0, -6, 16],
						"0.6333": [2, -2.0625, 4],
						"0.8": {
							"pre": [2, -2.06, 4.75],
							"post": [2, -2.06, 4.75],
							"lerp_mode": "catmullrom"
						},
						"0.9": {
							"post": [2, -2.0625, 4],
							"lerp_mode": "catmullrom"
						},
						"0.9333": [2.6875, -4, 0.75],
						"0.9667": {
							"pre": [5.69, -11, -4.25],
							"post": [5.69, -11, -4.25],
							"lerp_mode": "catmullrom"
						},
						"1.0667": {
							"post": [8.19, -11, -6.0625],
							"lerp_mode": "catmullrom"
						},
						"1.1667": {
							"post": [5.69, -11, -4.25],
							"lerp_mode": "catmullrom"
						},
						"1.2": {
							"post": [5.69, -11, -4.25],
							"lerp_mode": "catmullrom"
						},
						"1.3": {
							"post": [7.95, -8.61, -0.05],
							"lerp_mode": "catmullrom"
						},
						"1.4333": {
							"post": [3.97, -5.43, 2.0675],
							"lerp_mode": "catmullrom"
						},
						"1.5333": {
							"post": [0, -2.5, -1.875],
							"lerp_mode": "catmullrom"
						},
						"1.6333": {
							"post": [0, -3.1725, -2.1],
							"lerp_mode": "catmullrom"
						},
						"1.7333": {
							"post": [0, -2.5, -1.875],
							"lerp_mode": "catmullrom"
						},
						"1.7667": [0, 0, 0]
					}
				},
				"qiangshuan": {
					"rotation": {
						"2.4667": {
							"pre": [0, 0, 0],
							"post": [0, 0, 0],
							"lerp_mode": "catmullrom"
						}
					},
					"position": {
						"2.4667": {
							"pre": [0, 0, 0],
							"post": [0, 0, 0],
							"lerp_mode": "catmullrom"
						},
						"2.5": {
							"post": [0, 0, 4],
							"lerp_mode": "catmullrom"
						},
						"2.5667": {
							"post": [0, 0, 0],
							"lerp_mode": "catmullrom"
						}
					}
				},
				"camera": {
					"rotation": {
						"0.0": {
							"post": [0, 0, 0],
							"lerp_mode": "catmullrom"
						},
						"0.1": {
							"post": [0.07, -0.7075, 0.6525],
							"lerp_mode": "catmullrom"
						},
						"0.2": {
							"post": [0, -0.375, 0.3125],
							"lerp_mode": "catmullrom"
						},
						"0.3": {
							"post": [-0.56, -0.7125, 0.555],
							"lerp_mode": "catmullrom"
						},
						"0.4333": {
							"post": [-1.125, 0, 0],
							"lerp_mode": "catmullrom"
						},
						"0.6333": {
							"post": [-1.15, 0.04, -0.5925],
							"lerp_mode": "catmullrom"
						},
						"0.8": {
							"post": [-1.12, 0, 0],
							"lerp_mode": "catmullrom"
						},
						"0.9": {
							"post": [-1.12, 0, 0],
							"lerp_mode": "catmullrom"
						},
						"0.9333": {
							"post": [2.1925, -2.875, 4.6875],
							"lerp_mode": "catmullrom"
						},
						"1.0333": {
							"post": [-1.12, 0, 0],
							"lerp_mode": "catmullrom"
						},
						"1.1667": {
							"post": [-1.6825, 0.8125, -0.6875],
							"lerp_mode": "catmullrom"
						},
						"1.3667": {
							"post": [-1.12, 0, 0],
							"lerp_mode": "catmullrom"
						},
						"1.5333": {
							"post": [-1.15, 0.04, 0.45],
							"lerp_mode": "catmullrom"
						},
						"1.7333": {
							"post": [-1.12, 0, 0],
							"lerp_mode": "catmullrom"
						},
						"1.7667": {
							"post": [0.13, -1.75, -2.75],
							"lerp_mode": "catmullrom"
						},
						"1.9333": {
							"post": [-1.12, 0, 0],
							"lerp_mode": "catmullrom"
						},
						"2.1667": {
							"post": [-1.92, 1.0325, -1.2325],
							"lerp_mode": "catmullrom"
						},
						"2.4667": {
							"post": [-1.12, 0, 0],
							"lerp_mode": "catmullrom"
						},
						"2.5": {
							"post": [-1.87, -1.75, 2],
							"lerp_mode": "catmullrom"
						},
						"2.7333": {
							"post": [0.5425, -0.395, -0.4675],
							"lerp_mode": "catmullrom"
						},
						"2.8": {
							"post": [0.38, -0.27, -0.3],
							"lerp_mode": "catmullrom"
						},
						"2.9": {
							"post": [-0.01, -0.01, -0.02],
							"lerp_mode": "catmullrom"
						},
						"3.0": {
							"post": [-0.5, 0, -0.4475],
							"lerp_mode": "catmullrom"
						},
						"3.1": {
							"post": [0, 0, 0],
							"lerp_mode": "catmullrom"
						}
					}
				},
				"bullet_in_barrel3": {
					"scale": 0
				},
				"bullet": {
					"scale": {
						"0.9": [1, 1, 1],
						"0.9333": {
							"pre": [1, 1, 1],
							"post": [0, 0, 0]
						},
						"1.0333": {
							"pre": [0, 0, 0],
							"post": [0, 0, 0]
						},
						"1.0667": {
							"pre": [0, 0, 0],
							"post": [1, 1, 1]
						}
					}
				}
			}
		},
		"shoot": {
			"animation_length": 0.6333,
			"bones": {
				"m4a1_bolt": {
					"position": {
						"0.0": [0, 0, 0],
						"0.0333": [0, 0, 5],
						"0.0667": [0, 0, 0]
					}
				},
				"constraint": {
					"rotation": {
						"0.0": [0.2, 0.2, 0.2],
						"0.0667": [0.1, 0.1, 0.1],
						"0.1667": [0, 0, 0]
					},
					"position": {
						"0.0": [0.15, 0.05, 0.25],
						"0.0667": [0.1, 0, 0.1],
						"0.1667": [0, 0, 0]
					}
				},
				"root": {
					"rotation": {
						"0.0": [0, 0, 0],
						"0.0333": [1.23, 0, 0.73],
						"0.0667": [-1.87, 0, -1.17],
						"0.1": [-1.99, 0, -1.23],
						"0.1333": [-0.91, 0, -0.35],
						"0.1667": [0.18, 0, 0.53],
						"0.2": [0.27, 0, 0.27],
						"0.2333": [0.36, 0, 0.01],
						"0.2667": [0.45, 0, -0.25],
						"0.3": [0.38, -0.07, -0.08],
						"0.3333": [0.3, -0.13, 0.08],
						"0.3667": [0.23, -0.2, 0.25],
						"0.4": [0.18, -0.17, 0.17],
						"0.4333": [0.14, -0.14, 0.09],
						"0.4667": [0.1, -0.11, 0.01],
						"0.5": [0.06, -0.07, -0.07],
						"0.5333": [0.04, -0.06, -0.06],
						"0.5667": [0.03, -0.04, -0.04],
						"0.6": [0.01, -0.02, -0.02],
						"0.6333": [0, 0, 0]
					},
					"position": {
						"0.0": [0, 0, 0],
						"0.0333": [0, -0.02, 1.73],
						"0.0667": [0, -0.05, 1.38],
						"0.1": [0, -0.05, 0.67],
						"0.1333": [0, -0.05, -0.04],
						"0.1667": [0, -0.04, -0.01],
						"0.2": [0, -0.04, 0.03],
						"0.2333": [0, -0.03, 0.06],
						"0.2667": [0, -0.02, 0.1],
						"0.3": [0, -0.02, 0.07],
						"0.3333": [0, -0.01, 0.03],
						"0.3667": [0, 0, 0]
					}
				},
				"bullet_in_barrel": {
					"scale": {
						"0.0": [0, 0, 0],
						"0.1667": [0, 0, 0],
						"0.2": [1, 1, 1]
					}
				},
				"camera": {
					"rotation": {
						"0.0": [0, 0, 0],
						"0.0333": [0, 0, 0.6],
						"0.0667": [0, 0, -0.4],
						"0.1": [0, 0, -0.07],
						"0.1333": [0, 0, 0.33],
						"0.1667": [0, 0, 0.08],
						"0.2": [0, 0, -0.22],
						"0.2333": [0, 0, -0.15],
						"0.2667": [0, 0, 0],
						"0.3": [0, 0, 0.02],
						"0.3333": [0, 0, 0.01],
						"0.3667": [0, 0, 0]
					}
				},
				"qiangshuan": {
					"rotation": [0, 0, 0],
					"position": {
						"0.0": [0, 0, 0],
						"0.0333": [0, 0, 4],
						"0.1": [0, 0, 0]
					}
				}
			},
			"sound_effects": {
				"0.0": {
					"effect": "weap_iw9_mike4_fire_plr_02"
				}
			}
		},
		"draw": {
			"animation_length": 0.8,
			"bones": {
				"root": {
					"rotation": {
						"0.0": [0.81, -32.64, 33.95],
						"0.0333": [0.41, -32.66, 32.03],
						"0.0667": [-0.2, -32.9, 29.28],
						"0.1": [-0.85, -32.88, 26.12],
						"0.1333": [-1.39, -32.15, 22.92],
						"0.1667": [-1.65, -30.23, 20.1],
						"0.2": [-1.54, -26.5, 17.61],
						"0.2333": [-1.17, -21.25, 15.2],
						"0.2667": [-0.68, -15.46, 12.92],
						"0.3": [-0.21, -10.08, 10.79],
						"0.3333": [0.1, -6.07, 8.88],
						"0.3667": [0.23, -3.2, 6.78],
						"0.4": [0.22, -1.67, 4.97],
						"0.4333": [0.16, -0.89, 3.43],
						"0.4667": [0.11, -0.29, 2.12],
						"0.5": {
							"pre": [0, 0, 0],
							"post": [0, 0, 0],
							"lerp_mode": "catmullrom"
						},
						"0.5333": [-0.01, -0.43, -0.76],
						"0.5667": [-0.02, -0.32, -0.02],
						"0.6": [-0.01, -0.17, 0.96],
						"0.6333": [-0.01, -0.1, 0.8],
						"0.6667": [0, -0.04, 0.35],
						"0.7": {
							"pre": [0, 0, 0],
							"post": [0, 0, 0],
							"lerp_mode": "catmullrom"
						}
					},
					"position": {
						"0.0": [-3.18, -5.58, 13.53],
						"0.0333": [-2.73, -4.98, 11.4],
						"0.0667": [-2.08, -4.11, 8.31],
						"0.1": [-1.41, -3.19, 5.12],
						"0.1333": [-0.9, -2.45, 2.7],
						"0.1667": [-0.61, -1.94, 1.29],
						"0.2": [-0.45, -1.53, 0.43],
						"0.2333": [-0.34, -1.21, -0.1],
						"0.2667": {
							"pre": [0, 0, 1.5],
							"post": [0, 0, 1.5],
							"lerp_mode": "catmullrom"
						},
						"0.5": {
							"post": [0, 0, 1.5],
							"lerp_mode": "catmullrom"
						},
						"0.7": {
							"post": [0, 0, 1.5],
							"lerp_mode": "catmullrom"
						}
					}
				},
				"lefthand": {
					"rotation": {
						"0.2": [92.39, -41.22, -135.49],
						"0.2333": [93.54, -38.2, -138.33],
						"0.2667": [94.68, -35.18, -141.18],
						"0.3": [95.82, -32.16, -144.02],
						"0.3333": [85.01411, -27.72946, -136.08335]
					},
					"position": {
						"0.2": [10.15, -13.67, -12.82],
						"0.2333": [9.71, -13.16, -12.62],
						"0.2667": [9.28, -12.64, -12.42],
						"0.3": [8.85, -12.13, -12.22],
						"0.3333": [8, -11, -15]
					},
					"scale": {
						"0.0": [1, 1.5, 1],
						"0.3333": [1, 1.5, 1]
					}
				},
				"righthand": {
					"rotation": [90, -347.5, -180],
					"position": [-7.25, -12.75, -1],
					"scale": [1, 1.5, 1]
				},
				"constraint": {
					"rotation": {
						"0.0": [1, 1, 1],
						"0.3667": [0.2, 0.2, 0.2],
						"0.8": [0.2, 0.2, 0.4]
					},
					"position": {
						"0.0": [1, 1, 1],
						"0.3667": [0.2, 0.2, 0.2],
						"0.8": [0.1, 0.1, 0.1]
					}
				},
				"camera": {
					"rotation": {
						"0.0": [0, 0, 0],
						"0.0333": [0.14, -0.01, 0.01],
						"0.0667": [0.35, -0.02, 0.03],
						"0.1": [0.55, -0.05, 0.1],
						"0.1333": [0.77, -0.13, 0.3],
						"0.1667": [0.99, -0.24, 0.56],
						"0.2": [1.1, -0.3, 0.7],
						"0.2333": [1.09, -0.3, 0.68],
						"0.2667": [1.03, -0.29, 0.59],
						"0.3": [0.93, -0.26, 0.47],
						"0.3333": [0.82, -0.23, 0.36],
						"0.3667": [0.7, -0.2, 0.3],
						"0.4": [0.42, -0.14, 0.33],
						"0.4333": [0.1, -0.06, 0.41],
						"0.4667": [-0.1, 0, 0.4],
						"0.5": [0.01, 0.07, 0.03],
						"0.5333": [0.2, 0.1, -0.3],
						"0.5667": [0.16, 0.08, -0.23],
						"0.6": [0.07, 0.03, -0.04],
						"0.6333": [0, 0, 0.1],
						"0.6667": [-0.01, -0.01, 0.11],
						"0.7": [-0.01, -0.01, 0.08],
						"0.7333": [0, 0, 0.03],
						"0.7667": [0, 0, 0]
					}
				}
			},
			"sound_effects": {
				"0.0": {
					"effect": "p01_ar_mike4_raise"
				}
			}
		},
		"inspect_empty": {
			"animation_length": 6.5333,
			"bones": {
				"magazine": {
					"rotation": [0, 0, 0]
				},
				"lefthand": {
					"rotation": {
						"0.0": [85.01411, -27.72946, -136.08335],
						"0.5333": [30.11037, -45.06796, -179.71341],
						"1.1": [30.11, -45.07, -179.71],
						"1.2333": [61.91659, -50.50541, -192.23864],
						"2.0333": [61.91659, -50.50541, -192.23864],
						"2.4333": [66.49744, -15.93694, -88.97654],
						"5.8": [66.5, -15.94, -88.98],
						"6.1333": [85.01411, -27.72946, -136.08335]
					},
					"position": {
						"0.0": [8, -11, -15],
						"0.5": [8, -11, -15],
						"1.0667": [8, -11, -15],
						"1.2": [8, -11, -15],
						"2.0": [8, -11, -15],
						"2.4": [13, -15, -1],
						"5.8333": [13, -15, -1],
						"6.1667": [8, -11, -15]
					},
					"scale": [1, 1.5, 1]
				},
				"righthand": {
					"rotation": [90, -347.5, -180],
					"position": [-7.25, -12.75, -1],
					"scale": [1, 1.5, 1]
				},
				"additional_magazine": {
					"rotation": [0, 0, 0]
				},
				"root": {
					"rotation": {
						"0.0": {
							"post": [0, 0, 0],
							"lerp_mode": "catmullrom"
						},
						"0.5": [-5.44, 62.26, 125.53],
						"1.0667": {
							"pre": [0.05052, 60.63963, 122.25028],
							"post": [0.05052, 60.63963, 122.25028],
							"lerp_mode": "catmullrom"
						},
						"1.2": {
							"post": [-51.76747, 37.8791, 63.73962],
							"lerp_mode": "catmullrom"
						},
						"2.0": {
							"post": [-51.77, 37.88, 63.74],
							"lerp_mode": "catmullrom"
						},
						"2.3333": {
							"post": [-46.3, -3.37, 24.32],
							"lerp_mode": "catmullrom"
						},
						"2.6333": {
							"post": [-65.18944, -40.87033, -11.51069],
							"lerp_mode": "catmullrom"
						},
						"2.9": {
							"post": [-65.18944, -40.87033, -11.51069],
							"lerp_mode": "catmullrom"
						},
						"3.3": {
							"post": [-64.45, -41.98, -11.82],
							"lerp_mode": "catmullrom"
						},
						"3.8": {
							"post": [-64.45, -41.98, -11.82],
							"lerp_mode": "catmullrom"
						},
						"3.8667": {
							"post": [-53.05381, -58.5982, -27.19181],
							"lerp_mode": "catmullrom"
						},
						"5.7": [-65.19, -40.87, -11.51],
						"5.9667": {
							"pre": [10.06489, -15.87044, -3.90856],
							"post": [10.06489, -15.87044, -3.90856],
							"lerp_mode": "catmullrom"
						},
						"6.1667": {
							"post": [0, 0, 0],
							"lerp_mode": "catmullrom"
						},
						"6.3": {
							"post": [3.34444, 0.85556, 0.21],
							"lerp_mode": "catmullrom"
						},
						"6.4667": {
							"post": [0, 0, 0],
							"lerp_mode": "catmullrom"
						}
					},
					"position": {
						"0.0": {
							"post": [0, 0, 1.5],
							"lerp_mode": "catmullrom"
						},
						"0.5333": [0, -1.35, -0.42],
						"1.1": {
							"pre": [0, -1.3125, -0.375],
							"post": [0, -1.3125, -0.375],
							"lerp_mode": "catmullrom"
						},
						"1.2333": {
							"post": [0, -1.31, -0.37],
							"lerp_mode": "catmullrom"
						},
						"2.0333": {
							"post": [0, -1.31, -0.37],
							"lerp_mode": "catmullrom"
						},
						"2.2667": {
							"post": [-0.62, 1.04, -1.33],
							"lerp_mode": "catmullrom"
						},
						"2.6667": {
							"post": [-1.875, -3.2475, -3.245],
							"lerp_mode": "catmullrom"
						},
						"2.9333": {
							"post": [-1.875, -3.2475, -3.245],
							"lerp_mode": "catmullrom"
						},
						"3.5": {
							"post": [-1.92, -3.33, -3.32],
							"lerp_mode": "catmullrom"
						},
						"4.2333": {
							"post": [-1.92, -3.33, -3.32],
							"lerp_mode": "catmullrom"
						},
						"5.7333": [-1.87, -3.25, -3.24],
						"5.9": [-0.93, -1.62, -4.62],
						"6.1": {
							"pre": [0, 0, 1.5],
							"post": [0, 0, 1.5],
							"lerp_mode": "catmullrom"
						}
					}
				},
				"camera": {
					"rotation": {
						"0.0": {
							"post": [0, 0, 0],
							"lerp_mode": "catmullrom"
						},
						"0.2333": {
							"post": [1, 1, -0.06],
							"lerp_mode": "catmullrom"
						},
						"0.5": {
							"post": [0, 0, 0],
							"lerp_mode": "catmullrom"
						},
						"0.6333": {
							"post": [0, 0, 1],
							"lerp_mode": "catmullrom"
						},
						"0.8333": {
							"post": [0, 0, -0.39],
							"lerp_mode": "catmullrom"
						},
						"1.0667": {
							"post": [0, 0, 0],
							"lerp_mode": "catmullrom"
						},
						"1.2": {
							"post": [0, 0, 0],
							"lerp_mode": "catmullrom"
						},
						"1.3333": {
							"post": [0, 0, 1],
							"lerp_mode": "catmullrom"
						},
						"1.5333": {
							"post": [0, 0, -0.39],
							"lerp_mode": "catmullrom"
						},
						"1.7667": {
							"post": [0, 0, 0],
							"lerp_mode": "catmullrom"
						},
						"2.0": {
							"post": [0, 0, 0],
							"lerp_mode": "catmullrom"
						},
						"2.3": {
							"post": [2, 0, 0],
							"lerp_mode": "catmullrom"
						},
						"2.6333": {
							"post": [0, 0, 0],
							"lerp_mode": "catmullrom"
						},
						"2.8333": {
							"post": [-0.14, 0, 1],
							"lerp_mode": "catmullrom"
						},
						"3.0333": {
							"post": [-0.09, 0, -0.39],
							"lerp_mode": "catmullrom"
						},
						"3.3": {
							"post": [0, 0, 0],
							"lerp_mode": "catmullrom"
						},
						"3.7333": {
							"post": [4, 0, 0],
							"lerp_mode": "catmullrom"
						},
						"4.3333": {
							"post": [0, 0, 0],
							"lerp_mode": "catmullrom"
						},
						"5.0": {
							"post": [-7.13, 0, 0],
							"lerp_mode": "catmullrom"
						},
						"5.7": {
							"post": [0, 0, 0],
							"lerp_mode": "catmullrom"
						},
						"6.1667": {
							"post": [0.33, 0, 0],
							"lerp_mode": "catmullrom"
						},
						"6.3333": {
							"post": [0.19, 0, -1],
							"lerp_mode": "catmullrom"
						},
						"6.5": {
							"post": [0, 0, 0],
							"lerp_mode": "catmullrom"
						}
					}
				}
			}
		},
		"put_away": {
			"animation_length": 0.4333,
			"bones": {
				"root": {
					"rotation": {
						"0.0": [0, 0, 0],
						"0.0333": [-0.56, -1.34, -1.72],
						"0.0667": [-0.51, -3.68, -4.19],
						"0.1": [1.37, -7.36, -7.72],
						"0.1333": [4.37, -11.73, -10.29],
						"0.1667": [6.5, -14.6, -9.53],
						"0.2": [9.01, -17.59, -7.69],
						"0.2333": [12.75, -20.93, -6.81],
						"0.2667": [15.93, -23.2, -7.29],
						"0.3": [19.75, -25.65, -8.27],
						"0.3333": [23.91, -28.21, -9.51],
						"0.3667": [28.11, -30.78, -10.78],
						"0.4": [32.04, -33.29, -11.85],
						"0.4333": [38.74, -37.82, -13.36]
					},
					"position": {
						"0.0": [0, 0, 0],
						"0.0333": [-0.21, -0.18, 0.14],
						"0.0667": [-0.45, -0.49, 0.28],
						"0.1": [-0.6, -0.94, 0.35],
						"0.1333": [-0.67, -1.47, 0.34],
						"0.1667": [-0.67, -1.79, 0.28],
						"0.2": [-0.61, -2.14, 0.17],
						"0.2333": [-0.43, -2.62, 0.06],
						"0.2667": [-0.27, -3.01, -0.02],
						"0.3": [-0.06, -3.47, -0.11],
						"0.3333": [0.19, -3.98, -0.2],
						"0.3667": [0.51, -4.5, -0.28],
						"0.4": [0.92, -5.03, -0.33],
						"0.4333": [1.67, -5.76, -0.37]
					}
				},
				"lefthand": {
					"rotation": {
						"0.0": [85.01411, -27.72946, -136.08335],
						"0.0333": [105.62, -25.54, -157.73],
						"0.0667": [114.27, -21.94, -168.6],
						"0.1": [122.93, -18.35, -179.48],
						"0.1333": [131.58, -14.75, -190.35],
						"0.1667": [140.24, -11.15, -201.22],
						"0.2": [148.89, -7.55, -212.09]
					},
					"position": {
						"0.0": [8, -11, -15],
						"0.0333": [8.63, -11.52, -11.92],
						"0.0667": [8.84, -11.43, -11.82],
						"0.1": [9.05, -11.33, -11.72],
						"0.1333": [8.84, -10.69, -11.62],
						"0.1667": [8.63, -10.04, -11.52],
						"0.2": [8.42, -9.39, -11.42]
					},
					"scale": [1, 1.5, 1]
				},
				"righthand": {
					"rotation": [90, -347.5, -180],
					"position": [-7.25, -12.75, -1],
					"scale": [1, 1.5, 1]
				},
				"constraint": {
					"rotation": {
						"0.0": [0.2, 0.2, 0.4],
						"0.1667": [0.8, 0.8, 0.8],
						"0.4333": [1, 1, 1]
					},
					"position": {
						"0.0": [0.1, 0.1, 0.1],
						"0.1667": [0.8, 0.8, 0.8],
						"0.4333": [1, 1, 1]
					}
				},
				"camera": {
					"rotation": {
						"0.0": [0, 0, 0],
						"0.0333": [0.05, 0, -0.04],
						"0.0667": [0.13, 0, -0.09],
						"0.1": [0.22, 0, -0.13],
						"0.1333": [0.3, 0, -0.12],
						"0.1667": [0.43, 0, 0],
						"0.2": [0.56, 0, 0.18],
						"0.2333": [0.64, 0, 0.3],
						"0.2667": [0.64, 0, 0.29],
						"0.3": [0.59, 0, 0.22],
						"0.3333": [0.5, 0, 0.15],
						"0.3667": [0.42, 0, 0.12],
						"0.4": [0.3, 0, 0.08],
						"0.4333": [0.18, 0, 0.05]
					}
				}
			},
			"sound_effects": {
				"0.1": {
					"effect": "p01_ar_mike4_drop"
				}
			}
		},
		"inspect": {
			"animation_length": 6.5333,
			"bones": {
				"magazine": {
					"rotation": [0, 0, 0]
				},
				"lefthand": {
					"rotation": {
						"0.0": [85.01411, -27.72946, -136.08335],
						"0.5333": [30.11037, -45.06796, -179.71341],
						"1.1": [30.11, -45.07, -179.71],
						"1.2333": [61.91659, -50.50541, -192.23864],
						"2.0333": [61.91659, -50.50541, -192.23864],
						"2.4333": [66.49744, -15.93694, -88.97654],
						"5.8": [66.5, -15.94, -88.98],
						"6.1333": [85.01411, -27.72946, -136.08335]
					},
					"position": {
						"0.0": [8, -11, -15],
						"0.5": [8, -11, -15],
						"1.0667": [8, -11, -15],
						"1.2": [8, -11, -15],
						"2.0": [8, -11, -15],
						"2.4": [13, -15, -1],
						"5.8333": [13, -15, -1],
						"6.1667": [8, -11, -15]
					},
					"scale": [1, 1.5, 1]
				},
				"righthand": {
					"rotation": [90, -347.5, -180],
					"position": [-7.25, -12.75, -1],
					"scale": [1, 1.5, 1]
				},
				"additional_magazine": {
					"rotation": [0, 0, 0]
				},
				"root": {
					"rotation": {
						"0.0": {
							"post": [0, 0, 0],
							"lerp_mode": "catmullrom"
						},
						"0.5": [-5.44, 62.26, 125.53],
						"1.0667": {
							"pre": [0.05052, 60.63963, 122.25028],
							"post": [0.05052, 60.63963, 122.25028],
							"lerp_mode": "catmullrom"
						},
						"1.2": {
							"post": [-51.76747, 37.8791, 63.73962],
							"lerp_mode": "catmullrom"
						},
						"2.0": {
							"post": [-51.77, 37.88, 63.74],
							"lerp_mode": "catmullrom"
						},
						"2.3333": {
							"post": [-46.3, -3.37, 24.32],
							"lerp_mode": "catmullrom"
						},
						"2.6333": {
							"post": [-65.18944, -40.87033, -11.51069],
							"lerp_mode": "catmullrom"
						},
						"2.9": {
							"post": [-65.18944, -40.87033, -11.51069],
							"lerp_mode": "catmullrom"
						},
						"3.3": {
							"post": [-64.45, -41.98, -11.82],
							"lerp_mode": "catmullrom"
						},
						"3.8": {
							"post": [-64.45, -41.98, -11.82],
							"lerp_mode": "catmullrom"
						},
						"3.8667": {
							"post": [-53.05381, -58.5982, -27.19181],
							"lerp_mode": "catmullrom"
						},
						"5.7": [-65.19, -40.87, -11.51],
						"5.9667": {
							"pre": [10.06489, -15.87044, -3.90856],
							"post": [10.06489, -15.87044, -3.90856],
							"lerp_mode": "catmullrom"
						},
						"6.1667": {
							"post": [0, 0, 0],
							"lerp_mode": "catmullrom"
						},
						"6.3": {
							"post": [3.34444, 0.85556, 0.21],
							"lerp_mode": "catmullrom"
						},
						"6.4667": {
							"post": [0, 0, 0],
							"lerp_mode": "catmullrom"
						}
					},
					"position": {
						"0.0": {
							"post": [0, 0, 1.5],
							"lerp_mode": "catmullrom"
						},
						"0.5333": [0, -1.35, -0.42],
						"1.1": {
							"pre": [0, -1.3125, -0.375],
							"post": [0, -1.3125, -0.375],
							"lerp_mode": "catmullrom"
						},
						"1.2333": {
							"post": [0, -1.31, -0.37],
							"lerp_mode": "catmullrom"
						},
						"2.0333": {
							"post": [0, -1.31, -0.37],
							"lerp_mode": "catmullrom"
						},
						"2.2667": {
							"post": [-0.62, 1.04, -1.33],
							"lerp_mode": "catmullrom"
						},
						"2.6667": {
							"post": [-1.875, -3.2475, -3.245],
							"lerp_mode": "catmullrom"
						},
						"2.9333": {
							"post": [-1.875, -3.2475, -3.245],
							"lerp_mode": "catmullrom"
						},
						"3.5": {
							"post": [-1.92, -3.33, -3.32],
							"lerp_mode": "catmullrom"
						},
						"4.2333": {
							"post": [-1.92, -3.33, -3.32],
							"lerp_mode": "catmullrom"
						},
						"5.7333": [-1.87, -3.25, -3.24],
						"5.9": [-0.93, -1.62, -4.62],
						"6.1": {
							"pre": [0, 0, 1.5],
							"post": [0, 0, 1.5],
							"lerp_mode": "catmullrom"
						}
					}
				},
				"camera": {
					"rotation": {
						"0.0": {
							"post": [0, 0, 0],
							"lerp_mode": "catmullrom"
						},
						"0.2333": {
							"post": [1, 1, -0.06],
							"lerp_mode": "catmullrom"
						},
						"0.5": {
							"post": [0, 0, 0],
							"lerp_mode": "catmullrom"
						},
						"0.6333": {
							"post": [0, 0, 1],
							"lerp_mode": "catmullrom"
						},
						"0.8333": {
							"post": [0, 0, -0.39],
							"lerp_mode": "catmullrom"
						},
						"1.0667": {
							"post": [0, 0, 0],
							"lerp_mode": "catmullrom"
						},
						"1.2": {
							"post": [0, 0, 0],
							"lerp_mode": "catmullrom"
						},
						"1.3333": {
							"post": [0, 0, 1],
							"lerp_mode": "catmullrom"
						},
						"1.5333": {
							"post": [0, 0, -0.39],
							"lerp_mode": "catmullrom"
						},
						"1.7667": {
							"post": [0, 0, 0],
							"lerp_mode": "catmullrom"
						},
						"2.0": {
							"post": [0, 0, 0],
							"lerp_mode": "catmullrom"
						},
						"2.3": {
							"post": [2, 0, 0],
							"lerp_mode": "catmullrom"
						},
						"2.6333": {
							"post": [0, 0, 0],
							"lerp_mode": "catmullrom"
						},
						"2.8333": {
							"post": [-0.14, 0, 1],
							"lerp_mode": "catmullrom"
						},
						"3.0333": {
							"post": [-0.09, 0, -0.39],
							"lerp_mode": "catmullrom"
						},
						"3.3": {
							"post": [0, 0, 0],
							"lerp_mode": "catmullrom"
						},
						"3.7333": {
							"post": [4, 0, 0],
							"lerp_mode": "catmullrom"
						},
						"4.3333": {
							"post": [0, 0, 0],
							"lerp_mode": "catmullrom"
						},
						"5.0": {
							"post": [-7.13, 0, 0],
							"lerp_mode": "catmullrom"
						},
						"5.7": {
							"post": [0, 0, 0],
							"lerp_mode": "catmullrom"
						},
						"6.1667": {
							"post": [0.33, 0, 0],
							"lerp_mode": "catmullrom"
						},
						"6.3333": {
							"post": [0.19, 0, -1],
							"lerp_mode": "catmullrom"
						},
						"6.5": {
							"post": [0, 0, 0],
							"lerp_mode": "catmullrom"
						}
					}
				}
			}
		}
	}
}