{
  
  "ammo": "deep_rock_galactic:drg_grenade_ammo",
 
  "ammo_amount": 1,
  "bolt": "open_bolt",
 
  "rpm": 120,
 
 
  "bullet": {
   
    "life": 10,
    "bullet_amount": 1,
    "damage": 12,
    
    "speed": 60,
    
    "gravity": 0.1,
   
    "knockback": 1,
    
    "friction": 0.01,
  
    "ignite": false,
    
    "pierce": 0,

    "explosion": {
      "explode": true,
      "delay":30,
      "radius": 6,
      "destroy_block": false,
       "damage":50
     
    },
    "extra_damage": {
		
		"armor_ignore": 0.2,
		
		"head_shot_multiplier": 1,
    "damage_adjust": [
      {"distance": 200, "damage": 12},
      {"distance": "infinite", "damage": 12}
    ]
		
	}
 
  },
 
  
 
  "reload": {
   
    "type": "magazine",
    
    "feed": {
      
      "empty": 0.75,
      
      "tactical": 0.75
    },
   
    "cooldown": {
      
      "empty": 1.58,
      
      "tactical": 1.58
    }
  },

  "draw_time": 0.35,
 
  "put_away_time": 0.4,
  
  "aim_time": 0.2,
  
  "sprint_time": 0.3,
  "weight": 4.0,
  "fire_mode": [
   
    "semi"
    
  ],
  "allow_attachment_types": [
    "stock",
    "muzzle",
    "scope"
   
  ],
  "recoil": {
    "pitch": [
    
      {"time": 0, "value": [1.2, 1.2]},
      {"time": 0.25, "value": [0.6, 0.6]},
      {"time": 0.45, "value": [-0.3, -0.3]},
      {"time": 0.6, "value": [0, 0]}
    ],
    "yaw": [
      {"time": 0, "value": [-0.8, -0.6]},
      {"time": 0.25, "value": [-0.9, -0.7]},
      {"time": 0.45, "value": [0, 0]}
    ]
  },
  
  "inaccuracy": {
    
    "stand": 0.2,
    
    "move": 0.2,
    
    "sneak": 0.2,
    
    "lie": 0.2,
   
    "aim": 0.2
  },
  "melee": {
   

    "distance": 1,
   
    "cooldown": 0.6,
    
    "default": {
    
      "animation_type": "melee_push",
   
      "distance": 1,
     
      "range_angle": 40,
    
      "cooldown": 0.2,
      
      "damage": 20,
     
      "knockback": 1,
    
      "prep": 0.1
    }
  }
}