{
  
  "ammo": "deep_rock_galactic:drg_generic_ammo",
 
  "ammo_amount": 4,
  "extended_mag_ammo_amount": [
    4,
    3,
    6
  ],
  "bolt": "open_bolt",
  "allow_attachment_types": [
    "extended_mag",
    "muzzle",
    "scope"
  ],
 
  "rpm": 120,
  "burst_data": {
    "continuous_shoot": false,
    "count": 6,
    "bpm": 400,
    "min_interval": 0.4
  },
 
  "bullet": {
   
    "life": 10,
    "tracer_count_interval": 0,
    "damage": 20,
    
    "speed": 400,
    
    "gravity": 0,
   
    "knockback": 2,
    
    "friction": 0.01,
  
    "ignite": false,
    
    "pierce": 2,
    "extra_damage": {
		
      "armor_ignore": 0.5,
      
      "head_shot_multiplier": 2,
      "damage_adjust": [
        {"distance": 200, "damage": 20},
        {"distance": "infinite", "damage": 20}
      ]
    }
   
  },
 
 
  "reload": {
   
    "type": "fuel",
    
    "feed": {
      
      "empty": 1.25,
      
      "tactical": 1.25
    },
   
    "cooldown": {
      
      "empty": 2.5,
      
      "tactical": 2.5
    }
  },

  "draw_time": 0.35,
 
  "put_away_time": 0.4,
  
  "aim_time": 0.2,
  
  "sprint_time": 0.3,
  "weight": 2.5,
  "fire_mode": [
  
    "semi"
   
  ],
  
  "recoil": {
    "pitch": [
      {"time": 0, "value": [0.75, 0.75]},
      {"time": 0.4, "value": [0.75, 0.75]},
      {"time": 0.65, "value": [-0.225, -0.225]},
      {"time": 0.85, "value": [0.125, 0.125]},
      {"time": 1.1, "value": [0, 0]},
      {"time": 1.2, "value": [0, 0]}
    ],
    "yaw": [
      {"time": 0, "value": [-0.3, 0.3]},
      {"time": 0.5, "value": [0, 0]}
    ]
  },
  
  "inaccuracy": {
    
    "stand": 0.2,
    
    "move": 0.2,
    
    "sneak": 0.2,
    
    "lie": 0.2,
   
    "aim": 0.2
  },
  "melee": {
   

    "distance": 1,
   
    "cooldown": 0.6,
    
    "default": {
    
      "animation_type": "melee_push",
   
      "distance": 1,
     
      "range_angle": 40,
    
      "cooldown": 0.2,
      
      "damage": 20,
     
      "knockback": 1,
    
      "prep": 0.1
    }
  }
}
