{
  "ammo": "deep_rock_galactic:drg_big_ammo",
  "rpm": 1000,
  "bullet": {
    "life": 1.5,
    "bullet_amount": 1,
    "damage": 10,
    "tracer_count_interval": 0,
    "extra_damage": {
      "armor_ignore": 0.2,
      "head_shot_multiplier": 1.25,
      "damage_adjust": [
        {"distance": 15, "damage": 10},
        {"distance": "infinite", "damage": 9}
      ]
    },
    "speed": 30,
    "gravity": 0,
    "knockback": 0,
    "friction": 0.05,
    "pierce": 1
  },

  "heat":  {
  
    "max": 90,
    // 每次射击（每发子弹）增加的过热计数器值
    "per_shot": 2,
    "cooling_multiplier": 7,
    // 停止射击（且超出连射间隔）后开始冷却需要等待的延迟时间，单位秒
    "cooling_delay": 1,
    // 过热惩罚时间，单位秒，过热时射击会额外增加此时间作为冷却延迟
    "over_heat_time": 2.8
  },
  "ammo_amount": 750,
  "extended_mag_ammo_amount": [
    850,
    900,
    950
  ],
  "bolt": "open_bolt",
  "reload": {
    "type": "inventory",
    "feed": {
      "empty": 2.40,
      "tactical": 2.4
    },
    "cooldown": {
      "empty": 2.95,
      "tactical": 2.90
    }
  },
  "draw_time": 0.37,
  "put_away_time": 0.27,
  "sprint_time": 0.2,
  "aim_time": 0.1,
  "weight": 1.5,
  "movement_speed": {
    "base": 0.0,
    "aim": -0.1,
    "reload": 0
  },
  "crawl_recoil_multiplier": 0.75,
  "fire_mode": [
    "auto"
  
  ],
 
  "allow_attachment_types": [
    "stock",
    "extended_mag",
    "muzzle",
    "scope"
  ],
  "recoil": {
    "pitch": [
      {"time": 0, "value": [0.15, 0.15]},
      {"time": 0.12, "value": [0.15, 0.15]},
      {"time": 0.3, "value": [-0.2, -0.2]},
      {"time": 0.45, "value": [0, 0]}
    ],
    "yaw": [
      {"time": 0, "value": [-0.65, 0.5]},
      {"time": 0.12, "value": [-0.65, 0.5]},
      {"time": 0.3, "value": [0, 0]}
    ]
  },
  "inaccuracy": {
    "stand": 1.35,
    "move": 2,
    "sneak": 1.25,
    "lie": 1,
    "aim": 0.175
  },
 
  "melee": {
   

    "distance": 1,
   
    "cooldown": 0.6,
    
    "default": {
    
      "animation_type": "melee_push",
   
      "distance": 1,
     
      "range_angle": 40,
    
      "cooldown": 0.2,
      
      "damage": 20,
     
      "knockback": 1,
    
      "prep": 0.1
    }
  }
}