{
  "ammo": "deep_rock_galactic:drg_generic_ammo",
  
  "ammo_amount": 8,
 
  "bolt": "open_bolt",
 
  "rpm": 500,
  "extended_mag_ammo_amount": [
    12,
    16,
    20
  ],
 
  "bullet": {
      
      
   
    "life": 65,
  
    "damage": 25,

    "speed": 400,
   
    "gravity": 0,
   "tracer_count_interval": 0,
    "knockback": 1,
   
    "friction": 0,
   
    "ignite": false,
    
    "pierce": 4,
    "extra_damage": {
      "armor_ignore": 0.6,
     
      "head_shot_multiplier": 2,
      "damage_adjust": [
        {"distance": 1500, "damage": 25},
        {"distance": "infinite", "damage": 24}
      ]
      
    }
   
  },
 
  
  "reload": {
    
    "type": "fuel",
   
    "feed": {
    
      "empty": 1.25,
     
      "tactical": 1.25
    },
    
    "cooldown": {
      
      "empty": 2.58,
     
      "tactical": 2.58
    }
  },
 
  "draw_time": 0.35,
  
  "put_away_time": 0.4,
  
  "aim_time": 0.2,
  
  "sprint_time": 0.5,
  "weight": 4.0,

  "movement_speed":{

  "base": 0.01,
"aim":0.01,

// 换弹时
"reload": 0

},
  "fire_mode": [
   
    "semi"
  ],
  "allow_attachment_types": [
     "extended_mag",
    "stock",
    "muzzle",
    "scope"
   
  ],
  
 "recoil": {
    "pitch": [
      {"time": 0, "value": [0.55, 0.55]},
      {"time": 0.25, "value": [0.55, 0.55]},
      {"time": 0.5, "value": [-0.225, -0.225]},
      {"time": 0.6, "value": [0, 0]},
      {"time": 0.8, "value": [0, 0]}
    ],
    "yaw": [
      {"time": 0, "value": [-0.35, 0.15]},
      {"time": 0.5, "value": [-0.35, 0.15]},
      {"time": 0.7, "value": [0, 0]}
    ]
  },
  
 
  "inaccuracy": {
    
    "stand": 0.2,
    
    "move":0.2,
    
    "sneak":0.2,
    
    "lie": 0.2,
    
    "aim": 0.2
  },
  "melee": {
   

    "distance": 1,
   
    "cooldown": 0.6,
    
    "default": {
    
      "animation_type": "melee_push",
   
      "distance": 1,
     
      "range_angle": 40,
    
      "cooldown": 0.2,
      
      "damage": 20,
     
      "knockback": 1,
    
      "prep": 0.1
    }
  }
}