{
  "ammo": "deep_rock_galactic:drg_big_ammo",
  "ammo_amount": 2400,
  "bolt": "open_bolt",
  "rpm": 900,
  "bullet": {
    "life": 1.0,
    "bullet_amount": 1,
    "damage": 7.5,
    "tracer_count_interval": 0,
    "extra_damage": {
      "armor_ignore": 0.3,
      "head_shot_multiplier": 1.5,
      "damage_adjust": [
        {"distance": 35, "damage": 8},
        {"distance": 80, "damage": 7},
        {"distance": "infinite", "damage": 6}
      ]
    },
    "speed": 260,
    "gravity": 0.15,
    "knockback": 0.25,
    "friction": 0.015,
    "ignite": false,
    "pierce": 1
  },

  "heat":  {
  
    "max": 200,
    // 每次射击（每发子弹）增加的过热计数器值
    "per_shot": 2,
    "cooling_multiplier": 6,
    // 停止射击（且超出连射间隔）后开始冷却需要等待的延迟时间，单位秒
    "cooling_delay": 1,
    // 过热惩罚时间，单位秒，过热时射击会额外增加此时间作为冷却延迟
    "over_heat_time": 1
  },
  "reload": {
    "type": "inventory",
    "feed": {
      "empty": 2.6,
      "tactical": 2.1
    },
    "cooldown": {
      "empty": 3.6,
      "tactical": 3.0
    }
  },
  "weight": 10.0,
  "draw_time": 1.3,
  "put_away_time": 0.87,
  "aim_time": 0.5,
  "sprint_time": 0.25,
  "fire_mode": [
    "auto",
    "burst"
  ],
  "burst_data": {
    "continuous_shoot": true,
    "count": 2,
    "bpm": 900,
    "min_interval": 0.15
  },
  "recoil": {
    "pitch": [
      {"time": 0, "value": [0.2, 0.2]},
      {"time": 0.12, "value": [0.3, 0.3]},
      {"time": 0.3, "value": [-0.3, -0.3]},
      {"time": 0.45, "value": [0, 0]}
    ],
    "yaw": [
      {"time": 0, "value": [-0.3, 0.2]},
      {"time": 0.12, "value": [-0.3, 0.2]},
      {"time": 0.3, "value": [0, 0]}
    ]
  },
  "inaccuracy": {
    "stand": 5,
    "move": 6,
    "sneak": 4,
    "lie": 3,
    "aim": 1
  },
  // 近战相关
  "melee": {
    // 枪械距离参数，用来延升近战攻击范围
    // 会与刺刀等配件的距离做加和
    "distance": 1,
    // 使用时的冷却时间
    "cooldown": 0.8,
    // 默认近战数据，会被配件的数据替换掉
    "default": {
      // 动画类型：没有枪托的为 melee_push，有枪托的为 melee_stock
      "animation_type": "melee_stock",
      // 刺刀距离参数，枪械里还有个刺刀攻击距离参数，两者做加和
      "distance": 0,
      // 刺刀范围角度
      "range_angle": 30,
      // 伤害值
      "damage": 20,
      // 击退效果
      "knockback": 0.75,
      // 前摇时长，单位：秒
      "prep": 0.1
    }
  },
  "allow_attachment_types": [
     "stock",
     "muzzle",
     "scope"
  ],
  "exclusive_attachments": {
  }
}