{
  
  "ammo": "deep_rock_galactic:drg_generic_ammo",
  "rpm": 1200,
  "bullet": {
    "life": 0,
    "bullet_amount": 1,
    "damage": 18,
    "tracer_count_interval": 0,
    "extra_damage": {
      "armor_ignore": 1,
      "head_shot_multiplier": 1,
      "damage_adjust": [
        {"distance": 5.5, "damage": 18},
        {"distance": "infinite", "damage": 0}
      ]
    },
    "speed": 0,
    "gravity": 0,
    "knockback": 0,
    "friction": 0,
    "pierce": 0
  },
  "ammo_amount": 1,
  "extended_mag_ammo_amount": [
    1,
    1,
    1
  ],
  "bolt": "open_bolt",
  "reload": {
    "type": "magazine",
    "feed": {
      "empty": 0,
      "tactical": 0
    },
    "cooldown": {
      "empty": 0,
      "tactical": 0
    }
  },
  "draw_time": 0.6,
  "put_away_time": 0.25,
  "aim_time": 0,
  "sprint_time": 0.25,
  "weight": -10,
  "movement_speed": {
    "base": 0.0,
    "aim": 0.0,
    "reload": 0.0
  },
  "crawl_recoil_multiplier": 0.5,
  "fire_mode": [
    "semi"
  ],
  "allow_attachment_types": [
  ],
  "recoil": {
    "pitch": [
      {"time": 0, "value": [0, 0]}
    ],
    "yaw": [
      {"time": 0, "value": [0, 0]}
    ]
  },
  "inaccuracy": {
    "stand": 0,
    "move": 0,
    "sneak": 0,
    "lie": 0,
    "aim": 0
  },
  "melee": {
    "distance": 0.8,
    "cooldown": 0.8,
    "default": {
      "animation_type": "melee_stock",
      "distance": 4,
      "range_angle": 35,
      "damage": 120,
      "armor_ignore": 1,
      "head_shot_mu": 120,
      "knockback": 1,
      "prep": 0.5
    }
  }
}