{
  "ammo": "pixel_gun:pixel_ammo",
  "ammo_amount": 250,
  "bolt": "manual_action",
  "rpm": 1200,
  "extended_mag_ammo_amount": [
    300,
    400,
    500
  ],
  "bullet": {
    "life": 1.1,
    "bullet_amount": 1,
    "damage": 9,
    "extra_damage": {
      "armor_ignore": 1,
      "head_shot_multiplier": 3,
      "damage_adjust": [
        {"distance": 150, "damage": 9},
        {"distance": 200, "damage": 7},
        {"distance": "infinite", "damage": 7}
      ]
    },
    "speed": 400,
    "gravity": 0,
    "knockback": 0,
    "friction": 0,
    "ignite": false,
    "pierce": 2,
    "explosion": {
      "explode": false,
      "damage": 100,
      "radius": 1.5,
      "knockback": true,
      "delay": 1
    }
  },
  "reload": {
    "type": "magazine",
    "feed": {
      "empty": 1.76,
      "tactical": 1.76
    },
    "cooldown": {
      "empty": 2.5,
      "tactical": 2.5
    }
  },
  "draw_time": 1.5,
  "put_away_time": 1,
  "aim_time": 0.23,
  "sprint_time": 0.33,
  "weight": 0,
  "movement_speed": {
    // 默认修正
    "base": 0.0,
    // 瞄准时
    "aim": -0.65,
    // 换弹时
    "reload": -0.2
  },
  "crawl_recoil_multiplier": 0.33,
  "fire_mode": [
    "auto"
  ],
  "recoil": {
    "pitch": [
      {"time": 0, "value": [0.2, 0.2]},
      {"time": 0.12, "value": [0.3, 0.3]},
      {"time": 0.3, "value": [-0.3, -0.3]},
      {"time": 0.45, "value": [0, 0]}
    ],
    "yaw": [
      {"time": 0, "value": [-0.3, 0.2]},
      {"time": 0.12, "value": [-0.3, 0.2]},
      {"time": 0.3, "value": [0, 0]}
    ]
  },
  "inaccuracy": {
    "stand": 5,
    "move": 6,
    "sneak": 4,
    "lie": 3,
    "aim": 1
  },
  // 近战相关
  "melee": {
    // 枪械距离参数，用来延升近战攻击范围
    // 会与刺刀等配件的距离做加和
    "distance": 1,
    // 使用时的冷却时间
    "cooldown": 1.2,
    // 默认近战数据，会被配件的数据替换掉
    "default": {
      // 动画类型：没有枪托的为 melee_push，有枪托的为 melee_stock
      "animation_type": "melee_stock",
      // 刺刀距离参数，枪械里还有个刺刀攻击距离参数，两者做加和
      "distance": 1.25,
      // 刺刀范围角度
      "range_angle": 30,
      // 伤害值
      "damage": 5,
      // 击退效果
      "knockback": 0.85,
      // 前摇时长，单位：秒
      "prep": 0.1
    }
  },
  "allow_attachment_types": [
    "extended_mag"
  ],
  "builtin_attachments": {
    "scope": "pixel_gun:scope_antichamp"
  }
  
}