{
  "ammo":  "deep_rock_galactic:drg_shortgun_ammo",
  "rpm": 150,
  "allow_attachment_types": [
 
    "extended_mag",
    "muzzle",
    "scope"
 
    
  ],

  "bullet": {
    "life": 1,
    "bullet_amount": 12,
    "damage": 45,
    "tracer_count_interval": 0,
    "extra_damage": {
      "armor_ignore": 0.33,
      "head_shot_multiplier": 1.25,
      "damage_adjust": [
        {"distance": 10, "damage": 45},
        {"distance": "infinite", "damage": 45}
      ]
    },
    "speed": 120,
    "gravity": 0.15,
    "knockback": 0.875,
    "friction": 0.05,
    "ignite": false,
    "pierce": 1
  },
  "ammo_amount": 2,
  "bolt": "open_bolt",
  "reload": {
    "type": "fuel",
    "feed": {
      "empty": 0.5,
      "tactical": 0.5
    },
    "cooldown": {
      "empty": 1.08,
      "tactical": 1.08
    }
  },
  "draw_time": 0.27,
  "put_away_time": 0.203,
  "aim_time": 0.1,
  "sprint_time": 0.075,
  "weight": 2.1,
  "movement_speed": {
    "base": 0.0,
    "aim": 0,
    "reload": 0.15
  },
  "crawl_recoil_multiplier": 0.5,
  "fire_mode": [
     "semi",
    "burst"
   
  ],
  "burst_data": {
    "continuous_shoot": false,
    "count": 2,
    "bpm": 600,
    "min_interval": 0.5
  },
  
 "recoil": {
    "pitch": [
      {"time": 0, "value": [3.5, 3.5]},
      {"time": 0.3, "value": [3.5, 3.5]},
      {"time": 0.5, "value": [-1.15, -1.15]},
      {"time": 0.65, "value": [0, 0]},
      {"time": 0.7, "value": [0, 0]}
    ],
    "yaw": [
      {"time": 0, "value": [-1.5, -1.5]},
      {"time": 0.3, "value": [-1.5, -1.5]},
      {"time": 0.5, "value": [0.2, 0.2]},
      {"time": 0.7, "value": [0, 0]}
    ]
  },
  "inaccuracy": {
    "stand": 4,
    "move": 4.5,
    "sneak": 3.75,
    "lie": 3.5,
    "aim": 3
  },
  "melee": {
   

    "distance": 1,
   
    "cooldown": 0.6,
    
    "default": {
    
      "animation_type": "melee_push",
   
      "distance": 1,
     
      "range_angle": 40,
    
      "cooldown": 0.2,
      
      "damage": 20,
     
      "knockback": 1,
    
      "prep": 0.1
    }
  }
  
}