{
  "script": "deep_rock_galactic:thunder_logic",
  "ammo": "deep_rock_galactic:drg_grenade_ammo",

  "ammo_amount": 75,
  "bolt": "open_bolt",
  "extended_mag_ammo_amount": [
    110,
    220,
    220

  ],
 
  "rpm": 180,
 
 
  "bullet": {
   
    "life": 10,
    "bullet_amount": 2,
    "damage": 11,
    
    "speed": 400,
    
    "gravity": 0,
   
    "knockback": 1,
    
    "friction": 0.01,
  
    "ignite": false,
    
    "pierce": 0,

    "explosion": {
      "explode": true,
      "delay":30,
      "radius": 1.4,
       "damage":30
     
    },
    "extra_damage": {
		
		"armor_ignore": 1,
		
		"head_shot_multiplier": 1,
		
    "damage_adjust": [
      {"distance": 500, "damage": 11},
      {"distance": "infinite", "damage": 11}
    ]
	}
 
  },
 
  
 
  "reload": {
   
    "type": "fuel",
    
    "feed": {
      
      "empty": 3.5,
      
      "tactical": 3.5
    },
   
    "cooldown": {
      
      "empty": 5,
      
      "tactical": 5
    }
  },

  "draw_time": 0.35,
 
  "put_away_time": 0.4,
  
  "aim_time": 0.2,
  
  "sprint_time": 0.3,
  "weight": 10,
  "fire_mode": [
   
    "auto"
    
  ],
  "allow_attachment_types": [
    "stock",
    "extended_mag",
    "scope",
    "muzzle"
   
  ],
  
  "recoil": {
    "pitch": [
    
      {"time": 0, "value": [1.2, 1.2]},
      {"time": 0.25, "value": [0.6, 0.6]},
      {"time": 0.45, "value": [-0.3, -0.3]},
      {"time": 0.6, "value": [0, 0]}
    ],
    "yaw": [
      {"time": 0, "value": [-0.8, -0.6]},
      {"time": 0.25, "value": [-0.9, -0.7]},
      {"time": 0.45, "value": [0, 0]}
    ]
  },
  
  "inaccuracy": {
    
    "stand": 2,
    
    "move": 4,
    
    "sneak": 1,
    
    "lie": 0.5,
   
    "aim": 0.2
  }
}