{
  
  "ammo": "deep_rock_galactic:drg_generic_ammo",
 
  "ammo_amount": 48,
  "extended_mag_ammo_amount": [
    60,
    90,
    120
  ],
  "allow_attachment_types": [
 
    "extended_mag",
  "muzzle",
    "scope",
    "stock"
  ],
  "bolt": "open_bolt",
 
  "rpm":750,
 
  "bullet": {
   
    "life": 10,
    "bullet_amount": 2,
    "damage": 9,
    "speed": 400,
    
    "gravity": 0,
   
    "knockback": 1,
    
    "friction": 0.01,
  
    "ignite": false,
    
    "pierce": 0,
    "extra_damage": {
		
      "armor_ignore": 0.5,
      
      "head_shot_multiplier": 1.75,
      
      "damage_adjust": [
        {"distance": 150, "damage": 11},
        {"distance": "infinite", "damage": 9}
      ]
    }
   
  },
 
  "reload": {
   
    "type": "fuel",
    
    "feed": {
      
      "empty": 1.5,
      
      "tactical": 1.5
    },
   
    "cooldown": {
      
      "empty": 2.25,
      
      "tactical": 2.25
    }
  },

  "draw_time": 0.35,
 
  "put_away_time": 0.4,
  
  "aim_time": 0.2,
  
  "sprint_time": 0.25,
  "weight": 2.5,
  "fire_mode": [
   
    
     "burst"
  ],
  "burst_data": {
    "continuous_shoot": true,
    "count": 2,
    "bpm": 750,
    "min_interval": 0.15
  },
"recoil": {
    "pitch": [
      {"time": 0, "value": [0.15, 0.15]},
      {"time": 0.12, "value": [0.15, 0.15]},
      {"time": 0.3, "value": [-0.2, -0.2]},
      {"time": 0.45, "value": [0, 0]}
    ],
    "yaw": [
      {"time": 0, "value": [-0.65, 0.5]},
      {"time": 0.12, "value": [-0.65, 0.5]},
      {"time": 0.3, "value": [0, 0]}
    ]
  },
  
"inaccuracy": {
    "stand": 0.2,
    "move": 0.2,
    "sneak": 0.2,
    "lie": 0.2,
    "aim": 0.2
  },
  "melee": {
   

    "distance": 2,
   
    "cooldown": 0.2,
    
    "default": {
    
      "animation_type": "melee_stock",
   
      "distance": 2,
     
      "range_angle": 40,
    
      "cooldown": 0.1,
      
      "damage": 20,
     
      "knockback": 2,
    
      "prep": 0.1
    }
  }
}