{
	"format_version": "1.12.0",
	"minecraft:geometry": [
		{
			"description": {
				"identifier": "geometry.unknown",
				"texture_width": 64,
				"texture_height": 64,
				"visible_bounds_width": 3,
				"visible_bounds_height": 3,
				"visible_bounds_offset": [0, 0.5, 0]
			},
			"bones": [
				{
					"name": "root",
					"pivot": [-5.525, 2, -7]
				},
				{
					"name": "lf",
					"parent": "root",
					"pivot": [-6, -1, 0]
				},
				{
					"name": "rh_and_gun",
					"parent": "root",
					"pivot": [6, 0, 0]
				},
				{
					"name": "impact",
					"parent": "rh_and_gun",
					"pivot": [-0.15, 3, 0],
					"cubes": [
						{
							"origin": [-0.15, -1.5, -0.27],
							"size": [0.27, 0.81, 0.81],
							"uv": {
								"north": {"uv": [33, 32], "uv_size": [0.5, 0.5]},
								"east": {"uv": [33, 33], "uv_size": [0.5, 0.5]},
								"south": {"uv": [0, 34], "uv_size": [0.5, 0.5]},
								"west": {"uv": [34, 0], "uv_size": [0.5, 0.5]},
								"up": {"uv": [1, 34], "uv_size": [0.5, 0.5]},
								"down": {"uv": [34, 1.5], "uv_size": [0.5, -0.5]}
							}
						},
						{
							"origin": [-1.83551, -1.5, -0.27],
							"size": [0.27, 0.81, 0.81],
							"uv": {
								"north": {"uv": [20, 34], "uv_size": [0.5, 0.5]},
								"east": {"uv": [34, 20], "uv_size": [0.5, 0.5]},
								"south": {"uv": [21, 34], "uv_size": [0.5, 0.5]},
								"west": {"uv": [34, 21], "uv_size": [0.5, 0.5]},
								"up": {"uv": [22, 34], "uv_size": [0.5, 0.5]},
								"down": {"uv": [34, 22.5], "uv_size": [0.5, -0.5]}
							}
						},
						{
							"origin": [-0.26184, -1.5, 0.27],
							"size": [0.27, 0.81, 0.81],
							"pivot": [-0.26184, -1.5, 0.54],
							"rotation": [0, -45, 0],
							"uv": {
								"north": {"uv": [2, 34], "uv_size": [0.5, 0.5]},
								"east": {"uv": [34, 2], "uv_size": [0.5, 0.5]},
								"south": {"uv": [3, 34], "uv_size": [0.5, 0.5]},
								"west": {"uv": [34, 3], "uv_size": [0.5, 0.5]},
								"up": {"uv": [4, 34], "uv_size": [0.5, 0.5]},
								"down": {"uv": [34, 4.5], "uv_size": [0.5, -0.5]}
							}
						},
						{
							"origin": [-1.45368, -1.5, -0.92184],
							"size": [0.27, 0.81, 0.81],
							"pivot": [-1.45368, -1.5, -0.65184],
							"rotation": [0, -45, 0],
							"uv": {
								"north": {"uv": [17, 34], "uv_size": [0.5, 0.5]},
								"east": {"uv": [34, 17], "uv_size": [0.5, 0.5]},
								"south": {"uv": [18, 34], "uv_size": [0.5, 0.5]},
								"west": {"uv": [34, 18], "uv_size": [0.5, 0.5]},
								"up": {"uv": [19, 34], "uv_size": [0.5, 0.5]},
								"down": {"uv": [34, 19.5], "uv_size": [0.5, -0.5]}
							}
						},
						{
							"origin": [-0.45276, -1.5, -0.73092],
							"size": [0.27, 0.81, 0.81],
							"pivot": [-0.45276, -1.5, -0.46092],
							"rotation": [0, 45, 0],
							"uv": {
								"north": {"uv": [5, 34], "uv_size": [0.5, 0.5]},
								"east": {"uv": [34, 5], "uv_size": [0.5, 0.5]},
								"south": {"uv": [6, 34], "uv_size": [0.5, 0.5]},
								"west": {"uv": [34, 6], "uv_size": [0.5, 0.5]},
								"up": {"uv": [7, 34], "uv_size": [0.5, 0.5]},
								"down": {"uv": [34, 7.5], "uv_size": [0.5, -0.5]}
							}
						},
						{
							"origin": [-1.64459, -1.5, 0.46092],
							"size": [0.27, 0.81, 0.81],
							"pivot": [-1.64459, -1.5, 0.73092],
							"rotation": [0, 45, 0],
							"uv": {
								"north": {"uv": [14, 34], "uv_size": [0.5, 0.5]},
								"east": {"uv": [34, 14], "uv_size": [0.5, 0.5]},
								"south": {"uv": [15, 34], "uv_size": [0.5, 0.5]},
								"west": {"uv": [34, 15], "uv_size": [0.5, 0.5]},
								"up": {"uv": [16, 34], "uv_size": [0.5, 0.5]},
								"down": {"uv": [34, 16.5], "uv_size": [0.5, -0.5]}
							}
						},
						{
							"origin": [-0.72276, -1.5, -1.11276],
							"size": [0.27, 0.81, 0.81],
							"pivot": [-0.72276, -1.5, -0.84276],
							"rotation": [0, -90, 0],
							"uv": {
								"north": {"uv": [8, 34], "uv_size": [0.5, 0.5]},
								"east": {"uv": [34, 8], "uv_size": [0.5, 0.5]},
								"south": {"uv": [9, 34], "uv_size": [0.5, 0.5]},
								"west": {"uv": [34, 9], "uv_size": [0.5, 0.5]},
								"up": {"uv": [10, 34], "uv_size": [0.5, 0.5]},
								"down": {"uv": [34, 10.5], "uv_size": [0.5, -0.5]}
							}
						},
						{
							"origin": [-0.72276, -1.5, 0.57276],
							"size": [0.27, 0.81, 0.81],
							"pivot": [-0.72276, -1.5, 0.84276],
							"rotation": [0, -90, 0],
							"uv": {
								"north": {"uv": [11, 34], "uv_size": [0.5, 0.5]},
								"east": {"uv": [34, 11], "uv_size": [0.5, 0.5]},
								"south": {"uv": [12, 34], "uv_size": [0.5, 0.5]},
								"west": {"uv": [34, 12], "uv_size": [0.5, 0.5]},
								"up": {"uv": [13, 34], "uv_size": [0.5, 0.5]},
								"down": {"uv": [34, 13.5], "uv_size": [0.5, -0.5]}
							}
						},
						{
							"origin": [-0.54375, -0.825, -0.324],
							"size": [0.8115, 0.597, 0.972],
							"uv": {
								"north": {"uv": [35, 7], "uv_size": [0.5, 0.5]},
								"east": {"uv": [8, 35], "uv_size": [0.5, 0.5]},
								"south": {"uv": [35, 8], "uv_size": [0.5, 0.5]},
								"west": {"uv": [9, 35], "uv_size": [0.5, 0.5]},
								"up": {"uv": [35, 9], "uv_size": [0.5, 0.5]},
								"down": {"uv": [10, 35.5], "uv_size": [0.5, -0.5]}
							}
						},
						{
							"origin": [-0.50921, -0.825, 0.324],
							"size": [0.64275, 0.597, 0.972],
							"pivot": [-0.19046, -0.825, 0.648],
							"rotation": [0, -45, 0],
							"uv": {
								"north": {"uv": [35, 4], "uv_size": [0.5, 0.5]},
								"east": {"uv": [5, 35], "uv_size": [0.5, 0.5]},
								"south": {"uv": [35, 5], "uv_size": [0.5, 0.5]},
								"west": {"uv": [6, 35], "uv_size": [0.5, 0.5]},
								"up": {"uv": [35, 6], "uv_size": [0.5, 0.5]},
								"down": {"uv": [7, 35.5], "uv_size": [0.5, -0.5]}
							}
						},
						{
							"origin": [-0.75706, -0.825, -0.8771],
							"size": [0.6615, 0.597, 0.972],
							"pivot": [-0.41956, -0.825, -0.5531],
							"rotation": [0, 45, 0],
							"uv": {
								"north": {"uv": [35, 1], "uv_size": [0.5, 0.5]},
								"east": {"uv": [2, 35], "uv_size": [0.5, 0.5]},
								"south": {"uv": [35, 2], "uv_size": [0.5, 0.5]},
								"west": {"uv": [3, 35], "uv_size": [0.5, 0.5]},
								"up": {"uv": [35, 3], "uv_size": [0.5, 0.5]},
								"down": {"uv": [4, 35.5], "uv_size": [0.5, -0.5]}
							}
						},
						{
							"origin": [-0.74356, -0.825, -1.33531],
							"size": [0.324, 0.597, 0.972],
							"pivot": [-0.74356, -0.825, -1.01131],
							"rotation": [0, -90, 0],
							"uv": {
								"north": {"uv": [33, 34], "uv_size": [0.5, 0.5]},
								"east": {"uv": [34, 33], "uv_size": [0.5, 0.5]},
								"south": {"uv": [34, 34], "uv_size": [0.5, 0.5]},
								"west": {"uv": [0, 35], "uv_size": [0.5, 0.5]},
								"up": {"uv": [35, 0], "uv_size": [0.5, 0.5]},
								"down": {"uv": [1, 35.5], "uv_size": [0.5, -0.5]}
							}
						},
						{
							"origin": [-2.43106, -0.825, 0.68731],
							"size": [2.0115, 0.597, 1.0845],
							"pivot": [-0.74356, -0.825, 1.01131],
							"rotation": [0, -90, 0],
							"uv": {
								"north": {"uv": [25, 30], "uv_size": [1.5, 0.5]},
								"east": {"uv": [32, 34], "uv_size": [0.5, 0.5]},
								"south": {"uv": [30, 26], "uv_size": [1.5, 0.5]},
								"west": {"uv": [34, 32], "uv_size": [0.5, 0.5]},
								"up": {"uv": [27, 30], "uv_size": [1.5, 0.5]},
								"down": {"uv": [30, 27.5], "uv_size": [1.5, -0.5]}
							}
						},
						{
							"origin": [-1.84976, -0.825, 0.5531],
							"size": [0.5115, 0.597, 0.972],
							"pivot": [-1.84976, -0.825, 0.8771],
							"rotation": [0, 45, 0],
							"uv": {
								"north": {"uv": [29, 34], "uv_size": [0.5, 0.5]},
								"east": {"uv": [34, 29], "uv_size": [0.5, 0.5]},
								"south": {"uv": [30, 34], "uv_size": [0.5, 0.5]},
								"west": {"uv": [34, 30], "uv_size": [0.5, 0.5]},
								"up": {"uv": [31, 34], "uv_size": [0.5, 0.5]},
								"down": {"uv": [34, 31.5], "uv_size": [0.5, -0.5]}
							}
						},
						{
							"origin": [-1.62066, -0.825, -1.10621],
							"size": [0.8115, 0.597, 0.972],
							"pivot": [-1.62066, -0.825, -0.78221],
							"rotation": [0, -45, 0],
							"uv": {
								"north": {"uv": [26, 34], "uv_size": [0.5, 0.5]},
								"east": {"uv": [34, 26], "uv_size": [0.5, 0.5]},
								"south": {"uv": [27, 34], "uv_size": [0.5, 0.5]},
								"west": {"uv": [34, 27], "uv_size": [0.5, 0.5]},
								"up": {"uv": [28, 34], "uv_size": [0.5, 0.5]},
								"down": {"uv": [34, 28.5], "uv_size": [0.5, -0.5]}
							}
						},
						{
							"origin": [-2.07887, -0.825, -0.324],
							"size": [0.64275, 0.597, 0.972],
							"uv": {
								"north": {"uv": [23, 34], "uv_size": [0.5, 0.5]},
								"east": {"uv": [34, 23], "uv_size": [0.5, 0.5]},
								"south": {"uv": [24, 34], "uv_size": [0.5, 0.5]},
								"west": {"uv": [34, 24], "uv_size": [0.5, 0.5]},
								"up": {"uv": [25, 34], "uv_size": [0.5, 0.5]},
								"down": {"uv": [34, 25.5], "uv_size": [0.5, -0.5]}
							}
						},
						{
							"origin": [-0.72401, 0.15938, -0.98356],
							"size": [0.72765, 0.6567, 1.0692],
							"pivot": [-0.35276, 0.15938, -0.62716],
							"rotation": [0, 45, 0],
							"uv": {
								"north": {"uv": [16, 36], "uv_size": [0.5, 0.5]},
								"east": {"uv": [36, 16], "uv_size": [0.5, 0.5]},
								"south": {"uv": [17, 36], "uv_size": [0.5, 0.5]},
								"west": {"uv": [36, 17], "uv_size": [0.5, 0.5]},
								"up": {"uv": [18, 36], "uv_size": [0.5, 0.5]},
								"down": {"uv": [36, 18.5], "uv_size": [0.5, -0.5]}
							}
						},
						{
							"origin": [-0.45138, 0.15938, 0.33765],
							"size": [0.70703, 0.6567, 1.0692],
							"pivot": [-0.10075, 0.15938, 0.69405],
							"rotation": [0, -45, 0],
							"uv": {
								"north": {"uv": [13, 36], "uv_size": [0.5, 0.5]},
								"east": {"uv": [36, 13], "uv_size": [0.5, 0.5]},
								"south": {"uv": [14, 36], "uv_size": [0.5, 0.5]},
								"west": {"uv": [36, 14], "uv_size": [0.5, 0.5]},
								"up": {"uv": [15, 36], "uv_size": [0.5, 0.5]},
								"down": {"uv": [36, 15.5], "uv_size": [0.5, -0.5]}
							}
						},
						{
							"origin": [-0.48937, 0.15938, -0.37515],
							"size": [0.89265, 0.6567, 1.0692],
							"uv": {
								"north": {"uv": [10, 36], "uv_size": [0.5, 0.5]},
								"east": {"uv": [36, 10], "uv_size": [0.5, 0.5]},
								"south": {"uv": [11, 36], "uv_size": [0.5, 0.5]},
								"west": {"uv": [36, 11], "uv_size": [0.5, 0.5]},
								"up": {"uv": [12, 36], "uv_size": [0.5, 0.5]},
								"down": {"uv": [36, 12.5], "uv_size": [0.5, -0.5]}
							}
						},
						{
							"origin": [-2.56541, 0.15938, 0.73729],
							"size": [2.21265, 0.6567, 1.0692],
							"pivot": [-0.70916, 0.15938, 1.09369],
							"rotation": [0, -90, 0],
							"uv": {
								"north": {"uv": [30, 28], "uv_size": [1.5, 0.5]},
								"east": {"uv": [9, 36], "uv_size": [0.5, 0.5]},
								"south": {"uv": [29, 30], "uv_size": [1.5, 0.5]},
								"west": {"uv": [36, 9], "uv_size": [0.5, 0.5]},
								"up": {"uv": [30, 29], "uv_size": [1.5, 0.5]},
								"down": {"uv": [31, 0.5], "uv_size": [1.5, -0.5]}
							}
						},
						{
							"origin": [-1.92599, 0.15938, 0.58966],
							"size": [0.56265, 0.6567, 1.0692],
							"pivot": [-1.92599, 0.15938, 0.94606],
							"rotation": [0, 45, 0],
							"uv": {
								"north": {"uv": [6, 36], "uv_size": [0.5, 0.5]},
								"east": {"uv": [36, 6], "uv_size": [0.5, 0.5]},
								"south": {"uv": [7, 36], "uv_size": [0.5, 0.5]},
								"west": {"uv": [36, 7], "uv_size": [0.5, 0.5]},
								"up": {"uv": [8, 36], "uv_size": [0.5, 0.5]},
								"down": {"uv": [36, 8.5], "uv_size": [0.5, -0.5]}
							}
						},
						{
							"origin": [-2.178, 0.15938, -0.37515],
							"size": [0.70703, 0.6567, 1.0692],
							"uv": {
								"north": {"uv": [3, 36], "uv_size": [0.5, 0.5]},
								"east": {"uv": [36, 3], "uv_size": [0.5, 0.5]},
								"south": {"uv": [4, 36], "uv_size": [0.5, 0.5]},
								"west": {"uv": [36, 4], "uv_size": [0.5, 0.5]},
								"up": {"uv": [5, 36], "uv_size": [0.5, 0.5]},
								"down": {"uv": [36, 5.5], "uv_size": [0.5, -0.5]}
							}
						},
						{
							"origin": [-1.67398, 0.15938, -1.23558],
							"size": [0.89265, 0.6567, 1.0692],
							"pivot": [-1.67398, 0.15938, -0.87918],
							"rotation": [0, -45, 0],
							"uv": {
								"north": {"uv": [0, 36], "uv_size": [0.5, 0.5]},
								"east": {"uv": [36, 0], "uv_size": [0.5, 0.5]},
								"south": {"uv": [1, 36], "uv_size": [0.5, 0.5]},
								"west": {"uv": [36, 1], "uv_size": [0.5, 0.5]},
								"up": {"uv": [2, 36], "uv_size": [0.5, 0.5]},
								"down": {"uv": [36, 2.5], "uv_size": [0.5, -0.5]}
							}
						},
						{
							"origin": [-0.70916, 0.15938, -1.48759],
							"size": [0.4314, 0.6567, 1.0692],
							"pivot": [-0.70916, 0.15938, -1.13119],
							"rotation": [0, -90, 0],
							"uv": {
								"north": {"uv": [35, 32], "uv_size": [0.5, 0.5]},
								"east": {"uv": [33, 35], "uv_size": [0.5, 0.5]},
								"south": {"uv": [35, 33], "uv_size": [0.5, 0.5]},
								"west": {"uv": [34, 35], "uv_size": [0.5, 0.5]},
								"up": {"uv": [35, 34], "uv_size": [0.5, 0.5]},
								"down": {"uv": [35, 35.5], "uv_size": [0.5, -0.5]}
							}
						},
						{
							"origin": [-2.07887, 6.84375, -0.324],
							"size": [0.64275, 0.597, 0.972],
							"uv": {
								"north": {"uv": [15, 38], "uv_size": [0.5, 0.5]},
								"east": {"uv": [38, 15], "uv_size": [0.5, 0.5]},
								"south": {"uv": [16, 38], "uv_size": [0.5, 0.5]},
								"west": {"uv": [38, 16], "uv_size": [0.5, 0.5]},
								"up": {"uv": [17, 38], "uv_size": [0.5, 0.5]},
								"down": {"uv": [38, 17.5], "uv_size": [0.5, -0.5]}
							}
						},
						{
							"origin": [-1.62066, 6.84375, -1.10621],
							"size": [0.8115, 0.597, 0.972],
							"pivot": [-1.62066, 6.84375, -0.78221],
							"rotation": [0, -45, 0],
							"uv": {
								"north": {"uv": [12, 38], "uv_size": [0.5, 0.5]},
								"east": {"uv": [38, 12], "uv_size": [0.5, 0.5]},
								"south": {"uv": [13, 38], "uv_size": [0.5, 0.5]},
								"west": {"uv": [38, 13], "uv_size": [0.5, 0.5]},
								"up": {"uv": [14, 38], "uv_size": [0.5, 0.5]},
								"down": {"uv": [38, 14.5], "uv_size": [0.5, -0.5]}
							}
						},
						{
							"origin": [-1.84976, 6.84375, 0.5531],
							"size": [0.5115, 0.597, 0.972],
							"pivot": [-1.84976, 6.84375, 0.8771],
							"rotation": [0, 45, 0],
							"uv": {
								"north": {"uv": [9, 38], "uv_size": [0.5, 0.5]},
								"east": {"uv": [38, 9], "uv_size": [0.5, 0.5]},
								"south": {"uv": [10, 38], "uv_size": [0.5, 0.5]},
								"west": {"uv": [38, 10], "uv_size": [0.5, 0.5]},
								"up": {"uv": [11, 38], "uv_size": [0.5, 0.5]},
								"down": {"uv": [38, 11.5], "uv_size": [0.5, -0.5]}
							}
						},
						{
							"origin": [-2.43106, 6.84375, 0.68731],
							"size": [2.0115, 0.597, 0.972],
							"pivot": [-0.74356, 6.84375, 1.01131],
							"rotation": [0, -90, 0],
							"uv": {
								"north": {"uv": [5, 31], "uv_size": [1.5, 0.5]},
								"east": {"uv": [8, 38], "uv_size": [0.5, 0.5]},
								"south": {"uv": [31, 5], "uv_size": [1.5, 0.5]},
								"west": {"uv": [38, 8], "uv_size": [0.5, 0.5]},
								"up": {"uv": [31, 6], "uv_size": [1.5, 0.5]},
								"down": {"uv": [7, 31.5], "uv_size": [1.5, -0.5]}
							}
						},
						{
							"origin": [-0.74356, 6.84375, -1.33531],
							"size": [0.324, 0.597, 0.972],
							"pivot": [-0.74356, 6.84375, -1.01131],
							"rotation": [0, -90, 0],
							"uv": {
								"north": {"uv": [5, 38], "uv_size": [0.5, 0.5]},
								"east": {"uv": [38, 5], "uv_size": [0.5, 0.5]},
								"south": {"uv": [6, 38], "uv_size": [0.5, 0.5]},
								"west": {"uv": [38, 6], "uv_size": [0.5, 0.5]},
								"up": {"uv": [7, 38], "uv_size": [0.5, 0.5]},
								"down": {"uv": [38, 7.5], "uv_size": [0.5, -0.5]}
							}
						},
						{
							"origin": [-0.75706, 6.84375, -0.8771],
							"size": [0.6615, 0.597, 0.972],
							"pivot": [-0.41956, 6.84375, -0.5531],
							"rotation": [0, 45, 0],
							"uv": {
								"north": {"uv": [2, 38], "uv_size": [0.5, 0.5]},
								"east": {"uv": [38, 2], "uv_size": [0.5, 0.5]},
								"south": {"uv": [3, 38], "uv_size": [0.5, 0.5]},
								"west": {"uv": [38, 3], "uv_size": [0.5, 0.5]},
								"up": {"uv": [4, 38], "uv_size": [0.5, 0.5]},
								"down": {"uv": [38, 4.5], "uv_size": [0.5, -0.5]}
							}
						},
						{
							"origin": [-0.50921, 6.84375, 0.324],
							"size": [0.64275, 0.597, 0.972],
							"pivot": [-0.19046, 6.84375, 0.648],
							"rotation": [0, -45, 0],
							"uv": {
								"north": {"uv": [37, 36], "uv_size": [0.5, 0.5]},
								"east": {"uv": [37, 37], "uv_size": [0.5, 0.5]},
								"south": {"uv": [0, 38], "uv_size": [0.5, 0.5]},
								"west": {"uv": [38, 0], "uv_size": [0.5, 0.5]},
								"up": {"uv": [1, 38], "uv_size": [0.5, 0.5]},
								"down": {"uv": [38, 1.5], "uv_size": [0.5, -0.5]}
							}
						},
						{
							"origin": [-0.54375, 6.84375, -0.324],
							"size": [0.8115, 0.597, 0.972],
							"uv": {
								"north": {"uv": [37, 33], "uv_size": [0.5, 0.5]},
								"east": {"uv": [34, 37], "uv_size": [0.5, 0.5]},
								"south": {"uv": [37, 34], "uv_size": [0.5, 0.5]},
								"west": {"uv": [35, 37], "uv_size": [0.5, 0.5]},
								"up": {"uv": [37, 35], "uv_size": [0.5, 0.5]},
								"down": {"uv": [36, 37.5], "uv_size": [0.5, -0.5]}
							}
						},
						{
							"origin": [-0.70916, 7.82813, -1.48759],
							"size": [0.3939, 0.6567, 1.0692],
							"pivot": [-0.70916, 7.82813, -1.13119],
							"rotation": [0, -90, 0],
							"uv": {
								"north": {"uv": [37, 8], "uv_size": [0.5, 0.5]},
								"east": {"uv": [9, 37], "uv_size": [0.5, 0.5]},
								"south": {"uv": [37, 9], "uv_size": [0.5, 0.5]},
								"west": {"uv": [10, 37], "uv_size": [0.5, 0.5]},
								"up": {"uv": [37, 10], "uv_size": [0.5, 0.5]},
								"down": {"uv": [11, 37.5], "uv_size": [0.5, -0.5]}
							}
						},
						{
							"origin": [-1.67398, 7.82813, -1.23558],
							"size": [0.89265, 0.6567, 1.0692],
							"pivot": [-1.67398, 7.82813, -0.87918],
							"rotation": [0, -45, 0],
							"uv": {
								"north": {"uv": [37, 5], "uv_size": [0.5, 0.5]},
								"east": {"uv": [6, 37], "uv_size": [0.5, 0.5]},
								"south": {"uv": [37, 6], "uv_size": [0.5, 0.5]},
								"west": {"uv": [7, 37], "uv_size": [0.5, 0.5]},
								"up": {"uv": [37, 7], "uv_size": [0.5, 0.5]},
								"down": {"uv": [8, 37.5], "uv_size": [0.5, -0.5]}
							}
						},
						{
							"origin": [-2.178, 7.82813, -0.37515],
							"size": [0.76328, 0.6567, 1.0692],
							"uv": {
								"north": {"uv": [37, 2], "uv_size": [0.5, 0.5]},
								"east": {"uv": [3, 37], "uv_size": [0.5, 0.5]},
								"south": {"uv": [37, 3], "uv_size": [0.5, 0.5]},
								"west": {"uv": [4, 37], "uv_size": [0.5, 0.5]},
								"up": {"uv": [37, 4], "uv_size": [0.5, 0.5]},
								"down": {"uv": [5, 37.5], "uv_size": [0.5, -0.5]}
							}
						},
						{
							"origin": [-1.92599, 7.82813, 0.58966],
							"size": [0.56265, 0.6567, 1.0692],
							"pivot": [-1.92599, 7.82813, 0.94606],
							"rotation": [0, 45, 0],
							"uv": {
								"north": {"uv": [36, 36], "uv_size": [0.5, 0.5]},
								"east": {"uv": [0, 37], "uv_size": [0.5, 0.5]},
								"south": {"uv": [37, 0], "uv_size": [0.5, 0.5]},
								"west": {"uv": [1, 37], "uv_size": [0.5, 0.5]},
								"up": {"uv": [37, 1], "uv_size": [0.5, 0.5]},
								"down": {"uv": [2, 37.5], "uv_size": [0.5, -0.5]}
							}
						},
						{
							"origin": [-2.56541, 7.82813, 0.73729],
							"size": [2.21265, 0.6567, 1.0692],
							"pivot": [-0.70916, 7.82813, 1.09369],
							"rotation": [0, -90, 0],
							"uv": {
								"north": {"uv": [31, 1], "uv_size": [1.5, 0.5]},
								"east": {"uv": [35, 36], "uv_size": [0.5, 0.5]},
								"south": {"uv": [31, 2], "uv_size": [1.5, 0.5]},
								"west": {"uv": [36, 35], "uv_size": [0.5, 0.5]},
								"up": {"uv": [31, 3], "uv_size": [1.5, 0.5]},
								"down": {"uv": [31, 4.5], "uv_size": [1.5, -0.5]}
							}
						},
						{
							"origin": [-2.49026, 8.50312, 0.73729],
							"size": [1.70625, 2.1567, 1.0692],
							"pivot": [-0.70916, 8.50312, 1.09369],
							"rotation": [0, -90, 0],
							"uv": {
								"north": {"uv": [13, 24], "uv_size": [1, 1.5]},
								"east": {"uv": [31, 7], "uv_size": [0.5, 1.5]},
								"south": {"uv": [14, 24], "uv_size": [1, 1.5]},
								"west": {"uv": [9, 31], "uv_size": [0.5, 1.5]},
								"up": {"uv": [31, 21], "uv_size": [1, 0.5]},
								"down": {"uv": [22, 31.5], "uv_size": [1, -0.5]}
							}
						},
						{
							"origin": [-6.29026, 15.00312, 0.88729],
							"size": [9.06875, 2.8817, 0.7942],
							"pivot": [-0.70916, 15.72812, 1.09369],
							"rotation": [0, -90, 0],
							"uv": {
								"north": {"uv": [21, 26.5], "uv_size": [0.5, 1.5]},
								"east": {"uv": [31, 7], "uv_size": [0.5, 1.5]},
								"south": {"uv": [21, 25.5], "uv_size": [0.5, 2]},
								"west": {"uv": [9, 31], "uv_size": [0.5, 1.5]},
								"up": {"uv": [31, 21], "uv_size": [1, 0.5]},
								"down": {"uv": [22, 31.5], "uv_size": [1, -0.5]}
							}
						},
						{
							"origin": [-2.67776, 19.77812, 0.88729],
							"size": [2.03125, 0.3192, 0.7942],
							"pivot": [-0.70916, 17.94062, 1.09369],
							"rotation": [0, -90, 0],
							"uv": {
								"north": {"uv": [13, 24], "uv_size": [1, 1.5]},
								"east": {"uv": [31, 7], "uv_size": [0.5, 1.5]},
								"south": {"uv": [14, 24], "uv_size": [1, 1.5]},
								"west": {"uv": [9, 31], "uv_size": [0.5, 1.5]},
								"up": {"uv": [27, 21], "uv_size": [0.5, 1.5]},
								"down": {"uv": [22, 31.5], "uv_size": [1, -0.5]}
							}
						},
						{
							"origin": [-2.67776, 13.12349, 0.90081],
							"size": [2.03125, 0.0817, 0.7942],
							"pivot": [-0.70916, 11.28599, 1.10721],
							"rotation": [0, -90, 0],
							"uv": {
								"north": {"uv": [13, 24], "uv_size": [1, 1.5]},
								"east": {"uv": [31, 7], "uv_size": [0.5, 1.5]},
								"south": {"uv": [14, 24], "uv_size": [1, 1.5]},
								"west": {"uv": [9, 31], "uv_size": [0.5, 1.5]},
								"up": {"uv": [31, 21], "uv_size": [1, 0.5]},
								"down": {"uv": [22, 31.5], "uv_size": [1, -0.5]}
							}
						},
						{
							"origin": [-2.92151, 19.77812, -0.87491],
							"size": [2.41875, 0.3192, 0.7942],
							"pivot": [-0.50276, 20.09732, -0.87491],
							"rotation": [90, -22.5, -90],
							"uv": {
								"north": {"uv": [13, 24], "uv_size": [1, 1.5]},
								"east": {"uv": [31, 7], "uv_size": [0.5, 1.5]},
								"south": {"uv": [14, 24], "uv_size": [1, 1.5]},
								"west": {"uv": [9, 31], "uv_size": [0.5, 1.5]},
								"up": {"uv": [31, 21], "uv_size": [1, 0.5]},
								"down": {"uv": [22, 31.5], "uv_size": [1, -0.5]}
							}
						},
						{
							"origin": [-2.92151, 15.14062, -1.48741],
							"size": [1.98125, 0.3192, 0.7942],
							"pivot": [-0.50276, 15.45982, -1.48741],
							"rotation": [90, 15, -90],
							"uv": {
								"north": {"uv": [13, 24], "uv_size": [1, 1.5]},
								"east": {"uv": [31, 7], "uv_size": [0.5, 1.5]},
								"south": {"uv": [14, 24], "uv_size": [1, 1.5]},
								"west": {"uv": [9, 31], "uv_size": [0.5, 1.5]},
								"up": {"uv": [26, 21], "uv_size": [0.5, 2]},
								"down": {"uv": [22, 31.5], "uv_size": [1, -0.5]}
							}
						},
						{
							"origin": [-2.92151, 15.22323, 1.48755],
							"size": [1.98125, 0.1192, 0.7942],
							"pivot": [-0.50276, 15.54243, 1.48755],
							"rotation": [90, -15, -90],
							"uv": {
								"north": {"uv": [13, 24], "uv_size": [1, 1.5]},
								"east": {"uv": [31, 7], "uv_size": [0.5, 1.5]},
								"south": {"uv": [14, 24], "uv_size": [1, 1.5]},
								"west": {"uv": [9, 31], "uv_size": [0.5, 1.5]},
								"up": {"uv": [31, 21], "uv_size": [1, 0.5]},
								"down": {"uv": [21, 27.5], "uv_size": [0.5, -1.5]}
							}
						},
						{
							"origin": [-2.92151, 19.65597, 0.86144],
							"size": [2.41875, 0.3192, 0.7942],
							"pivot": [-0.50276, 19.97517, 0.86144],
							"rotation": [90, 22.5, -90],
							"uv": {
								"north": {"uv": [13, 24], "uv_size": [1, 1.5]},
								"east": {"uv": [31, 7], "uv_size": [0.5, 1.5]},
								"south": {"uv": [14, 24], "uv_size": [1, 1.5]},
								"west": {"uv": [9, 31], "uv_size": [0.5, 1.5]},
								"up": {"uv": [31, 21], "uv_size": [1, 0.5]},
								"down": {"uv": [22, 31.5], "uv_size": [1, -0.5]}
							}
						},
						{
							"origin": [-2.27776, 10.54733, 0.86229],
							"size": [1.28125, 2.7817, 0.8567],
							"pivot": [-0.70916, 12.15983, 1.09369],
							"rotation": [0, -90, 0],
							"uv": {
								"north": {"uv": [26, 24], "uv_size": [0.5, 2.5]},
								"east": {"uv": [27, 0], "uv_size": [0.5, 2.5]},
								"south": {"uv": [27, 3], "uv_size": [0.5, 2.5]},
								"west": {"uv": [27, 6], "uv_size": [0.5, 2.5]},
								"up": {"uv": [36, 38], "uv_size": [0.5, 0.5]},
								"down": {"uv": [38, 36.5], "uv_size": [0.5, -0.5]}
							}
						},
						{
							"origin": [-2.02151, 13.19108, 0.08104],
							"size": [0.75, 6.8817, 1.0692],
							"pivot": [-0.70916, 18.06608, 0.43744],
							"rotation": [0, -90, 0],
							"uv": {
								"north": {"uv": [6, 24], "uv_size": [0.5, 4.5]},
								"east": {"uv": [7, 24], "uv_size": [0.5, 4.5]},
								"south": {"uv": [8, 24], "uv_size": [0.5, 4.5]},
								"west": {"uv": [9, 24], "uv_size": [0.5, 4.5]},
								"up": {"uv": [37, 38], "uv_size": [0.5, 0.5]},
								"down": {"uv": [38, 37.5], "uv_size": [0.5, -0.5]}
							}
						},
						{
							"origin": [-2.45276, 15.55358, 0.08104],
							"size": [0.58125, 2.6817, 1.0692],
							"pivot": [-0.70916, 18.06608, 0.43744],
							"rotation": [0, -90, 0],
							"uv": {
								"north": {"uv": [29, 10], "uv_size": [0.5, 2]},
								"south": {"uv": [12, 29], "uv_size": [0.5, 2]}
							}
						},
						{
							"origin": [-2.22776, 15.45983, 2.18104],
							"size": [0.58125, 2.9442, 1.0692],
							"pivot": [-0.70916, 18.06608, 2.53744],
							"rotation": [0, -90, 0],
							"uv": {
								"north": {"uv": [13, 29], "uv_size": [0.5, 2]},
								"south": {"uv": [29, 14], "uv_size": [0.5, 2]}
							}
						},
						{
							"origin": [-0.52151, 17.43087, -1.5307],
							"size": [0.75, 2.73795, 1.0692],
							"pivot": [-0.65276, 19.55007, -1.2307],
							"rotation": [-90, -67.5, 90],
							"uv": {
								"north": {"uv": [5, 29], "uv_size": [0.5, 2]},
								"east": {"uv": [6, 29], "uv_size": [0.5, 2]},
								"south": {"uv": [29, 6], "uv_size": [0.5, 2]},
								"west": {"uv": [7, 29], "uv_size": [0.5, 2]},
								"up": {"uv": [39, 0], "uv_size": [0.5, 0.5]},
								"down": {"uv": [1, 39.5], "uv_size": [0.5, -0.5]}
							}
						},
						{
							"origin": [-0.48401, 13.02087, -2.38451],
							"size": [0.5625, 4.4817, 1.0692],
							"pivot": [-0.65276, 17.50257, -2.08451],
							"rotation": [89.99999, -76.5, -89.99999],
							"uv": {
								"north": {"uv": [15, 24], "uv_size": [0.5, 3]},
								"east": {"uv": [24, 15], "uv_size": [0.5, 3]},
								"south": {"uv": [24, 18], "uv_size": [0.5, 3]},
								"west": {"uv": [24, 21], "uv_size": [0.5, 3]},
								"up": {"uv": [39, 2], "uv_size": [0.5, 0.5]},
								"down": {"uv": [3, 39.5], "uv_size": [0.5, -0.5]}
							}
						},
						{
							"origin": [-0.44651, 13.26192, 1.15547],
							"size": [0.58125, 4.4067, 1.0692],
							"pivot": [-0.65276, 17.66862, 1.45547],
							"rotation": [-90, -76, 90],
							"uv": {
								"north": {"uv": [24, 24], "uv_size": [0.5, 3]},
								"east": {"uv": [25, 0], "uv_size": [0.5, 3]},
								"south": {"uv": [25, 3], "uv_size": [0.5, 3]},
								"west": {"uv": [25, 6], "uv_size": [0.5, 3]},
								"up": {"uv": [39, 3], "uv_size": [0.5, 0.5]},
								"down": {"uv": [4, 39.5], "uv_size": [0.5, -0.5]}
							}
						},
						{
							"origin": [-1.47776, 17.37134, 1.23282],
							"size": [0.675, 2.8317, 1.0692],
							"pivot": [-0.65276, 19.52804, 1.53282],
							"rotation": [90, -67.5, -90],
							"uv": {
								"north": {"uv": [8, 29], "uv_size": [0.5, 2]},
								"east": {"uv": [29, 8], "uv_size": [0.5, 2]},
								"south": {"uv": [9, 29], "uv_size": [0.5, 2]},
								"west": {"uv": [10, 29], "uv_size": [0.5, 2]},
								"up": {"uv": [39, 1], "uv_size": [0.5, 0.5]},
								"down": {"uv": [2, 39.5], "uv_size": [0.5, -0.5]}
							}
						},
						{
							"origin": [-1.64651, 17.37134, 2.73282],
							"size": [0.84375, 2.2317, 1.0692],
							"pivot": [-0.65276, 19.52804, 3.03282],
							"rotation": [90, -67.5, -90],
							"uv": {
								"north": {"uv": [12, 31], "uv_size": [0.5, 1.5]},
								"east": {"uv": [13, 31], "uv_size": [0.5, 1.5]},
								"south": {"uv": [31, 13], "uv_size": [0.5, 1.5]},
								"west": {"uv": [14, 31], "uv_size": [0.5, 1.5]},
								"up": {"uv": [39, 9], "uv_size": [0.5, 0.5]}
							}
						},
						{
							"origin": [-0.65276, 14.01192, 2.65547],
							"size": [0.7875, 3.6567, 1.0692],
							"pivot": [-0.65276, 17.66862, 2.95547],
							"rotation": [-90, -76, 90],
							"uv": {
								"north": {"uv": [27, 18], "uv_size": [0.5, 2.5]},
								"east": {"uv": [27, 21], "uv_size": [0.5, 2.5]},
								"south": {"uv": [24, 27], "uv_size": [0.5, 2.5]},
								"west": {"uv": [27, 24], "uv_size": [0.5, 2.5]},
								"up": {"uv": [39, 8], "uv_size": [0.5, 0.5]},
								"down": {"uv": [9, 39.5], "uv_size": [0.5, -0.5]}
							}
						},
						{
							"origin": [-2.00276, 13.19108, 1.37479],
							"size": [0.69375, 6.90045, 1.0692],
							"pivot": [-0.70916, 18.06608, 1.73119],
							"rotation": [0, -90, 0],
							"uv": {
								"north": {"uv": [10, 24], "uv_size": [0.5, 4.5]},
								"east": {"uv": [24, 10], "uv_size": [0.5, 4.5]},
								"south": {"uv": [11, 24], "uv_size": [0.5, 4.5]},
								"west": {"uv": [12, 24], "uv_size": [0.5, 4.5]},
								"up": {"uv": [38, 38], "uv_size": [0.5, 0.5]},
								"down": {"uv": [0, 39.5], "uv_size": [0.5, -0.5]}
							}
						},
						{
							"origin": [-0.48937, 7.82813, -0.37515],
							"size": [0.89265, 0.6567, 1.0692],
							"uv": {
								"north": {"uv": [32, 36], "uv_size": [0.5, 0.5]},
								"east": {"uv": [36, 32], "uv_size": [0.5, 0.5]},
								"south": {"uv": [33, 36], "uv_size": [0.5, 0.5]},
								"west": {"uv": [36, 33], "uv_size": [0.5, 0.5]},
								"up": {"uv": [34, 36], "uv_size": [0.5, 0.5]},
								"down": {"uv": [36, 34.5], "uv_size": [0.5, -0.5]}
							}
						},
						{
							"origin": [-0.45138, 7.82813, 0.33765],
							"size": [0.70703, 0.6567, 1.0692],
							"pivot": [-0.10075, 7.82813, 0.69405],
							"rotation": [0, -45, 0],
							"uv": {
								"north": {"uv": [29, 36], "uv_size": [0.5, 0.5]},
								"east": {"uv": [36, 29], "uv_size": [0.5, 0.5]},
								"south": {"uv": [30, 36], "uv_size": [0.5, 0.5]},
								"west": {"uv": [36, 30], "uv_size": [0.5, 0.5]},
								"up": {"uv": [31, 36], "uv_size": [0.5, 0.5]},
								"down": {"uv": [36, 31.5], "uv_size": [0.5, -0.5]}
							}
						},
						{
							"origin": [-0.72401, 7.82813, -0.98356],
							"size": [0.72765, 0.6567, 1.0692],
							"pivot": [-0.35276, 7.82813, -0.62716],
							"rotation": [0, 45, 0],
							"uv": {
								"north": {"uv": [26, 36], "uv_size": [0.5, 0.5]},
								"east": {"uv": [36, 26], "uv_size": [0.5, 0.5]},
								"south": {"uv": [27, 36], "uv_size": [0.5, 0.5]},
								"west": {"uv": [36, 27], "uv_size": [0.5, 0.5]},
								"up": {"uv": [28, 36], "uv_size": [0.5, 0.5]},
								"down": {"uv": [36, 28.5], "uv_size": [0.5, -0.5]}
							}
						},
						{
							"origin": [-0.615, 0.70875, -0.20295],
							"size": [0.6492, 6.4026, 0.7776],
							"uv": {
								"north": {"uv": [1, 24], "uv_size": [0.5, 4.5]},
								"east": {"uv": [2, 24], "uv_size": [0.5, 4.5]},
								"south": {"uv": [3, 24], "uv_size": [0.5, 4.5]},
								"west": {"uv": [4, 24], "uv_size": [0.5, 4.5]},
								"up": {"uv": [25, 36], "uv_size": [0.5, 0.5]},
								"down": {"uv": [36, 25.5], "uv_size": [0.5, -0.5]}
							}
						},
						{
							"origin": [-0.58736, 0.70875, 0.31545],
							"size": [0.5142, 6.4026, 0.7776],
							"pivot": [-0.33236, 1.215, 0.57465],
							"rotation": [0, -45, 0],
							"uv": {
								"north": {"uv": [23, 15], "uv_size": [0.5, 4.5]},
								"east": {"uv": [23, 20], "uv_size": [0.5, 4.5]},
								"south": {"uv": [0, 24], "uv_size": [0.5, 4.5]},
								"west": {"uv": [24, 0], "uv_size": [0.5, 4.5]},
								"up": {"uv": [24, 36], "uv_size": [0.5, 0.5]},
								"down": {"uv": [36, 24.5], "uv_size": [0.5, -0.5]}
							}
						},
						{
							"origin": [-0.78565, 0.70875, -0.64543],
							"size": [0.5292, 6.4026, 0.7776],
							"pivot": [-0.51565, 1.215, -0.38623],
							"rotation": [0, 45, 0],
							"uv": {
								"north": {"uv": [22, 20], "uv_size": [0.5, 4.5]},
								"east": {"uv": [23, 0], "uv_size": [0.5, 4.5]},
								"south": {"uv": [23, 5], "uv_size": [0.5, 4.5]},
								"west": {"uv": [23, 10], "uv_size": [0.5, 4.5]},
								"up": {"uv": [23, 36], "uv_size": [0.5, 0.5]},
								"down": {"uv": [36, 23.5], "uv_size": [0.5, -0.5]}
							}
						},
						{
							"origin": [-0.77485, 0.70875, -1.012],
							"size": [0.2592, 6.4026, 0.7776],
							"pivot": [-0.77485, 1.215, -0.7528],
							"rotation": [0, -90, 0],
							"uv": {
								"north": {"uv": [22, 0], "uv_size": [0.5, 4.5]},
								"east": {"uv": [22, 5], "uv_size": [0.5, 4.5]},
								"south": {"uv": [22, 10], "uv_size": [0.5, 4.5]},
								"west": {"uv": [22, 15], "uv_size": [0.5, 4.5]},
								"up": {"uv": [22, 36], "uv_size": [0.5, 0.5]},
								"down": {"uv": [36, 22.5], "uv_size": [0.5, -0.5]}
							}
						},
						{
							"origin": [-2.12485, 0.70875, 0.6061],
							"size": [1.6092, 6.4026, 0.7776],
							"pivot": [-0.77485, 1.215, 0.8653],
							"rotation": [0, -90, 0],
							"uv": {
								"north": {"uv": [16, 16], "uv_size": [1, 4.5]},
								"east": {"uv": [19, 21], "uv_size": [0.5, 4.5]},
								"south": {"uv": [17, 16], "uv_size": [1, 4.5]},
								"west": {"uv": [21, 20], "uv_size": [0.5, 4.5]},
								"up": {"uv": [31, 18], "uv_size": [1, 0.5]},
								"down": {"uv": [19, 31.5], "uv_size": [1, -0.5]}
							}
						},
						{
							"origin": [-1.65981, 0.70875, 0.49873],
							"size": [0.4092, 6.4026, 0.7776],
							"pivot": [-1.65981, 1.215, 0.75793],
							"rotation": [0, 45, 0],
							"uv": {
								"north": {"uv": [21, 15], "uv_size": [0.5, 4.5]},
								"east": {"uv": [16, 21], "uv_size": [0.5, 4.5]},
								"south": {"uv": [17, 21], "uv_size": [0.5, 4.5]},
								"west": {"uv": [18, 21], "uv_size": [0.5, 4.5]},
								"up": {"uv": [21, 36], "uv_size": [0.5, 0.5]},
								"down": {"uv": [36, 21.5], "uv_size": [0.5, -0.5]}
							}
						},
						{
							"origin": [-1.47653, 0.70875, -0.82871],
							"size": [0.6492, 6.4026, 0.7776],
							"pivot": [-1.47653, 1.215, -0.56951],
							"rotation": [0, -45, 0],
							"uv": {
								"north": {"uv": [20, 20], "uv_size": [0.5, 4.5]},
								"east": {"uv": [21, 0], "uv_size": [0.5, 4.5]},
								"south": {"uv": [21, 5], "uv_size": [0.5, 4.5]},
								"west": {"uv": [21, 10], "uv_size": [0.5, 4.5]},
								"up": {"uv": [20, 36], "uv_size": [0.5, 0.5]},
								"down": {"uv": [36, 20.5], "uv_size": [0.5, -0.5]}
							}
						},
						{
							"origin": [-1.84309, 0.70875, -0.20295],
							"size": [0.5142, 6.4026, 0.7776],
							"uv": {
								"north": {"uv": [20, 0], "uv_size": [0.5, 4.5]},
								"east": {"uv": [20, 5], "uv_size": [0.5, 4.5]},
								"south": {"uv": [20, 10], "uv_size": [0.5, 4.5]},
								"west": {"uv": [20, 15], "uv_size": [0.5, 4.5]},
								"up": {"uv": [19, 36], "uv_size": [0.5, 0.5]},
								"down": {"uv": [36, 19.5], "uv_size": [0.5, -0.5]}
							}
						},
						{
							"origin": [-0.48401, 13.77087, -3.88451],
							"size": [0.80625, 3.7317, 1.0692],
							"pivot": [-0.65276, 17.50257, -3.58451],
							"rotation": [89.99999, -76.5, -89.99999],
							"uv": {
								"north": {"uv": [27, 9], "uv_size": [0.5, 2.5]},
								"east": {"uv": [27, 12], "uv_size": [0.5, 2.5]},
								"south": {"uv": [15, 27], "uv_size": [0.5, 2.5]},
								"west": {"uv": [27, 15], "uv_size": [0.5, 2.5]},
								"up": {"uv": [39, 6], "uv_size": [0.5, 0.5]},
								"down": {"uv": [7, 39.5], "uv_size": [0.5, -0.5]}
							}
						},
						{
							"origin": [-0.52151, 17.43087, -3.0307],
							"size": [0.825, 2.13795, 1.0692],
							"pivot": [-0.65276, 19.55007, -2.7307],
							"rotation": [-90, -67.5, 90],
							"uv": {
								"north": {"uv": [31, 9], "uv_size": [0.5, 1.5]},
								"east": {"uv": [10, 31], "uv_size": [0.5, 1.5]},
								"south": {"uv": [11, 31], "uv_size": [0.5, 1.5]},
								"west": {"uv": [31, 11], "uv_size": [0.5, 1.5]},
								"up": {"uv": [39, 7], "uv_size": [0.5, 0.5]}
							}
						}
					]
				},
				{
					"name": "bone5",
					"parent": "impact",
					"pivot": [-0.35276, 22.20254, -3.63199],
					"cubes": [
						{
							"origin": [-0.48401, 13.67712, -5.66576],
							"size": [0.80625, 4.7817, 1.0692],
							"pivot": [-0.65276, 18.15882, -5.36576],
							"rotation": [89.99999, -76.5, -89.99999],
							"uv": {
								"north": {"uv": [20, 25], "uv_size": [0.5, 3]},
								"east": {"uv": [21, 25], "uv_size": [0.5, 3]},
								"south": {"uv": [25, 21], "uv_size": [0.5, 3]},
								"west": {"uv": [22, 25], "uv_size": [0.5, 3]},
								"up": {"uv": [2, 40], "uv_size": [0.5, 0.5]},
								"down": {"uv": [40, 2.5], "uv_size": [0.5, -0.5]}
							}
						},
						{
							"origin": [-0.48401, 18.39762, -4.65122],
							"size": [0.80625, 3.5442, 1.0692],
							"pivot": [-0.65276, 22.87932, -4.35122],
							"rotation": [-89.99999, -76, 89.99999],
							"uv": {
								"north": {"uv": [25, 27], "uv_size": [0.5, 2.5]},
								"east": {"uv": [26, 27], "uv_size": [0.5, 2.5]},
								"south": {"uv": [27, 27], "uv_size": [0.5, 2.5]},
								"west": {"uv": [28, 0], "uv_size": [0.5, 2.5]},
								"up": {"uv": [3, 40], "uv_size": [0.5, 0.5]},
								"down": {"uv": [40, 3.5], "uv_size": [0.5, -0.5]}
							}
						},
						{
							"origin": [-0.48401, 10.51623, -4.49057],
							"size": [0.80625, 3.2817, 1.0692],
							"pivot": [-0.65276, 13.49793, -4.19057],
							"rotation": [89.99999, -66.5, -89.99999],
							"uv": {
								"north": {"uv": [29, 18], "uv_size": [0.5, 2]},
								"east": {"uv": [19, 29], "uv_size": [0.5, 2]},
								"south": {"uv": [29, 20], "uv_size": [0.5, 2]},
								"west": {"uv": [29, 22], "uv_size": [0.5, 2]},
								"up": {"uv": [5, 40], "uv_size": [0.5, 0.5]},
								"down": {"uv": [40, 5.5], "uv_size": [0.5, -0.5]}
							}
						},
						{
							"origin": [-0.48401, 9.95373, -6.10307],
							"size": [0.80625, 3.8442, 1.0692],
							"pivot": [-0.65276, 13.49793, -5.80307],
							"rotation": [89.99999, -66.5, -89.99999],
							"uv": {
								"north": {"uv": [28, 27], "uv_size": [0.5, 2.5]},
								"east": {"uv": [0, 29], "uv_size": [0.5, 2.5]},
								"south": {"uv": [29, 0], "uv_size": [0.5, 2.5]},
								"west": {"uv": [1, 29], "uv_size": [0.5, 2.5]},
								"up": {"uv": [16, 40], "uv_size": [0.5, 0.5]},
								"down": {"uv": [40, 16.5], "uv_size": [0.5, -0.5]}
							}
						},
						{
							"origin": [-1.15901, 11.81097, -1.51698],
							"size": [0.80625, 0.8442, 1.0692],
							"pivot": [-0.35276, 8.81097, -1.51698],
							"rotation": [90, -44, -90],
							"uv": {
								"north": {"uv": [18, 40], "uv_size": [0.5, 0.5]},
								"east": {"uv": [40, 18], "uv_size": [0.5, 0.5]},
								"south": {"uv": [19, 40], "uv_size": [0.5, 0.5]},
								"west": {"uv": [40, 19], "uv_size": [0.5, 0.5]},
								"up": {"uv": [20, 40], "uv_size": [0.5, 0.5]},
								"down": {"uv": [40, 20.5], "uv_size": [0.5, -0.5]}
							}
						},
						{
							"origin": [-1.15901, 22.58591, -3.17985],
							"size": [0.80625, 0.8442, 1.0692],
							"pivot": [-0.35276, 19.58591, -3.17985],
							"rotation": [90, -44, -90],
							"uv": {
								"north": {"uv": [25, 40], "uv_size": [0.5, 0.5]},
								"east": {"uv": [40, 25], "uv_size": [0.5, 0.5]},
								"south": {"uv": [26, 40], "uv_size": [0.5, 0.5]},
								"west": {"uv": [40, 26], "uv_size": [0.5, 0.5]},
								"up": {"uv": [27, 40], "uv_size": [0.5, 0.5]},
								"down": {"uv": [40, 27.5], "uv_size": [0.5, -0.5]}
							}
						},
						{
							"origin": [-1.15901, 19.37966, -3.9486],
							"size": [0.80625, 0.8442, 1.0692],
							"pivot": [-0.35276, 16.37966, -3.9486],
							"rotation": [90, -44, -90],
							"uv": {
								"north": {"uv": [34, 40], "uv_size": [0.5, 0.5]},
								"east": {"uv": [40, 34], "uv_size": [0.5, 0.5]},
								"south": {"uv": [35, 40], "uv_size": [0.5, 0.5]},
								"west": {"uv": [40, 35], "uv_size": [0.5, 0.5]},
								"up": {"uv": [36, 40], "uv_size": [0.5, 0.5]},
								"down": {"uv": [40, 36.5], "uv_size": [0.5, -0.5]}
							}
						},
						{
							"origin": [-1.15901, 19.09841, -1.6236],
							"size": [0.80625, 0.8442, 1.0692],
							"pivot": [-0.35276, 16.09841, -1.6236],
							"rotation": [90, -44, -90],
							"uv": {
								"north": {"uv": [41, 2], "uv_size": [0.5, 0.5]},
								"east": {"uv": [3, 41], "uv_size": [0.5, 0.5]},
								"south": {"uv": [41, 3], "uv_size": [0.5, 0.5]},
								"west": {"uv": [4, 41], "uv_size": [0.5, 0.5]},
								"up": {"uv": [41, 4], "uv_size": [0.5, 0.5]},
								"down": {"uv": [5, 41.5], "uv_size": [0.5, -0.5]}
							}
						},
						{
							"origin": [-1.15901, 15.02966, -0.74235],
							"size": [0.80625, 0.8442, 1.0692],
							"pivot": [-0.35276, 12.02966, -0.74235],
							"rotation": [90, -44, -90],
							"uv": {
								"north": {"uv": [41, 11], "uv_size": [0.5, 0.5]},
								"east": {"uv": [12, 41], "uv_size": [0.5, 0.5]},
								"south": {"uv": [41, 12], "uv_size": [0.5, 0.5]},
								"west": {"uv": [13, 41], "uv_size": [0.5, 0.5]},
								"up": {"uv": [41, 13], "uv_size": [0.5, 0.5]},
								"down": {"uv": [14, 41.5], "uv_size": [0.5, -0.5]}
							}
						},
						{
							"origin": [-1.15901, 14.80466, -2.8236],
							"size": [0.80625, 0.8442, 1.0692],
							"pivot": [-0.35276, 11.80466, -2.8236],
							"rotation": [90, -44, -90],
							"uv": {
								"north": {"uv": [40, 40], "uv_size": [0.5, 0.5]},
								"east": {"uv": [0, 41], "uv_size": [0.5, 0.5]},
								"south": {"uv": [41, 0], "uv_size": [0.5, 0.5]},
								"west": {"uv": [1, 41], "uv_size": [0.5, 0.5]},
								"up": {"uv": [41, 1], "uv_size": [0.5, 0.5]},
								"down": {"uv": [2, 41.5], "uv_size": [0.5, -0.5]}
							}
						},
						{
							"origin": [-0.48401, 13.67712, -7.27826],
							"size": [0.80625, 4.7817, 1.0692],
							"pivot": [-0.65276, 18.15882, -6.97826],
							"rotation": [89.99999, -76.5, -89.99999],
							"uv": {
								"north": {"uv": [18, 26], "uv_size": [0.5, 3]},
								"east": {"uv": [26, 18], "uv_size": [0.5, 3]},
								"south": {"uv": [19, 26], "uv_size": [0.5, 3]},
								"west": {"uv": [26, 21], "uv_size": [0.5, 3]},
								"up": {"uv": [17, 40], "uv_size": [0.5, 0.5]},
								"down": {"uv": [40, 17.5], "uv_size": [0.5, -0.5]}
							}
						},
						{
							"origin": [-0.48401, 18.39762, -6.26372],
							"size": [0.80625, 3.8817, 1.0692],
							"pivot": [-0.65276, 22.87932, -5.96372],
							"rotation": [-89.99999, -76, 89.99999],
							"uv": {
								"north": {"uv": [2, 29], "uv_size": [0.5, 2.5]},
								"east": {"uv": [3, 29], "uv_size": [0.5, 2.5]},
								"south": {"uv": [29, 3], "uv_size": [0.5, 2.5]},
								"west": {"uv": [4, 29], "uv_size": [0.5, 2.5]},
								"up": {"uv": [24, 40], "uv_size": [0.5, 0.5]},
								"down": {"uv": [40, 24.5], "uv_size": [0.5, -0.5]}
							}
						}
					]
				},
				{
					"name": "we_illuminated",
					"parent": "bone5",
					"pivot": [-0.65276, 24.00432, -5.15747],
					"cubes": [
						{
							"origin": [-0.48401, 10.51623, -5.14682],
							"size": [0.80625, 3.2817, 0.7317],
							"pivot": [-0.65276, 13.49793, -4.99682],
							"rotation": [89.99999, -66.5, -89.99999],
							"uv": {
								"north": {"uv": [30, 2], "uv_size": [0.5, 2]},
								"east": {"uv": [30, 4], "uv_size": [0.5, 2]},
								"south": {"uv": [30, 6], "uv_size": [0.5, 2]},
								"west": {"uv": [30, 8], "uv_size": [0.5, 2]},
								"up": {"uv": [7, 40], "uv_size": [0.5, 0.5]},
								"down": {"uv": [40, 7.5], "uv_size": [0.5, -0.5]}
							}
						},
						{
							"origin": [-0.48401, 13.67712, -6.32201],
							"size": [0.80625, 4.7817, 0.7317],
							"pivot": [-0.65276, 18.15882, -6.17201],
							"rotation": [89.99999, -76.5, -89.99999],
							"uv": {
								"north": {"uv": [23, 25], "uv_size": [0.5, 3]},
								"east": {"uv": [25, 24], "uv_size": [0.5, 3]},
								"south": {"uv": [26, 0], "uv_size": [0.5, 3]},
								"west": {"uv": [26, 3], "uv_size": [0.5, 3]},
								"up": {"uv": [8, 40], "uv_size": [0.5, 0.5]},
								"down": {"uv": [40, 8.5], "uv_size": [0.5, -0.5]}
							}
						},
						{
							"origin": [-0.48401, 18.39762, -5.30747],
							"size": [0.80625, 3.2817, 0.7317],
							"pivot": [-0.65276, 22.87932, -5.15747],
							"rotation": [-89.99999, -76, 89.99999],
							"uv": {
								"north": {"uv": [30, 10], "uv_size": [0.5, 2]},
								"east": {"uv": [30, 12], "uv_size": [0.5, 2]},
								"south": {"uv": [30, 14], "uv_size": [0.5, 2]},
								"west": {"uv": [15, 30], "uv_size": [0.5, 2]},
								"up": {"uv": [9, 40], "uv_size": [0.5, 0.5]},
								"down": {"uv": [40, 9.5], "uv_size": [0.5, -0.5]}
							}
						}
					]
				},
				{
					"name": "bone6",
					"parent": "impact",
					"pivot": [-0.35276, 22.13807, 3.89618],
					"cubes": [
						{
							"origin": [-0.65276, 13.91817, 4.39922],
							"size": [0.7875, 4.7067, 1.0692],
							"pivot": [-0.65276, 18.32487, 4.69922],
							"rotation": [-90, -76, 90],
							"uv": {
								"north": {"uv": [25, 9], "uv_size": [0.5, 3]},
								"east": {"uv": [25, 12], "uv_size": [0.5, 3]},
								"south": {"uv": [25, 15], "uv_size": [0.5, 3]},
								"west": {"uv": [25, 18], "uv_size": [0.5, 3]},
								"up": {"uv": [1, 40], "uv_size": [0.5, 0.5]},
								"down": {"uv": [40, 1.5], "uv_size": [0.5, -0.5]}
							}
						},
						{
							"origin": [-0.48401, 15.51316, 5.32706],
							"size": [0.80625, 3.5442, 1.0692],
							"pivot": [-0.65276, 18.75736, 5.62706],
							"rotation": [-89.99999, 76, 89.99999],
							"uv": {
								"north": {"uv": [28, 3], "uv_size": [0.5, 2.5]},
								"east": {"uv": [28, 6], "uv_size": [0.5, 2.5]},
								"south": {"uv": [28, 9], "uv_size": [0.5, 2.5]},
								"west": {"uv": [28, 12], "uv_size": [0.5, 2.5]},
								"up": {"uv": [4, 40], "uv_size": [0.5, 0.5]},
								"down": {"uv": [40, 4.5], "uv_size": [0.5, -0.5]}
							}
						},
						{
							"origin": [-0.48401, 5.19957, 2.46493],
							"size": [0.80625, 3.2817, 1.0692],
							"pivot": [-0.65276, 9.68127, 2.76493],
							"rotation": [89.99999, 66.5, -89.99999],
							"uv": {
								"north": {"uv": [29, 24], "uv_size": [0.5, 2]},
								"east": {"uv": [29, 26], "uv_size": [0.5, 2]},
								"south": {"uv": [29, 28], "uv_size": [0.5, 2]},
								"west": {"uv": [30, 0], "uv_size": [0.5, 2]},
								"up": {"uv": [6, 40], "uv_size": [0.5, 0.5]},
								"down": {"uv": [40, 6.5], "uv_size": [0.5, -0.5]}
							}
						},
						{
							"origin": [-0.48401, 5.19957, 4.05868],
							"size": [0.80625, 3.8442, 1.0692],
							"pivot": [-0.65276, 9.68127, 4.35868],
							"rotation": [89.99999, 66.5, -89.99999],
							"uv": {
								"north": {"uv": [28, 15], "uv_size": [0.5, 2.5]},
								"east": {"uv": [28, 18], "uv_size": [0.5, 2.5]},
								"south": {"uv": [20, 28], "uv_size": [0.5, 2.5]},
								"west": {"uv": [21, 28], "uv_size": [0.5, 2.5]},
								"up": {"uv": [13, 40], "uv_size": [0.5, 0.5]},
								"down": {"uv": [40, 13.5], "uv_size": [0.5, -0.5]}
							}
						},
						{
							"origin": [-1.15901, 4.98498, 1.74004],
							"size": [0.80625, 0.8442, 1.0692],
							"pivot": [-0.35276, 8.82918, 1.74004],
							"rotation": [90.00001, 44, -89.99998],
							"uv": {
								"north": {"uv": [21, 40], "uv_size": [0.5, 0.5]},
								"east": {"uv": [40, 21], "uv_size": [0.5, 0.5]},
								"south": {"uv": [22, 40], "uv_size": [0.5, 0.5]},
								"west": {"uv": [40, 22], "uv_size": [0.5, 0.5]},
								"up": {"uv": [23, 40], "uv_size": [0.5, 0.5]},
								"down": {"uv": [40, 23.5], "uv_size": [0.5, -0.5]}
							}
						},
						{
							"origin": [-1.15901, 15.67723, 3.4253],
							"size": [0.80625, 0.8442, 1.0692],
							"pivot": [-0.35276, 19.52143, 3.4253],
							"rotation": [90.00001, 44, -89.99998],
							"uv": {
								"north": {"uv": [28, 40], "uv_size": [0.5, 0.5]},
								"east": {"uv": [40, 28], "uv_size": [0.5, 0.5]},
								"south": {"uv": [29, 40], "uv_size": [0.5, 0.5]},
								"west": {"uv": [40, 29], "uv_size": [0.5, 0.5]},
								"up": {"uv": [30, 40], "uv_size": [0.5, 0.5]},
								"down": {"uv": [40, 30.5], "uv_size": [0.5, -0.5]}
							}
						},
						{
							"origin": [-1.15901, 12.47098, 4.23155],
							"size": [0.80625, 0.8442, 1.0692],
							"pivot": [-0.35276, 16.31518, 4.23155],
							"rotation": [90.00001, 44, -89.99998],
							"uv": {
								"north": {"uv": [31, 40], "uv_size": [0.5, 0.5]},
								"east": {"uv": [40, 31], "uv_size": [0.5, 0.5]},
								"south": {"uv": [32, 40], "uv_size": [0.5, 0.5]},
								"west": {"uv": [40, 32], "uv_size": [0.5, 0.5]},
								"up": {"uv": [33, 40], "uv_size": [0.5, 0.5]},
								"down": {"uv": [40, 33.5], "uv_size": [0.5, -0.5]}
							}
						},
						{
							"origin": [-1.15901, 12.18973, 1.86905],
							"size": [0.80625, 0.8442, 1.0692],
							"pivot": [-0.35276, 16.03393, 1.86905],
							"rotation": [90.00001, 44, -89.99998],
							"uv": {
								"north": {"uv": [41, 5], "uv_size": [0.5, 0.5]},
								"east": {"uv": [6, 41], "uv_size": [0.5, 0.5]},
								"south": {"uv": [41, 6], "uv_size": [0.5, 0.5]},
								"west": {"uv": [7, 41], "uv_size": [0.5, 0.5]},
								"up": {"uv": [41, 7], "uv_size": [0.5, 0.5]},
								"down": {"uv": [8, 41.5], "uv_size": [0.5, -0.5]}
							}
						},
						{
							"origin": [-1.15901, 8.12098, 1.0253],
							"size": [0.80625, 0.8442, 1.0692],
							"pivot": [-0.35276, 11.96518, 1.0253],
							"rotation": [90.00001, 44, -89.99998],
							"uv": {
								"north": {"uv": [41, 8], "uv_size": [0.5, 0.5]},
								"east": {"uv": [9, 41], "uv_size": [0.5, 0.5]},
								"south": {"uv": [41, 9], "uv_size": [0.5, 0.5]},
								"west": {"uv": [10, 41], "uv_size": [0.5, 0.5]},
								"up": {"uv": [41, 10], "uv_size": [0.5, 0.5]},
								"down": {"uv": [11, 41.5], "uv_size": [0.5, -0.5]}
							}
						},
						{
							"origin": [-1.15901, 7.89598, 3.03155],
							"size": [0.80625, 0.8442, 1.0692],
							"pivot": [-0.35276, 11.74018, 3.03155],
							"rotation": [90.00001, 44, -89.99998],
							"uv": {
								"north": {"uv": [37, 40], "uv_size": [0.5, 0.5]},
								"east": {"uv": [40, 37], "uv_size": [0.5, 0.5]},
								"south": {"uv": [38, 40], "uv_size": [0.5, 0.5]},
								"west": {"uv": [40, 38], "uv_size": [0.5, 0.5]},
								"up": {"uv": [39, 40], "uv_size": [0.5, 0.5]},
								"down": {"uv": [40, 39.5], "uv_size": [0.5, -0.5]}
							}
						},
						{
							"origin": [-0.65276, 13.91817, 5.99297],
							"size": [0.7875, 4.7067, 1.0692],
							"pivot": [-0.65276, 18.32487, 6.29297],
							"rotation": [-90, -76, 90],
							"uv": {
								"north": {"uv": [14, 26], "uv_size": [0.5, 3]},
								"east": {"uv": [26, 15], "uv_size": [0.5, 3]},
								"south": {"uv": [16, 26], "uv_size": [0.5, 3]},
								"west": {"uv": [17, 26], "uv_size": [0.5, 3]},
								"up": {"uv": [14, 40], "uv_size": [0.5, 0.5]},
								"down": {"uv": [40, 14.5], "uv_size": [0.5, -0.5]}
							}
						},
						{
							"origin": [-0.48401, 15.17566, 6.92081],
							"size": [0.80625, 3.8817, 1.0692],
							"pivot": [-0.65276, 18.75736, 7.22081],
							"rotation": [-89.99999, 76, 89.99999],
							"uv": {
								"north": {"uv": [28, 21], "uv_size": [0.5, 2.5]},
								"east": {"uv": [22, 28], "uv_size": [0.5, 2.5]},
								"south": {"uv": [23, 28], "uv_size": [0.5, 2.5]},
								"west": {"uv": [28, 24], "uv_size": [0.5, 2.5]},
								"up": {"uv": [15, 40], "uv_size": [0.5, 0.5]},
								"down": {"uv": [40, 15.5], "uv_size": [0.5, -0.5]}
							}
						}
					]
				},
				{
					"name": "df_illuminated",
					"parent": "bone6",
					"pivot": [-0.65276, 19.88236, 6.43331],
					"cubes": [
						{
							"origin": [-0.48401, 5.19957, 3.42118],
							"size": [0.80625, 3.2817, 0.7692],
							"pivot": [-0.65276, 9.68127, 3.57118],
							"rotation": [89.99999, 66.5, -89.99999],
							"uv": {
								"north": {"uv": [30, 20], "uv_size": [0.5, 2]},
								"east": {"uv": [30, 22], "uv_size": [0.5, 2]},
								"south": {"uv": [24, 30], "uv_size": [0.5, 2]},
								"west": {"uv": [30, 24], "uv_size": [0.5, 2]},
								"up": {"uv": [12, 40], "uv_size": [0.5, 0.5]},
								"down": {"uv": [40, 12.5], "uv_size": [0.5, -0.5]}
							}
						},
						{
							"origin": [-0.65276, 13.91817, 5.35547],
							"size": [0.7875, 4.7067, 0.7692],
							"pivot": [-0.65276, 18.32487, 5.50547],
							"rotation": [-90, -76, 90],
							"uv": {
								"north": {"uv": [26, 6], "uv_size": [0.5, 3]},
								"east": {"uv": [26, 9], "uv_size": [0.5, 3]},
								"south": {"uv": [26, 12], "uv_size": [0.5, 3]},
								"west": {"uv": [13, 26], "uv_size": [0.5, 3]},
								"up": {"uv": [11, 40], "uv_size": [0.5, 0.5]},
								"down": {"uv": [40, 11.5], "uv_size": [0.5, -0.5]}
							}
						},
						{
							"origin": [-0.48401, 15.77566, 6.28331],
							"size": [0.80625, 3.2817, 0.7692],
							"pivot": [-0.65276, 18.75736, 6.43331],
							"rotation": [-89.99999, 76, 89.99999],
							"uv": {
								"north": {"uv": [30, 16], "uv_size": [0.5, 2]},
								"east": {"uv": [17, 30], "uv_size": [0.5, 2]},
								"south": {"uv": [18, 30], "uv_size": [0.5, 2]},
								"west": {"uv": [30, 18], "uv_size": [0.5, 2]},
								"up": {"uv": [10, 40], "uv_size": [0.5, 0.5]},
								"down": {"uv": [40, 10.5], "uv_size": [0.5, -0.5]}
							}
						}
					]
				},
				{
					"name": "md",
					"parent": "impact",
					"pivot": [-1.17958, 9.12656, 0.20934],
					"rotation": [90, 0, 0],
					"cubes": [
						{
							"origin": [-1.42326, 9.89255, -0.54828],
							"size": [1.0875, 0.125, 0.5346],
							"pivot": [-1.17958, 8.92067, -0.37008],
							"rotation": [-60, 0, 0],
							"uv": {
								"north": {"uv": [21, 38], "uv_size": [0.5, 0.5]},
								"east": {"uv": [38, 21], "uv_size": [0.5, 0.5]},
								"south": {"uv": [22, 38], "uv_size": [0.5, 0.5]},
								"west": {"uv": [38, 22], "uv_size": [0.5, 0.5]},
								"up": {"uv": [23, 38], "uv_size": [0.5, 0.5]},
								"down": {"uv": [38, 23.5], "uv_size": [0.5, -0.5]}
							}
						},
						{
							"origin": [-1.42326, 9.36275, 1.28661],
							"size": [1.0875, 0.125, 0.5346],
							"pivot": [-1.17958, 8.34087, 1.46481],
							"rotation": [60, 0, 0],
							"uv": {
								"north": {"uv": [30, 38], "uv_size": [0.5, 0.5]},
								"east": {"uv": [38, 30], "uv_size": [0.5, 0.5]},
								"south": {"uv": [31, 38], "uv_size": [0.5, 0.5]},
								"west": {"uv": [38, 31], "uv_size": [0.5, 0.5]},
								"up": {"uv": [32, 38], "uv_size": [0.5, 0.5]},
								"down": {"uv": [38, 32.5], "uv_size": [0.5, -0.5]}
							}
						},
						{
							"origin": [-1.42326, 8.69748, -0.04386],
							"size": [1.0875, 0.125, 0.5346],
							"uv": {
								"north": {"uv": [33, 38], "uv_size": [0.5, 0.5]},
								"east": {"uv": [38, 33], "uv_size": [0.5, 0.5]},
								"south": {"uv": [34, 38], "uv_size": [0.5, 0.5]},
								"west": {"uv": [38, 34], "uv_size": [0.5, 0.5]},
								"up": {"uv": [35, 38], "uv_size": [0.5, 0.5]},
								"down": {"uv": [38, 35.5], "uv_size": [0.5, -0.5]}
							}
						},
						{
							"origin": [-1.42326, 9.51707, -1.28523],
							"size": [1.0875, 0.125, 0.5346],
							"pivot": [-1.17958, 8.4952, -1.10703],
							"rotation": [-60, 0, 0],
							"uv": {
								"north": {"uv": [27, 38], "uv_size": [0.5, 0.5]},
								"east": {"uv": [38, 27], "uv_size": [0.5, 0.5]},
								"south": {"uv": [28, 38], "uv_size": [0.5, 0.5]},
								"west": {"uv": [38, 28], "uv_size": [0.5, 0.5]},
								"up": {"uv": [29, 38], "uv_size": [0.5, 0.5]},
								"down": {"uv": [38, 29.5], "uv_size": [0.5, -0.5]}
							}
						},
						{
							"origin": [-1.42326, 9.73822, 0.54967],
							"size": [1.0875, 0.125, 0.5346],
							"pivot": [-1.17958, 8.76635, 0.72787],
							"rotation": [60, 0, 0],
							"uv": {
								"north": {"uv": [24, 38], "uv_size": [0.5, 0.5]},
								"east": {"uv": [38, 24], "uv_size": [0.5, 0.5]},
								"south": {"uv": [25, 38], "uv_size": [0.5, 0.5]},
								"west": {"uv": [38, 25], "uv_size": [0.5, 0.5]},
								"up": {"uv": [26, 38], "uv_size": [0.5, 0.5]},
								"down": {"uv": [38, 26.5], "uv_size": [0.5, -0.5]}
							}
						},
						{
							"origin": [-1.42326, 9.49844, -0.04386],
							"size": [1.0875, 0.125, 0.5346],
							"uv": {
								"north": {"uv": [18, 38], "uv_size": [0.5, 0.5]},
								"east": {"uv": [38, 18], "uv_size": [0.5, 0.5]},
								"south": {"uv": [19, 38], "uv_size": [0.5, 0.5]},
								"west": {"uv": [38, 19], "uv_size": [0.5, 0.5]},
								"up": {"uv": [20, 38], "uv_size": [0.5, 0.5]},
								"down": {"uv": [38, 20.5], "uv_size": [0.5, -0.5]}
							}
						}
					]
				},
				{
					"name": "bone",
					"parent": "impact",
					"pivot": [-0.57791, 14.97188, -0.58744],
					"rotation": [0, 0, 90],
					"cubes": [
						{
							"origin": [-0.70961, 14.05313, 0.53781],
							"size": [0.42422, 1.31277, 0.64152],
							"pivot": [-0.21287, 14.97188, 0.5077],
							"rotation": [0, -45, 0],
							"uv": {
								"north": {"uv": [32, 11], "uv_size": [0.5, 1]},
								"east": {"uv": [32, 12], "uv_size": [0.5, 1]},
								"south": {"uv": [32, 13], "uv_size": [0.5, 1]},
								"west": {"uv": [32, 14], "uv_size": [0.5, 1]},
								"up": {"uv": [39, 15], "uv_size": [0.5, 0.5]},
								"down": {"uv": [16, 39.5], "uv_size": [0.5, -0.5]}
							}
						},
						{
							"origin": [-1.55196, 14.05313, 0.1587],
							"size": [0.33759, 1.31277, 0.64152],
							"pivot": [-1.30801, 14.97188, 0.65891],
							"rotation": [0, 45, 0],
							"uv": {
								"north": {"uv": [8, 32], "uv_size": [0.5, 1]},
								"east": {"uv": [32, 8], "uv_size": [0.5, 1]},
								"south": {"uv": [32, 9], "uv_size": [0.5, 1]},
								"west": {"uv": [32, 10], "uv_size": [0.5, 1]},
								"up": {"uv": [39, 14], "uv_size": [0.5, 0.5]},
								"down": {"uv": [15, 39.5], "uv_size": [0.5, -0.5]}
							}
						},
						{
							"origin": [-1.72166, 14.05313, 0.90865],
							"size": [1.32759, 1.31277, 0.64152],
							"pivot": [-0.57791, 14.97188, 0.74749],
							"rotation": [0, -90, 0],
							"uv": {
								"north": {"uv": [29, 16], "uv_size": [1, 1]},
								"east": {"uv": [5, 32], "uv_size": [0.5, 1]},
								"south": {"uv": [17, 29], "uv_size": [1, 1]},
								"west": {"uv": [6, 32], "uv_size": [0.5, 1]},
								"up": {"uv": [7, 32], "uv_size": [1, 0.5]},
								"down": {"uv": [32, 7.5], "uv_size": [1, -0.5]}
							}
						},
						{
							"origin": [-1.83422, 14.05313, -0.16382],
							"size": [0.48046, 1.31277, 0.64152],
							"uv": {
								"north": {"uv": [1, 32], "uv_size": [0.5, 1]},
								"east": {"uv": [2, 32], "uv_size": [0.5, 1]},
								"south": {"uv": [3, 32], "uv_size": [0.5, 1]},
								"west": {"uv": [4, 32], "uv_size": [0.5, 1]},
								"up": {"uv": [39, 13], "uv_size": [0.5, 0.5]},
								"down": {"uv": [14, 39.5], "uv_size": [0.5, -0.5]}
							}
						},
						{
							"origin": [-1.44317, 14.05313, -0.40612],
							"size": [0.53559, 1.31277, 0.64152],
							"pivot": [-1.1568, 14.97188, -0.43623],
							"rotation": [0, -45, 0],
							"uv": {
								"north": {"uv": [30, 31], "uv_size": [0.5, 1]},
								"east": {"uv": [31, 30], "uv_size": [0.5, 1]},
								"south": {"uv": [31, 31], "uv_size": [0.5, 1]},
								"west": {"uv": [0, 32], "uv_size": [0.5, 1]},
								"up": {"uv": [39, 12], "uv_size": [0.5, 0.5]},
								"down": {"uv": [13, 39.5], "uv_size": [0.5, -0.5]}
							}
						},
						{
							"origin": [-0.83077, 14.05313, -0.78524],
							"size": [0.43659, 1.31277, 0.64152],
							"pivot": [-0.36407, 14.97188, -0.28502],
							"rotation": [0, 45, 0],
							"uv": {
								"north": {"uv": [26, 31], "uv_size": [0.5, 1]},
								"east": {"uv": [27, 31], "uv_size": [0.5, 1]},
								"south": {"uv": [28, 31], "uv_size": [0.5, 1]},
								"west": {"uv": [29, 31], "uv_size": [0.5, 1]},
								"up": {"uv": [39, 11], "uv_size": [0.5, 0.5]},
								"down": {"uv": [12, 39.5], "uv_size": [0.5, -0.5]}
							}
						},
						{
							"origin": [-0.60791, 14.05313, -0.42628],
							"size": [0.27009, 1.31277, 0.64152],
							"pivot": [-0.57791, 14.97188, -0.58744],
							"rotation": [0, -90, 0],
							"uv": {
								"north": {"uv": [31, 23], "uv_size": [0.5, 1]},
								"east": {"uv": [31, 24], "uv_size": [0.5, 1]},
								"south": {"uv": [25, 31], "uv_size": [0.5, 1]},
								"west": {"uv": [31, 25], "uv_size": [0.5, 1]},
								"up": {"uv": [39, 10], "uv_size": [0.5, 0.5]},
								"down": {"uv": [11, 39.5], "uv_size": [0.5, -0.5]}
							}
						},
						{
							"origin": [-0.82104, 14.05313, -0.16382],
							"size": [0.53559, 1.31277, 0.64152],
							"uv": {
								"north": {"uv": [15, 32], "uv_size": [0.5, 1]},
								"east": {"uv": [32, 15], "uv_size": [0.5, 1]},
								"south": {"uv": [16, 32], "uv_size": [0.5, 1]},
								"west": {"uv": [32, 16], "uv_size": [0.5, 1]},
								"up": {"uv": [39, 16], "uv_size": [0.5, 0.5]},
								"down": {"uv": [17, 39.5], "uv_size": [0.5, -0.5]}
							}
						}
					]
				},
				{
					"name": "bone2",
					"parent": "impact",
					"pivot": [-0.57791, 17.55938, -0.60619],
					"rotation": [0, 0, 90],
					"cubes": [
						{
							"origin": [-0.82104, 16.58438, -0.18257],
							"size": [0.53559, 1.36902, 0.64152],
							"uv": {
								"north": {"uv": [17, 32], "uv_size": [0.5, 1]},
								"east": {"uv": [32, 17], "uv_size": [0.5, 1]},
								"south": {"uv": [18, 32], "uv_size": [0.5, 1]},
								"west": {"uv": [32, 18], "uv_size": [0.5, 1]},
								"up": {"uv": [39, 17], "uv_size": [0.5, 0.5]},
								"down": {"uv": [18, 39.5], "uv_size": [0.5, -0.5]}
							}
						},
						{
							"origin": [-0.70961, 16.58438, 0.51906],
							"size": [0.42422, 1.36902, 0.64152],
							"pivot": [-0.21287, 17.55938, 0.48895],
							"rotation": [0, -45, 0],
							"uv": {
								"north": {"uv": [19, 32], "uv_size": [0.5, 1]},
								"east": {"uv": [32, 19], "uv_size": [0.5, 1]},
								"south": {"uv": [20, 32], "uv_size": [0.5, 1]},
								"west": {"uv": [32, 20], "uv_size": [0.5, 1]},
								"up": {"uv": [39, 18], "uv_size": [0.5, 0.5]},
								"down": {"uv": [19, 39.5], "uv_size": [0.5, -0.5]}
							}
						},
						{
							"origin": [-1.55196, 16.58438, 0.13995],
							"size": [0.31884, 1.36902, 0.64152],
							"pivot": [-1.30801, 17.55938, 0.64016],
							"rotation": [0, 45, 0],
							"uv": {
								"north": {"uv": [21, 32], "uv_size": [0.5, 1]},
								"east": {"uv": [32, 21], "uv_size": [0.5, 1]},
								"south": {"uv": [22, 32], "uv_size": [0.5, 1]},
								"west": {"uv": [32, 22], "uv_size": [0.5, 1]},
								"up": {"uv": [39, 19], "uv_size": [0.5, 0.5]},
								"down": {"uv": [20, 39.5], "uv_size": [0.5, -0.5]}
							}
						},
						{
							"origin": [-1.72166, 16.58438, 0.8899],
							"size": [1.32759, 1.36902, 0.64152],
							"pivot": [-0.57791, 17.55938, 0.72874],
							"rotation": [0, -90, 0],
							"uv": {
								"north": {"uv": [29, 17], "uv_size": [1, 1]},
								"east": {"uv": [23, 32], "uv_size": [0.5, 1]},
								"south": {"uv": [18, 29], "uv_size": [1, 1]},
								"west": {"uv": [32, 23], "uv_size": [0.5, 1]},
								"up": {"uv": [24, 32], "uv_size": [1, 0.5]},
								"down": {"uv": [32, 24.5], "uv_size": [1, -0.5]}
							}
						},
						{
							"origin": [-1.83422, 16.58438, -0.18257],
							"size": [0.48046, 1.36902, 0.64152],
							"uv": {
								"north": {"uv": [25, 32], "uv_size": [0.5, 1]},
								"east": {"uv": [32, 25], "uv_size": [0.5, 1]},
								"south": {"uv": [26, 32], "uv_size": [0.5, 1]},
								"west": {"uv": [32, 26], "uv_size": [0.5, 1]},
								"up": {"uv": [39, 20], "uv_size": [0.5, 0.5]},
								"down": {"uv": [21, 39.5], "uv_size": [0.5, -0.5]}
							}
						},
						{
							"origin": [-1.44317, 16.58438, -0.42487],
							"size": [0.53559, 1.36902, 0.64152],
							"pivot": [-1.1568, 17.55938, -0.45498],
							"rotation": [0, -45, 0],
							"uv": {
								"north": {"uv": [27, 32], "uv_size": [0.5, 1]},
								"east": {"uv": [32, 27], "uv_size": [0.5, 1]},
								"south": {"uv": [28, 32], "uv_size": [0.5, 1]},
								"west": {"uv": [32, 28], "uv_size": [0.5, 1]},
								"up": {"uv": [39, 21], "uv_size": [0.5, 0.5]},
								"down": {"uv": [22, 39.5], "uv_size": [0.5, -0.5]}
							}
						},
						{
							"origin": [-0.83077, 16.58438, -0.80399],
							"size": [0.43659, 1.36902, 0.64152],
							"pivot": [-0.36407, 17.55938, -0.30377],
							"rotation": [0, 45, 0],
							"uv": {
								"north": {"uv": [29, 32], "uv_size": [0.5, 1]},
								"east": {"uv": [32, 29], "uv_size": [0.5, 1]},
								"south": {"uv": [30, 32], "uv_size": [0.5, 1]},
								"west": {"uv": [32, 30], "uv_size": [0.5, 1]},
								"up": {"uv": [39, 22], "uv_size": [0.5, 0.5]},
								"down": {"uv": [23, 39.5], "uv_size": [0.5, -0.5]}
							}
						},
						{
							"origin": [-0.60791, 16.58438, -0.44503],
							"size": [0.28884, 1.36902, 0.64152],
							"pivot": [-0.57791, 17.55938, -0.60619],
							"rotation": [0, -90, 0],
							"uv": {
								"north": {"uv": [31, 32], "uv_size": [0.5, 1]},
								"east": {"uv": [32, 31], "uv_size": [0.5, 1]},
								"south": {"uv": [32, 32], "uv_size": [0.5, 1]},
								"west": {"uv": [0, 33], "uv_size": [0.5, 1]},
								"up": {"uv": [39, 23], "uv_size": [0.5, 0.5]},
								"down": {"uv": [24, 39.5], "uv_size": [0.5, -0.5]}
							}
						}
					]
				},
				{
					"name": "bone4",
					"parent": "impact",
					"pivot": [-0.57791, 17.57813, -0.45619],
					"rotation": [0, 0, 90],
					"cubes": [
						{
							"origin": [-0.50367, 16.55813, -0.11729],
							"size": [0.0925, 1.42522, 0.51322],
							"uv": {
								"north": {"uv": [33, 0], "uv_size": [0.5, 1]},
								"east": {"uv": [1, 33], "uv_size": [0.5, 1]},
								"south": {"uv": [33, 1], "uv_size": [0.5, 1]},
								"west": {"uv": [2, 33], "uv_size": [0.5, 1]},
								"up": {"uv": [39, 24], "uv_size": [0.5, 0.5]},
								"down": {"uv": [25, 39.5], "uv_size": [0.5, -0.5]}
							}
						},
						{
							"origin": [-0.49256, 16.55813, 0.49704],
							"size": [0.09562, 1.42522, 0.51322],
							"pivot": [-0.28588, 17.57813, 0.41993],
							"rotation": [0, -45, 0],
							"uv": {
								"north": {"uv": [33, 2], "uv_size": [0.5, 1]},
								"east": {"uv": [3, 33], "uv_size": [0.5, 1]},
								"south": {"uv": [33, 3], "uv_size": [0.5, 1]},
								"west": {"uv": [4, 33], "uv_size": [0.5, 1]},
								"up": {"uv": [39, 25], "uv_size": [0.5, 0.5]},
								"down": {"uv": [26, 39.5], "uv_size": [0.5, -0.5]}
							}
						},
						{
							"origin": [-1.41018, 16.55813, 0.08769],
							"size": [0.12007, 1.42522, 0.51322],
							"pivot": [-1.16199, 17.57813, 0.54089],
							"rotation": [0, 45, 0],
							"uv": {
								"north": {"uv": [33, 4], "uv_size": [0.5, 1]},
								"east": {"uv": [5, 33], "uv_size": [0.5, 1]},
								"south": {"uv": [33, 5], "uv_size": [0.5, 1]},
								"west": {"uv": [6, 33], "uv_size": [0.5, 1]},
								"up": {"uv": [39, 26], "uv_size": [0.5, 0.5]},
								"down": {"uv": [27, 39.5], "uv_size": [0.5, -0.5]}
							}
						},
						{
							"origin": [-0.55084, 16.55813, 0.81568],
							"size": [0.12, 1.42522, 0.51322],
							"pivot": [-0.57791, 17.57813, 0.61175],
							"rotation": [0, -90, 0],
							"uv": {
								"north": {"uv": [33, 6], "uv_size": [0.5, 1]},
								"east": {"uv": [7, 33], "uv_size": [0.5, 1]},
								"south": {"uv": [33, 7], "uv_size": [0.5, 1]},
								"west": {"uv": [8, 33], "uv_size": [0.5, 1]},
								"up": {"uv": [39, 27], "uv_size": [0.5, 0.5]},
								"down": {"uv": [28, 39.5], "uv_size": [0.5, -0.5]}
							}
						},
						{
							"origin": [-1.65608, 16.55813, -0.11729],
							"size": [0.12, 1.42522, 0.51322],
							"uv": {
								"north": {"uv": [33, 8], "uv_size": [0.5, 1]},
								"east": {"uv": [9, 33], "uv_size": [0.5, 1]},
								"south": {"uv": [33, 9], "uv_size": [0.5, 1]},
								"west": {"uv": [10, 33], "uv_size": [0.5, 1]},
								"up": {"uv": [39, 28], "uv_size": [0.5, 0.5]},
								"down": {"uv": [29, 39.5], "uv_size": [0.5, -0.5]}
							}
						},
						{
							"origin": [-1.33343, 16.55813, -0.2581],
							"size": [0.12, 1.42522, 0.51322],
							"pivot": [-1.04102, 17.57813, -0.33522],
							"rotation": [0, -45, 0],
							"uv": {
								"north": {"uv": [33, 10], "uv_size": [0.5, 1]},
								"east": {"uv": [11, 33], "uv_size": [0.5, 1]},
								"south": {"uv": [33, 11], "uv_size": [0.5, 1]},
								"west": {"uv": [12, 33], "uv_size": [0.5, 1]},
								"up": {"uv": [39, 29], "uv_size": [0.5, 0.5]},
								"down": {"uv": [30, 39.5], "uv_size": [0.5, -0.5]}
							}
						},
						{
							"origin": [-0.60396, 16.55813, -0.66746],
							"size": [0.12, 1.42522, 0.51322],
							"pivot": [-0.40684, 17.57813, -0.21426],
							"rotation": [0, 45, 0],
							"uv": {
								"north": {"uv": [33, 12], "uv_size": [0.5, 1]},
								"east": {"uv": [13, 33], "uv_size": [0.5, 1]},
								"south": {"uv": [33, 13], "uv_size": [0.5, 1]},
								"west": {"uv": [14, 33], "uv_size": [0.5, 1]},
								"up": {"uv": [39, 30], "uv_size": [0.5, 0.5]},
								"down": {"uv": [31, 39.5], "uv_size": [0.5, -0.5]}
							}
						},
						{
							"origin": [-0.60334, 16.55813, -0.25226],
							"size": [0.12, 1.42522, 0.51322],
							"pivot": [-0.57791, 17.57813, -0.45619],
							"rotation": [0, -90, 0],
							"uv": {
								"north": {"uv": [33, 14], "uv_size": [0.5, 1]},
								"east": {"uv": [15, 33], "uv_size": [0.5, 1]},
								"south": {"uv": [33, 15], "uv_size": [0.5, 1]},
								"west": {"uv": [16, 33], "uv_size": [0.5, 1]},
								"up": {"uv": [39, 31], "uv_size": [0.5, 0.5]},
								"down": {"uv": [32, 39.5], "uv_size": [0.5, -0.5]}
							}
						}
					]
				},
				{
					"name": "bone3",
					"parent": "impact",
					"pivot": [-0.57791, 14.97188, -0.43744],
					"rotation": [0, 0, 90],
					"cubes": [
						{
							"origin": [-0.51617, 13.95188, -0.09854],
							"size": [0.105, 1.42522, 0.51322],
							"uv": {
								"north": {"uv": [33, 16], "uv_size": [0.5, 1]},
								"east": {"uv": [17, 33], "uv_size": [0.5, 1]},
								"south": {"uv": [33, 17], "uv_size": [0.5, 1]},
								"west": {"uv": [18, 33], "uv_size": [0.5, 1]},
								"up": {"uv": [39, 32], "uv_size": [0.5, 0.5]},
								"down": {"uv": [33, 39.5], "uv_size": [0.5, -0.5]}
							}
						},
						{
							"origin": [-0.49256, 13.95188, 0.51579],
							"size": [0.09562, 1.42522, 0.51322],
							"pivot": [-0.28588, 14.97188, 0.43868],
							"rotation": [0, -45, 0],
							"uv": {
								"north": {"uv": [33, 18], "uv_size": [0.5, 1]},
								"east": {"uv": [19, 33], "uv_size": [0.5, 1]},
								"south": {"uv": [33, 19], "uv_size": [0.5, 1]},
								"west": {"uv": [20, 33], "uv_size": [0.5, 1]},
								"up": {"uv": [39, 33], "uv_size": [0.5, 0.5]},
								"down": {"uv": [34, 39.5], "uv_size": [0.5, -0.5]}
							}
						},
						{
							"origin": [-1.41018, 13.95188, 0.10644],
							"size": [0.12007, 1.42522, 0.51322],
							"pivot": [-1.16199, 14.97188, 0.55964],
							"rotation": [0, 45, 0],
							"uv": {
								"north": {"uv": [33, 20], "uv_size": [0.5, 1]},
								"east": {"uv": [21, 33], "uv_size": [0.5, 1]},
								"south": {"uv": [33, 21], "uv_size": [0.5, 1]},
								"west": {"uv": [22, 33], "uv_size": [0.5, 1]},
								"up": {"uv": [39, 34], "uv_size": [0.5, 0.5]},
								"down": {"uv": [35, 39.5], "uv_size": [0.5, -0.5]}
							}
						},
						{
							"origin": [-0.55084, 13.95188, 0.83443],
							"size": [0.12, 1.42522, 0.51322],
							"pivot": [-0.57791, 14.97188, 0.6305],
							"rotation": [0, -90, 0],
							"uv": {
								"north": {"uv": [33, 22], "uv_size": [0.5, 1]},
								"east": {"uv": [23, 33], "uv_size": [0.5, 1]},
								"south": {"uv": [33, 23], "uv_size": [0.5, 1]},
								"west": {"uv": [24, 33], "uv_size": [0.5, 1]},
								"up": {"uv": [39, 35], "uv_size": [0.5, 0.5]},
								"down": {"uv": [36, 39.5], "uv_size": [0.5, -0.5]}
							}
						},
						{
							"origin": [-1.65608, 13.95188, -0.09854],
							"size": [0.12, 1.42522, 0.51322],
							"uv": {
								"north": {"uv": [33, 24], "uv_size": [0.5, 1]},
								"east": {"uv": [25, 33], "uv_size": [0.5, 1]},
								"south": {"uv": [33, 25], "uv_size": [0.5, 1]},
								"west": {"uv": [26, 33], "uv_size": [0.5, 1]},
								"up": {"uv": [39, 36], "uv_size": [0.5, 0.5]},
								"down": {"uv": [37, 39.5], "uv_size": [0.5, -0.5]}
							}
						},
						{
							"origin": [-1.33343, 13.95188, -0.23935],
							"size": [0.12, 1.42522, 0.51322],
							"pivot": [-1.04102, 14.97188, -0.31647],
							"rotation": [0, -45, 0],
							"uv": {
								"north": {"uv": [33, 26], "uv_size": [0.5, 1]},
								"east": {"uv": [27, 33], "uv_size": [0.5, 1]},
								"south": {"uv": [33, 27], "uv_size": [0.5, 1]},
								"west": {"uv": [28, 33], "uv_size": [0.5, 1]},
								"up": {"uv": [39, 37], "uv_size": [0.5, 0.5]},
								"down": {"uv": [38, 39.5], "uv_size": [0.5, -0.5]}
							}
						},
						{
							"origin": [-0.60396, 13.95188, -0.64871],
							"size": [0.12, 1.42522, 0.51322],
							"pivot": [-0.40684, 14.97188, -0.19551],
							"rotation": [0, 45, 0],
							"uv": {
								"north": {"uv": [33, 28], "uv_size": [0.5, 1]},
								"east": {"uv": [29, 33], "uv_size": [0.5, 1]},
								"south": {"uv": [33, 29], "uv_size": [0.5, 1]},
								"west": {"uv": [30, 33], "uv_size": [0.5, 1]},
								"up": {"uv": [39, 38], "uv_size": [0.5, 0.5]},
								"down": {"uv": [39, 39.5], "uv_size": [0.5, -0.5]}
							}
						},
						{
							"origin": [-0.60334, 13.95188, -0.23351],
							"size": [0.12, 1.42522, 0.51322],
							"pivot": [-0.57791, 14.97188, -0.43744],
							"rotation": [0, -90, 0],
							"uv": {
								"north": {"uv": [33, 30], "uv_size": [0.5, 1]},
								"east": {"uv": [31, 33], "uv_size": [0.5, 1]},
								"south": {"uv": [33, 31], "uv_size": [0.5, 1]},
								"west": {"uv": [32, 33], "uv_size": [0.5, 1]},
								"up": {"uv": [0, 40], "uv_size": [0.5, 0.5]},
								"down": {"uv": [40, 0.5], "uv_size": [0.5, -0.5]}
							}
						}
					]
				},
				{
					"name": "fg_illuminated",
					"parent": "impact",
					"pivot": [-1.84309, -0.285, 0.05625],
					"cubes": [
						{
							"origin": [-0.615, -0.285, -0.20295],
							"size": [0.6492, 0.4776, 0.7776],
							"uv": {
								"north": {"uv": [35, 10], "uv_size": [0.5, 0.5]},
								"east": {"uv": [11, 35], "uv_size": [0.5, 0.5]},
								"south": {"uv": [35, 11], "uv_size": [0.5, 0.5]},
								"west": {"uv": [12, 35], "uv_size": [0.5, 0.5]},
								"up": {"uv": [35, 12], "uv_size": [0.5, 0.5]},
								"down": {"uv": [13, 35.5], "uv_size": [0.5, -0.5]}
							}
						},
						{
							"origin": [-0.58736, -0.285, 0.31545],
							"size": [0.5142, 0.4776, 0.7776],
							"pivot": [-0.33236, -0.285, 0.57465],
							"rotation": [0, -45, 0],
							"uv": {
								"north": {"uv": [35, 13], "uv_size": [0.5, 0.5]},
								"east": {"uv": [14, 35], "uv_size": [0.5, 0.5]},
								"south": {"uv": [35, 14], "uv_size": [0.5, 0.5]},
								"west": {"uv": [15, 35], "uv_size": [0.5, 0.5]},
								"up": {"uv": [35, 15], "uv_size": [0.5, 0.5]},
								"down": {"uv": [16, 35.5], "uv_size": [0.5, -0.5]}
							}
						},
						{
							"origin": [-0.78565, -0.285, -0.64543],
							"size": [0.5292, 0.4776, 0.7776],
							"pivot": [-0.51565, -0.285, -0.38623],
							"rotation": [0, 45, 0],
							"uv": {
								"north": {"uv": [35, 16], "uv_size": [0.5, 0.5]},
								"east": {"uv": [17, 35], "uv_size": [0.5, 0.5]},
								"south": {"uv": [35, 17], "uv_size": [0.5, 0.5]},
								"west": {"uv": [18, 35], "uv_size": [0.5, 0.5]},
								"up": {"uv": [35, 18], "uv_size": [0.5, 0.5]},
								"down": {"uv": [19, 35.5], "uv_size": [0.5, -0.5]}
							}
						},
						{
							"origin": [-0.77485, -0.285, -1.012],
							"size": [0.2592, 0.4776, 0.7776],
							"pivot": [-0.77485, -0.285, -0.7528],
							"rotation": [0, -90, 0],
							"uv": {
								"north": {"uv": [35, 19], "uv_size": [0.5, 0.5]},
								"east": {"uv": [20, 35], "uv_size": [0.5, 0.5]},
								"south": {"uv": [35, 20], "uv_size": [0.5, 0.5]},
								"west": {"uv": [21, 35], "uv_size": [0.5, 0.5]},
								"up": {"uv": [35, 21], "uv_size": [0.5, 0.5]},
								"down": {"uv": [22, 35.5], "uv_size": [0.5, -0.5]}
							}
						},
						{
							"origin": [-2.12485, -0.285, 0.6061],
							"size": [1.6092, 0.4776, 0.7776],
							"pivot": [-0.77485, -0.285, 0.8653],
							"rotation": [0, -90, 0],
							"uv": {
								"north": {"uv": [31, 15], "uv_size": [1, 0.5]},
								"east": {"uv": [35, 22], "uv_size": [0.5, 0.5]},
								"south": {"uv": [16, 31], "uv_size": [1, 0.5]},
								"west": {"uv": [23, 35], "uv_size": [0.5, 0.5]},
								"up": {"uv": [31, 16], "uv_size": [1, 0.5]},
								"down": {"uv": [31, 17.5], "uv_size": [1, -0.5]}
							}
						},
						{
							"origin": [-1.65981, -0.285, 0.49873],
							"size": [0.4092, 0.4776, 0.7776],
							"pivot": [-1.65981, -0.285, 0.75793],
							"rotation": [0, 45, 0],
							"uv": {
								"north": {"uv": [35, 23], "uv_size": [0.5, 0.5]},
								"east": {"uv": [24, 35], "uv_size": [0.5, 0.5]},
								"south": {"uv": [35, 24], "uv_size": [0.5, 0.5]},
								"west": {"uv": [25, 35], "uv_size": [0.5, 0.5]},
								"up": {"uv": [35, 25], "uv_size": [0.5, 0.5]},
								"down": {"uv": [26, 35.5], "uv_size": [0.5, -0.5]}
							}
						},
						{
							"origin": [-1.47653, -0.285, -0.82871],
							"size": [0.6492, 0.4776, 0.7776],
							"pivot": [-1.47653, -0.285, -0.56951],
							"rotation": [0, -45, 0],
							"uv": {
								"north": {"uv": [35, 26], "uv_size": [0.5, 0.5]},
								"east": {"uv": [27, 35], "uv_size": [0.5, 0.5]},
								"south": {"uv": [35, 27], "uv_size": [0.5, 0.5]},
								"west": {"uv": [28, 35], "uv_size": [0.5, 0.5]},
								"up": {"uv": [35, 28], "uv_size": [0.5, 0.5]},
								"down": {"uv": [29, 35.5], "uv_size": [0.5, -0.5]}
							}
						},
						{
							"origin": [-1.84309, -0.285, -0.20295],
							"size": [0.5142, 0.4776, 0.7776],
							"uv": {
								"north": {"uv": [35, 29], "uv_size": [0.5, 0.5]},
								"east": {"uv": [30, 35], "uv_size": [0.5, 0.5]},
								"south": {"uv": [35, 30], "uv_size": [0.5, 0.5]},
								"west": {"uv": [31, 35], "uv_size": [0.5, 0.5]},
								"up": {"uv": [35, 31], "uv_size": [0.5, 0.5]},
								"down": {"uv": [32, 35.5], "uv_size": [0.5, -0.5]}
							}
						},
						{
							"origin": [-0.615, 7.38375, -0.20295],
							"size": [0.6492, 0.4776, 0.7776],
							"uv": {
								"north": {"uv": [37, 30], "uv_size": [0.5, 0.5]},
								"east": {"uv": [31, 37], "uv_size": [0.5, 0.5]},
								"south": {"uv": [37, 31], "uv_size": [0.5, 0.5]},
								"west": {"uv": [32, 37], "uv_size": [0.5, 0.5]},
								"up": {"uv": [37, 32], "uv_size": [0.5, 0.5]},
								"down": {"uv": [33, 37.5], "uv_size": [0.5, -0.5]}
							}
						},
						{
							"origin": [-0.58736, 7.38375, 0.31545],
							"size": [0.5142, 0.4776, 0.7776],
							"pivot": [-0.33236, 7.38375, 0.57465],
							"rotation": [0, -45, 0],
							"uv": {
								"north": {"uv": [37, 27], "uv_size": [0.5, 0.5]},
								"east": {"uv": [28, 37], "uv_size": [0.5, 0.5]},
								"south": {"uv": [37, 28], "uv_size": [0.5, 0.5]},
								"west": {"uv": [29, 37], "uv_size": [0.5, 0.5]},
								"up": {"uv": [37, 29], "uv_size": [0.5, 0.5]},
								"down": {"uv": [30, 37.5], "uv_size": [0.5, -0.5]}
							}
						},
						{
							"origin": [-0.78565, 7.38375, -0.64543],
							"size": [0.5292, 0.4776, 0.7776],
							"pivot": [-0.51565, 7.38375, -0.38623],
							"rotation": [0, 45, 0],
							"uv": {
								"north": {"uv": [37, 24], "uv_size": [0.5, 0.5]},
								"east": {"uv": [25, 37], "uv_size": [0.5, 0.5]},
								"south": {"uv": [37, 25], "uv_size": [0.5, 0.5]},
								"west": {"uv": [26, 37], "uv_size": [0.5, 0.5]},
								"up": {"uv": [37, 26], "uv_size": [0.5, 0.5]},
								"down": {"uv": [27, 37.5], "uv_size": [0.5, -0.5]}
							}
						},
						{
							"origin": [-0.77485, 7.38375, -1.012],
							"size": [0.2592, 0.4776, 0.7776],
							"pivot": [-0.77485, 7.38375, -0.7528],
							"rotation": [0, -90, 0],
							"uv": {
								"north": {"uv": [37, 21], "uv_size": [0.5, 0.5]},
								"east": {"uv": [22, 37], "uv_size": [0.5, 0.5]},
								"south": {"uv": [37, 22], "uv_size": [0.5, 0.5]},
								"west": {"uv": [23, 37], "uv_size": [0.5, 0.5]},
								"up": {"uv": [37, 23], "uv_size": [0.5, 0.5]},
								"down": {"uv": [24, 37.5], "uv_size": [0.5, -0.5]}
							}
						},
						{
							"origin": [-2.12485, 7.38375, 0.6061],
							"size": [1.6092, 0.4776, 0.7776],
							"pivot": [-0.77485, 7.38375, 0.8653],
							"rotation": [0, -90, 0],
							"uv": {
								"north": {"uv": [31, 19], "uv_size": [1, 0.5]},
								"east": {"uv": [37, 20], "uv_size": [0.5, 0.5]},
								"south": {"uv": [20, 31], "uv_size": [1, 0.5]},
								"west": {"uv": [21, 37], "uv_size": [0.5, 0.5]},
								"up": {"uv": [31, 20], "uv_size": [1, 0.5]},
								"down": {"uv": [21, 31.5], "uv_size": [1, -0.5]}
							}
						},
						{
							"origin": [-1.65981, 7.38375, 0.49873],
							"size": [0.4092, 0.4776, 0.7776],
							"pivot": [-1.65981, 7.38375, 0.75793],
							"rotation": [0, 45, 0],
							"uv": {
								"north": {"uv": [37, 17], "uv_size": [0.5, 0.5]},
								"east": {"uv": [18, 37], "uv_size": [0.5, 0.5]},
								"south": {"uv": [37, 18], "uv_size": [0.5, 0.5]},
								"west": {"uv": [19, 37], "uv_size": [0.5, 0.5]},
								"up": {"uv": [37, 19], "uv_size": [0.5, 0.5]},
								"down": {"uv": [20, 37.5], "uv_size": [0.5, -0.5]}
							}
						},
						{
							"origin": [-1.47653, 7.38375, -0.82871],
							"size": [0.6492, 0.4776, 0.7776],
							"pivot": [-1.47653, 7.38375, -0.56951],
							"rotation": [0, -45, 0],
							"uv": {
								"north": {"uv": [37, 14], "uv_size": [0.5, 0.5]},
								"east": {"uv": [15, 37], "uv_size": [0.5, 0.5]},
								"south": {"uv": [37, 15], "uv_size": [0.5, 0.5]},
								"west": {"uv": [16, 37], "uv_size": [0.5, 0.5]},
								"up": {"uv": [37, 16], "uv_size": [0.5, 0.5]},
								"down": {"uv": [17, 37.5], "uv_size": [0.5, -0.5]}
							}
						},
						{
							"origin": [-1.84309, 7.38375, -0.20295],
							"size": [0.5142, 0.4776, 0.7776],
							"uv": {
								"north": {"uv": [37, 11], "uv_size": [0.5, 0.5]},
								"east": {"uv": [12, 37], "uv_size": [0.5, 0.5]},
								"south": {"uv": [37, 12], "uv_size": [0.5, 0.5]},
								"west": {"uv": [13, 37], "uv_size": [0.5, 0.5]},
								"up": {"uv": [37, 13], "uv_size": [0.5, 0.5]},
								"down": {"uv": [14, 37.5], "uv_size": [0.5, -0.5]}
							}
						},
						{
							"origin": [-2.30276, 13.19153, 0.78104],
							"size": [1.29375, 6.87545, 0.9817],
							"pivot": [-0.70916, 13.19153, 1.09369],
							"rotation": [0, -90, 0],
							"uv": {
								"north": {"uv": [18, 16], "uv_size": [1, 4.5]},
								"east": {"uv": [5, 24], "uv_size": [0.5, 4.5]},
								"south": {"uv": [19, 16], "uv_size": [1, 4.5]},
								"west": {"uv": [24, 5], "uv_size": [0.5, 4.5]},
								"up": {"uv": [31, 22], "uv_size": [1, 0.5]},
								"down": {"uv": [23, 31.5], "uv_size": [1, -0.5]}
							}
						}
					]
				},
				{
					"name": "camera",
					"pivot": [4, 12, 9]
				},
				{
					"name": "positoning",
					"pivot": [0, 0, 0]
				},
				{
					"name": "thirdperson_hand",
					"parent": "positoning",
					"pivot": [-0.625, 4, 0]
				},
				{
					"name": "fixed",
					"parent": "positoning",
					"pivot": [0.3375, 9, 0],
					"rotation": [-90, 0, -90]
				},
				{
					"name": "refit_view",
					"parent": "positoning",
					"pivot": [21.3375, 11, 0],
					"rotation": [0, 90, 0]
				},
				{
					"name": "ground",
					"parent": "positoning",
					"pivot": [0.3375, 9, 0],
					"rotation": [-90, 0, -90]
				},
				{
					"name": "idle_view",
					"parent": "positoning",
					"pivot": [4, 12, 9]
				},
				{
					"name": "iron_view",
					"parent": "positoning",
					"pivot": [4, 12, 7]
				}
			]
		}
	]
}